city,scenario_raw,time_slice,severity,weather_year,weather,occupied_records,mean_zone_high_tail_pct,any_zone_high_tail_pct,hidden_any_zone_high_tail_pct,area_weighted_zone_time_high_tail_pct,area_weighted_mean_p_tail,mean_zone_mean_p_tail,any_zone_mean_p_tail_max,zone_time_high_tail_pct_unweighted
Ahmedabad,ssp245,baseline_2020s,typical,2025,ahmedabad_ssp245_baseline_2020s_typical_2025,16704,10.219109195402298,48.25191570881226,38.03280651340996,10.795057033863433,0.10456559454199474,0.11374531147023607,0.22846614279089672,13.687739463601535
Ahmedabad,ssp245,baseline_2020s,hot,2029,ahmedabad_ssp245_baseline_2020s_hot_2029,16704,18.80387931034483,58.776340996168585,39.97246168582376,18.294520325652847,0.1259677910135544,0.13506373814444114,0.2611850194529353,21.29390166028097
Ahmedabad,ssp245,baseline_2020s,heatwave_extreme,2029,ahmedabad_ssp245_baseline_2020s_heatwave_extreme_2029,16704,18.80387931034483,58.776340996168585,39.97246168582376,18.294520325652847,0.1259677910135544,0.13506373814444114,0.2611850194529353,21.29390166028097
Ahmedabad,ssp245,near_2030s,typical,2032,ahmedabad_ssp245_near_2030s_typical_2032,16704,8.477011494252872,45.935105363984675,37.4580938697318,9.693971004699584,0.10256177195066354,0.109795452487168,0.21293422112960197,12.182311621966795
Ahmedabad,ssp245,near_2030s,hot,2034,ahmedabad_ssp245_near_2030s_hot_2034,16704,12.990900383141762,50.13170498084292,37.14080459770115,13.677770553962251,0.11095808988015862,0.11906631104126718,0.23337428971292087,15.975415070242658
Ahmedabad,ssp245,near_2030s,heatwave_extreme,2034,ahmedabad_ssp245_near_2030s_heatwave_extreme_2034,16704,12.990900383141762,50.13170498084292,37.14080459770115,13.677770553962251,0.11095808988015862,0.11906631104126718,0.23337428971292087,15.975415070242658
Ahmedabad,ssp245,mid_2050s,typical,2058,ahmedabad_ssp245_mid_2050s_typical_2058,16704,9.099616858237548,46.56369731800766,37.464080459770116,10.657969530379086,0.10453697692574669,0.11302657378538512,0.22364117044897056,13.193646232439335
Ahmedabad,ssp245,mid_2050s,hot,2059,ahmedabad_ssp245_mid_2050s_hot_2059,16704,20.480124521072796,57.04022988505747,36.560105363984675,21.278979921884048,0.13097791002918355,0.13964299071865346,0.25860250560761433,23.720466155810985
Ahmedabad,ssp245,mid_2050s,heatwave_extreme,2059,ahmedabad_ssp245_mid_2050s_heatwave_extreme_2059,16704,20.480124521072796,57.04022988505747,36.560105363984675,21.278979921884048,0.13097791002918355,0.13964299071865346,0.25860250560761433,23.720466155810985
Ahmedabad,ssp245,late_2080s,typical,2086,ahmedabad_ssp245_late_2080s_typical_2086,16704,14.75095785440613,51.16738505747126,36.41642720306513,15.63517550520702,0.11727750878064949,0.12640237323696626,0.24179313227636917,18.22597381864623
Ahmedabad,ssp245,late_2080s,hot,2081,ahmedabad_ssp245_late_2080s_hot_2081,16704,20.402298850574713,62.565852490421456,42.16355363984675,20.89517415632183,0.13089523529175096,0.14090964774487727,0.27255889632363073,24.0110153256705
Ahmedabad,ssp245,late_2080s,heatwave_extreme,2081,ahmedabad_ssp245_late_2080s_heatwave_extreme_2081,16704,20.402298850574713,62.565852490421456,42.16355363984675,20.89517415632183,0.13089523529175096,0.14090964774487727,0.27255889632363073,24.0110153256705
Ahmedabad,ssp585,baseline_2020s,typical,2025,ahmedabad_ssp585_baseline_2020s_typical_2025,16704,13.990660919540229,48.257902298850574,34.26724137931034,14.744686822065562,0.11403316853277694,0.12164078006596803,0.23017037146270342,16.99473180076628
Ahmedabad,ssp585,baseline_2020s,hot,2027,ahmedabad_ssp585_baseline_2020s_hot_2027,16704,24.060105363984675,61.15301724137932,37.092911877394634,23.623756633388666,0.13962995165784256,0.14811917097575975,0.26935700147802855,26.507822477650063
Ahmedabad,ssp585,baseline_2020s,heatwave_extreme,2027,ahmedabad_ssp585_baseline_2020s_heatwave_extreme_2027,16704,24.060105363984675,61.15301724137932,37.092911877394634,23.623756633388666,0.13962995165784256,0.14811917097575975,0.26935700147802855,26.507822477650063
Ahmedabad,ssp585,near_2030s,typical,2031,ahmedabad_ssp585_near_2030s_typical_2031,16704,14.499521072796934,45.53999042145594,31.040469348659006,14.836806246955101,0.11435470768806096,0.12131784259927529,0.21839322471357023,16.958812260536398
Ahmedabad,ssp585,near_2030s,hot,2037,ahmedabad_ssp585_near_2030s_hot_2037,16704,11.907327586206897,50.19755747126437,38.29022988505747,12.777679071300247,0.11134250074990916,0.1199428821858967,0.23530857904191585,15.319284802043423
Ahmedabad,ssp585,near_2030s,heatwave_extreme,2037,ahmedabad_ssp585_near_2030s_heatwave_extreme_2037,16704,11.907327586206897,50.19755747126437,38.29022988505747,12.777679071300247,0.11134250074990916,0.1199428821858967,0.23530857904191585,15.319284802043423
Ahmedabad,ssp585,mid_2050s,typical,2055,ahmedabad_ssp585_mid_2050s_typical_2055,16704,7.95617816091954,43.6661877394636,35.71000957854406,9.976024517915189,0.10047029565588268,0.10831349969821462,0.2165754440562287,12.185105363984675
Ahmedabad,ssp585,mid_2050s,hot,2050,ahmedabad_ssp585_mid_2050s_hot_2050,16704,17.64248084291188,56.14822796934866,38.50574712643678,18.604600093194794,0.12486354190747527,0.13366461922035347,0.25439921827085793,21.13026819923372
Ahmedabad,ssp585,mid_2050s,heatwave_extreme,2051,ahmedabad_ssp585_mid_2050s_heatwave_extreme_2051,16704,18.13936781609195,57.543103448275865,39.4037356321839,18.20845876960092,0.12527369067923488,0.1352635843534086,0.2602836772538695,21.358556832694763
Ahmedabad,ssp585,late_2080s,typical,2087,ahmedabad_ssp585_late_2080s_typical_2087,16704,18.36685823754789,55.24425287356321,36.877394636015325,18.40897635375291,0.12638004815292514,0.1359633749340694,0.26472347194248397,20.95226692209451
Ahmedabad,ssp585,late_2080s,hot,2088,ahmedabad_ssp585_late_2080s_hot_2088,16704,30.070641762452105,64.70306513409962,34.632423371647505,30.564107545521583,0.15957244716323882,0.16769929980347942,0.29786459292640227,32.67161558109834
Ahmedabad,ssp585,late_2080s,heatwave_extreme,2088,ahmedabad_ssp585_late_2080s_heatwave_extreme_2088,16704,30.070641762452105,64.70306513409962,34.632423371647505,30.564107545521583,0.15957244716323882,0.16769929980347942,0.29786459292640227,32.67161558109834
Beijing,ssp245,baseline_2020s,typical,2026,beijing_ssp245_baseline_2020s_typical_2026,16704,0.44300766283524906,6.98036398467433,6.53735632183908,0.9566254836893766,0.08367906235366959,0.08064578766594828,0.1248755285335503,1.1450351213282246
Beijing,ssp245,baseline_2020s,hot,2025,beijing_ssp245_baseline_2020s_hot_2025,16704,3.5380747126436782,12.158764367816092,8.620689655172415,3.795462252635843,0.09214286811492127,0.0895118129686419,0.1376616861405934,4.039351851851851
Beijing,ssp245,baseline_2020s,heatwave_extreme,2025,beijing_ssp245_baseline_2020s_heatwave_extreme_2025,16704,3.5380747126436782,12.158764367816092,8.620689655172415,3.795462252635843,0.09214286811492127,0.0895118129686419,0.1376616861405934,4.039351851851851
Beijing,ssp245,near_2030s,typical,2035,beijing_ssp245_near_2030s_typical_2035,16704,1.628352490421456,13.493773946360152,11.865421455938698,2.485004123000303,0.08878188161362308,0.0862141766429484,0.13778700745038133,2.548690932311622
Beijing,ssp245,near_2030s,hot,2034,beijing_ssp245_near_2030s_hot_2034,16704,1.5385536398467432,10.482519157088124,8.943965517241379,2.1888874901325726,0.08811071379093062,0.08507214126610697,0.13284339315394517,2.3020434227330777
Beijing,ssp245,near_2030s,heatwave_extreme,2039,beijing_ssp245_near_2030s_heatwave_extreme_2039,16704,0.19157088122605362,7.914272030651341,7.722701149425287,0.9063034684719384,0.08316115232560177,0.0808726863829322,0.12456579816311046,1.0556353767560664
Beijing,ssp245,mid_2050s,typical,2056,beijing_ssp245_mid_2050s_typical_2056,16704,3.3045977011494254,13.104645593869732,9.800047892720306,3.7566886285346865,0.09142867308884974,0.0890978594626758,0.1394535560809626,3.9926564495530013
Beijing,ssp245,mid_2050s,hot,2050,beijing_ssp245_mid_2050s_hot_2050,16704,7.770593869731801,17.43295019157088,9.66235632183908,7.6743994051255,0.10223939360916999,0.10090207338937462,0.15218852264516922,8.086286717752236
Beijing,ssp245,mid_2050s,heatwave_extreme,2050,beijing_ssp245_mid_2050s_heatwave_extreme_2050,16704,7.770593869731801,17.43295019157088,9.66235632183908,7.6743994051255,0.10223939360916999,0.10090207338937462,0.15218852264516922,8.086286717752236
Beijing,ssp245,late_2080s,typical,2083,beijing_ssp245_late_2080s_typical_2083,16704,10.739942528735632,21.04286398467433,10.302921455938698,10.279431618951609,0.10742615159575666,0.10566030971110739,0.16093958005967302,10.633780332056194
Beijing,ssp245,late_2080s,hot,2084,beijing_ssp245_late_2080s_hot_2084,16704,10.075431034482758,18.40277777777778,8.327346743295019,10.326134709075104,0.10971176593876777,0.10729017202675344,0.16074787733729576,10.497685185185185
Beijing,ssp245,late_2080s,heatwave_extreme,2084,beijing_ssp245_late_2080s_heatwave_extreme_2084,16704,10.075431034482758,18.40277777777778,8.327346743295019,10.326134709075104,0.10971176593876777,0.10729017202675344,0.16074787733729576,10.497685185185185
Beijing,ssp585,baseline_2020s,typical,2026,beijing_ssp585_baseline_2020s_typical_2026,16704,0.05387931034482758,7.327586206896551,7.273706896551724,0.9830290999413472,0.08293364147554051,0.0799822215916522,0.12539128179222736,0.8971902937420179
Beijing,ssp585,baseline_2020s,hot,2029,beijing_ssp585_baseline_2020s_hot_2029,16704,2.921455938697318,13.721264367816092,10.799808429118773,3.43141591469504,0.09172573014287447,0.08896337116186696,0.1402668359082319,3.673770753512133
Beijing,ssp585,baseline_2020s,heatwave_extreme,2029,beijing_ssp585_baseline_2020s_heatwave_extreme_2029,16704,2.921455938697318,13.721264367816092,10.799808429118773,3.43141591469504,0.09172573014287447,0.08896337116186696,0.1402668359082319,3.673770753512133
Beijing,ssp585,near_2030s,typical,2032,beijing_ssp585_near_2030s_typical_2032,16704,2.0534003831417627,12.937021072796934,10.883620689655173,2.966943263879117,0.08940771388069148,0.08648559814886642,0.1363733411196243,3.0280172413793105
Beijing,ssp585,near_2030s,hot,2037,beijing_ssp585_near_2030s_hot_2037,16704,3.5859674329501914,16.493055555555554,12.907088122605364,4.222114435027529,0.0938139827724274,0.09214890078808503,0.14750232555132564,4.451229246487867
Beijing,ssp585,near_2030s,heatwave_extreme,2030,beijing_ssp585_near_2030s_heatwave_extreme_2030,16704,3.5859674329501914,17.385057471264368,13.799090038314176,4.399953260909997,0.09485343492391489,0.09276638127260826,0.1510976421286622,4.729805236270754
Beijing,ssp585,mid_2050s,typical,2053,beijing_ssp585_mid_2050s_typical_2053,16704,1.8498563218390804,11.530172413793103,9.680316091954024,2.598844079738465,0.08889858566849423,0.08600481911900322,0.13246179596872615,2.6169380587484037
Beijing,ssp585,mid_2050s,hot,2052,beijing_ssp585_mid_2050s_hot_2052,16704,9.464798850574713,20.791427203065137,11.326628352490422,9.600698213857685,0.1076583384425934,0.10623960084836623,0.1630546651208527,9.996408045977013
Beijing,ssp585,mid_2050s,heatwave_extreme,2052,beijing_ssp585_mid_2050s_heatwave_extreme_2052,16704,9.464798850574713,20.791427203065137,11.326628352490422,9.600698213857685,0.1076583384425934,0.10623960084836623,0.1630546651208527,9.996408045977013
Beijing,ssp585,late_2080s,typical,2084,beijing_ssp585_late_2080s_typical_2084,16704,10.344827586206897,20.348419540229884,10.003591954022989,10.465315396449817,0.10925565138524362,0.1079934767431977,0.1607940675318856,10.760696040868455
Beijing,ssp585,late_2080s,hot,2089,beijing_ssp585_late_2080s_hot_2089,16704,12.27250957854406,24.568965517241377,12.296455938697317,12.331852050778823,0.11386356444435815,0.11249406651730191,0.1711098183695433,12.670418263090678
Beijing,ssp585,late_2080s,heatwave_extreme,2089,beijing_ssp585_late_2080s_heatwave_extreme_2089,16704,12.27250957854406,24.568965517241377,12.296455938697317,12.331852050778823,0.11386356444435815,0.11249406651730191,0.1711098183695433,12.670418263090678
Guangzhou,ssp245,baseline_2020s,typical,2025,guangzhou_ssp245_baseline_2020s_typical_2025,16704,7.764607279693486,23.503352490421456,15.73874521072797,7.0872269461561554,0.09101166690755771,0.09380468543740982,0.1433948837752795,8.24433269476373
Guangzhou,ssp245,baseline_2020s,hot,2027,guangzhou_ssp245_baseline_2020s_hot_2027,16704,4.2923850574712645,20.031130268199234,15.73874521072797,4.061904314951467,0.08224414135528604,0.0847343592638457,0.13418083153067714,4.8603128991060025
Guangzhou,ssp245,baseline_2020s,heatwave_extreme,2028,guangzhou_ssp245_baseline_2020s_heatwave_extreme_2028,16704,6.357758620689655,22.12045019157088,15.762691570881227,5.813737844547104,0.08773654004133064,0.09036720894934,0.14120317674265354,6.819125159642401
Guangzhou,ssp245,near_2030s,typical,2031,guangzhou_ssp245_near_2030s_typical_2031,16704,5.92073754789272,22.192289272030653,16.271551724137932,5.64958915025051,0.0871267753547942,0.08940962482374495,0.140243736651252,6.518997445721583
Guangzhou,ssp245,near_2030s,hot,2038,guangzhou_ssp245_near_2030s_hot_2038,16704,9.812021072796934,29.154693486590038,19.342672413793103,9.613799490278623,0.09832084427019307,0.10142612830480008,0.15806050100133015,10.94308748403576
Guangzhou,ssp245,near_2030s,heatwave_extreme,2034,guangzhou_ssp245_near_2030s_heatwave_extreme_2034,16704,5.938697318007663,21.485871647509576,15.547174329501914,5.941226838216116,0.08790690838762394,0.09021198321565294,0.13858988965356353,6.842273307790549
Guangzhou,ssp245,mid_2050s,typical,2054,guangzhou_ssp245_mid_2050s_typical_2054,16704,9.536637931034484,31.495450191570885,21.958812260536398,8.71804564458217,0.09738284582931073,0.10119243524116467,0.16561975098244558,10.253432311621967
Guangzhou,ssp245,mid_2050s,hot,2051,guangzhou_ssp245_mid_2050s_hot_2051,16704,11.835488505747128,30.531609195402297,18.69612068965517,10.762867590583712,0.1025521014748752,0.1057996459233252,0.16482696635769312,12.243773946360154
Guangzhou,ssp245,mid_2050s,heatwave_extreme,2055,guangzhou_ssp245_mid_2050s_heatwave_extreme_2055,16704,11.949233716475096,31.87859195402299,19.92935823754789,11.323826345880809,0.10252159928268306,0.10658370264337896,0.17029513334139662,12.780172413793103
Guangzhou,ssp245,late_2080s,typical,2084,guangzhou_ssp245_late_2080s_typical_2084,16704,9.698275862068966,32.21384099616858,22.515565134099617,8.807149490815787,0.09838375171331756,0.10228114809853599,0.16872446735897867,10.493694125159642
Guangzhou,ssp245,late_2080s,hot,2083,guangzhou_ssp245_late_2080s_hot_2083,16704,15.906369731800766,41.5948275862069,25.68845785440613,14.976861505490987,0.11423949845591877,0.11858023211677877,0.19385799270932902,16.898946360153257
Guangzhou,ssp245,late_2080s,heatwave_extreme,2088,guangzhou_ssp245_late_2080s_heatwave_extreme_2088,16704,20.88122605363985,42.223419540229884,21.342193486590038,19.023611505523675,0.12513869785311088,0.12890855195362153,0.20111248308468707,20.736350574712645
Guangzhou,ssp585,baseline_2020s,typical,2025,guangzhou_ssp585_baseline_2020s_typical_2025,16704,4.932950191570881,24.16786398467433,19.23491379310345,5.442090269120984,0.08712741370343124,0.08979140706357824,0.14399478012492517,6.477490421455939
Guangzhou,ssp585,baseline_2020s,hot,2028,guangzhou_ssp585_baseline_2020s_hot_2028,16704,7.52514367816092,24.359434865900383,16.834291187739463,6.83161848029501,0.09118907873259949,0.09367806930942289,0.1466655534820038,7.8528097062579825
Guangzhou,ssp585,baseline_2020s,heatwave_extreme,2026,guangzhou_ssp585_baseline_2020s_heatwave_extreme_2026,16704,8.147749042145595,25.718390804597703,17.57064176245211,8.105525137243843,0.09378338758088628,0.09616095792843381,0.1462168987448653,9.157088122605364
Guangzhou,ssp585,near_2030s,typical,2039,guangzhou_ssp585_near_2030s_typical_2039,16704,5.4238505747126435,22.569444444444446,17.1455938697318,5.71046400852634,0.08777266961445454,0.0898174643874171,0.13979083549282248,6.548930395913155
Guangzhou,ssp585,near_2030s,hot,2033,guangzhou_ssp585_near_2030s_hot_2033,16704,9.90780651340996,28.861350574712645,18.953544061302683,9.088006849170691,0.09808437693258519,0.10138717299573388,0.1592808953370112,10.612228607918263
Guangzhou,ssp585,near_2030s,heatwave_extreme,2033,guangzhou_ssp585_near_2030s_heatwave_extreme_2033,16704,9.90780651340996,28.861350574712645,18.953544061302683,9.088006849170691,0.09808437693258519,0.10138717299573388,0.1592808953370112,10.612228607918263
Guangzhou,ssp585,mid_2050s,typical,2050,guangzhou_ssp585_mid_2050s_typical_2050,16704,12.990900383141762,32.06417624521073,19.073275862068968,11.852419767968291,0.10436617024928495,0.10757308791423269,0.16809348520370637,13.243534482758621
Guangzhou,ssp585,mid_2050s,hot,2057,guangzhou_ssp585_mid_2050s_hot_2057,16704,11.673850574712644,34.375,22.701149425287355,11.039840626872305,0.10313876850954169,0.1068187490976045,0.17511741232664352,12.583014048531291
Guangzhou,ssp585,mid_2050s,heatwave_extreme,2059,guangzhou_ssp585_mid_2050s_heatwave_extreme_2059,16704,13.709291187739463,38.05675287356322,24.347461685823752,13.51499416880784,0.11027793428944344,0.11411674882310983,0.18415427831288086,15.194763729246489
Guangzhou,ssp585,late_2080s,typical,2087,guangzhou_ssp585_late_2080s_typical_2087,16704,19.86949233716475,50.58069923371647,30.711206896551722,19.91445736370038,0.12594251501133452,0.13025543781862098,0.22133747944620435,21.61198914431673
Guangzhou,ssp585,late_2080s,hot,2086,guangzhou_ssp585_late_2080s_hot_2086,16704,38.18247126436782,55.92672413793104,17.74425287356322,36.87953709744377,0.17261985879536224,0.1757109829415866,0.26827496859043604,37.7662037037037
Guangzhou,ssp585,late_2080s,heatwave_extreme,2086,guangzhou_ssp585_late_2080s_heatwave_extreme_2086,16704,38.18247126436782,55.92672413793104,17.74425287356322,36.87953709744377,0.17261985879536224,0.1757109829415866,0.26827496859043604,37.7662037037037
Houston,ssp245,baseline_2020s,typical,2027,houston_ssp245_baseline_2020s_typical_2027,16704,4.130747126436781,17.043821839080458,12.913074712643677,3.8513358192994556,0.08194091109171837,0.08484949442957729,0.13045953750679778,4.75933908045977
Houston,ssp245,baseline_2020s,hot,2026,houston_ssp245_baseline_2020s_hot_2026,16704,8.536877394636015,26.945641762452105,18.40876436781609,7.355780072141872,0.09315149679763271,0.09756101243017874,0.15524548447665226,9.106002554278417
Houston,ssp245,baseline_2020s,heatwave_extreme,2026,houston_ssp245_baseline_2020s_heatwave_extreme_2026,16704,8.536877394636015,26.945641762452105,18.40876436781609,7.355780072141872,0.09315149679763271,0.09756101243017874,0.15524548447665226,9.106002554278417
Houston,ssp245,near_2030s,typical,2033,houston_ssp245_near_2030s_typical_2033,16704,9.997605363984674,23.976293103448278,13.978687739463602,8.524513238569577,0.0954969348757316,0.09903529914997707,0.14843315766576703,10.1352969348659
Houston,ssp245,near_2030s,hot,2038,houston_ssp245_near_2030s_hot_2038,16704,9.722222222222223,30.465756704980844,20.743534482758623,8.761269627566648,0.09769170054184034,0.10262302708821766,0.1670981515191717,10.660121328224777
Houston,ssp245,near_2030s,heatwave_extreme,2039,houston_ssp245_near_2030s_heatwave_extreme_2039,16704,10.949473180076629,24.377394636015325,13.427921455938696,9.17224574912851,0.09750061784552817,0.10115641586173661,0.15258637654540158,10.769476372924649
Houston,ssp245,mid_2050s,typical,2052,houston_ssp245_mid_2050s_typical_2052,16704,10.859674329501916,23.53927203065134,12.679597701149426,9.524224521461923,0.0960860128561541,0.09918203355254253,0.1466876422733586,10.888809067688378
Houston,ssp245,mid_2050s,hot,2056,houston_ssp245_mid_2050s_hot_2056,16704,5.974616858237548,26.394875478927204,20.420258620689655,5.898666329638585,0.08969664238379418,0.09409103723407533,0.15393688204004163,7.427761813537676
Houston,ssp245,mid_2050s,heatwave_extreme,2058,houston_ssp245_mid_2050s_heatwave_extreme_2058,16704,12.679597701149426,24.44324712643678,11.763649425287356,11.20271646830147,0.0998721423230852,0.10257876052019886,0.15118075186367716,12.337962962962964
Houston,ssp245,late_2080s,typical,2086,houston_ssp245_late_2080s_typical_2086,16704,8.97389846743295,24.580938697318008,15.607040229885058,7.990609413758628,0.09374299199849392,0.09739014491645903,0.1505686264019757,9.342273307790549
Houston,ssp245,late_2080s,hot,2085,houston_ssp245_late_2080s_hot_2085,16704,14.493534482758621,32.42337164750958,17.929837164750957,13.007821948466258,0.10590076421338397,0.11001420016173492,0.17260898253627585,14.684307151979567
Houston,ssp245,late_2080s,heatwave_extreme,2081,houston_ssp245_late_2080s_heatwave_extreme_2081,16704,17.828065134099617,31.441570881226056,13.613505747126437,16.27896736278071,0.11282726560499116,0.11576699526119207,0.1707413002750183,17.636494252873565
Houston,ssp585,baseline_2020s,typical,2025,houston_ssp585_baseline_2020s_typical_2025,16704,11.38050766283525,26.694204980842912,15.313697318007662,9.601916430059505,0.09820355779770094,0.10187654248733166,0.15370859390166103,11.435185185185185
Houston,ssp585,baseline_2020s,hot,2026,houston_ssp585_baseline_2020s_hot_2026,16704,8.381226053639846,25.059865900383144,16.678639846743295,7.230871270073197,0.09257156081525302,0.096431431814508,0.1516566626557913,8.78073116219668
Houston,ssp585,baseline_2020s,heatwave_extreme,2025,houston_ssp585_baseline_2020s_heatwave_extreme_2025,16704,11.38050766283525,26.694204980842912,15.313697318007662,9.601916430059505,0.09820355779770094,0.10187654248733166,0.15370859390166103,11.435185185185185
Houston,ssp585,near_2030s,typical,2038,houston_ssp585_near_2030s_typical_2038,16704,8.914032567049809,24.880268199233715,15.966235632183908,7.165885264057698,0.09252045675816395,0.09637998633620089,0.15033378603550862,8.84698275862069
Houston,ssp585,near_2030s,hot,2035,houston_ssp585_near_2030s_hot_2035,16704,8.153735632183908,26.053639846743295,17.89990421455939,7.141772158136092,0.09198349958598837,0.0962460771383003,0.1533586269541944,8.709690293742018
Houston,ssp585,near_2030s,heatwave_extreme,2037,houston_ssp585_near_2030s_heatwave_extreme_2037,16704,10.727969348659004,28.46024904214559,17.732279693486593,9.727759402555119,0.0979460581601112,0.10190897992407795,0.15929333557407402,11.375319284802043
Houston,ssp585,mid_2050s,typical,2055,houston_ssp585_mid_2050s_typical_2055,16704,13.679358237547893,30.57950191570881,16.90014367816092,11.529560235609047,0.10417221237202444,0.10841005133753348,0.16737544355564324,13.549249680715198
Houston,ssp585,mid_2050s,hot,2058,houston_ssp585_mid_2050s_hot_2058,16704,14.70905172413793,31.83668582375479,17.12763409961686,12.96217287616421,0.10608462757232559,0.11002574342186945,0.17164932404871297,14.570162835249043
Houston,ssp585,mid_2050s,heatwave_extreme,2059,houston_ssp585_mid_2050s_heatwave_extreme_2059,16704,14.774904214559387,28.597940613026818,13.823036398467433,13.06137801690618,0.10636538526706067,0.1098488293002195,0.16524807410598458,14.51787994891443
Houston,ssp585,late_2080s,typical,2088,houston_ssp585_late_2080s_typical_2088,16704,23.293821839080458,38.85895593869732,15.56513409961686,22.54408165246678,0.13175260838542616,0.13387079080121644,0.19542539485945445,23.555236270753515
Houston,ssp585,late_2080s,hot,2080,houston_ssp585_late_2080s_hot_2080,16704,22.03065134099617,36.206896551724135,14.17624521072797,21.40989906958548,0.1258110273675297,0.12808978415195202,0.1883747865915922,22.108477011494255
Houston,ssp585,late_2080s,heatwave_extreme,2086,houston_ssp585_late_2080s_heatwave_extreme_2086,16704,25.87404214559387,39.83477011494253,13.96072796934866,24.530668122515234,0.13491932624236477,0.13720290573415228,0.20080026429745224,25.36198914431673
Kolkata,ssp245,baseline_2020s,typical,2026,kolkata_ssp245_baseline_2020s_typical_2026,16704,12.72749042145594,39.96647509578544,27.2389846743295,14.01222153069771,0.1076696191717515,0.11046108416623983,0.18454132949993812,15.116139846743296
Kolkata,ssp245,baseline_2020s,hot,2028,kolkata_ssp245_baseline_2020s_hot_2028,16704,13.679358237547893,45.09698275862069,31.417624521072796,14.996759681645022,0.11155634720615762,0.11520884203915553,0.1999456830289187,16.55771072796935
Kolkata,ssp245,baseline_2020s,heatwave_extreme,2027,kolkata_ssp245_baseline_2020s_heatwave_extreme_2027,16704,15.086206896551724,43.21120689655172,28.125,15.623610255669393,0.11764083074589314,0.12124561152501726,0.2022176784360483,17.084530651340994
Kolkata,ssp245,near_2030s,typical,2036,kolkata_ssp245_near_2030s_typical_2036,16704,9.123563218390805,34.69228927203065,25.568726053639846,10.054615378099392,0.09763210692315623,0.10072067089625003,0.16946537204007334,11.125478927203066
Kolkata,ssp245,near_2030s,hot,2031,kolkata_ssp245_near_2030s_hot_2031,16704,20.725574712643677,47.270114942528735,26.544540229885055,21.755009699434442,0.12622453093123498,0.1284189940543762,0.2111646854350518,22.496408045977013
Kolkata,ssp245,near_2030s,heatwave_extreme,2039,kolkata_ssp245_near_2030s_heatwave_extreme_2039,16704,16.47509578544061,42.64846743295019,26.17337164750958,17.242713228427707,0.11531322345620297,0.11754441166883137,0.1928909147138702,18.055156449553
Kolkata,ssp245,mid_2050s,typical,2058,kolkata_ssp245_mid_2050s_typical_2058,16704,14.960488505747128,42.109674329501914,27.14918582375479,15.50425313722268,0.11256096409871935,0.11590248404978586,0.19523642480825246,16.82112068965517
Kolkata,ssp245,mid_2050s,hot,2053,kolkata_ssp245_mid_2050s_hot_2053,16704,21.755268199233715,50.610632183908045,28.85536398467433,21.975523245793855,0.12862924968468084,0.13177205804016165,0.2189020276182876,23.227969348659002
Kolkata,ssp245,mid_2050s,heatwave_extreme,2053,kolkata_ssp245_mid_2050s_heatwave_extreme_2053,16704,21.755268199233715,50.610632183908045,28.85536398467433,21.975523245793855,0.12862924968468084,0.13177205804016165,0.2189020276182876,23.227969348659002
Kolkata,ssp245,late_2080s,typical,2084,kolkata_ssp245_late_2080s_typical_2084,16704,22.737068965517242,49.25766283524904,26.5205938697318,23.720778386270897,0.13535892016373285,0.13774532830970945,0.22229076255454702,24.724217752234996
Kolkata,ssp245,late_2080s,hot,2087,kolkata_ssp245_late_2080s_hot_2087,16704,23.293821839080458,55.310105363984675,32.01628352490422,24.277341034838894,0.13558182175319877,0.13885848588013797,0.23526890356283342,25.425047892720304
Kolkata,ssp245,late_2080s,heatwave_extreme,2086,kolkata_ssp245_late_2080s_heatwave_extreme_2086,16704,26.514607279693486,55.196360153256705,28.68175287356322,26.97631864605941,0.14270821343406245,0.1460068295922895,0.24038810733405802,27.978128991060025
Kolkata,ssp585,baseline_2020s,typical,2029,kolkata_ssp585_baseline_2020s_typical_2029,16704,5.974616858237548,30.962643678160916,24.988026819923373,7.099181741781852,0.08998371543446632,0.09277647613346625,0.15735428753635236,8.21080779054917
Kolkata,ssp585,baseline_2020s,hot,2026,kolkata_ssp585_baseline_2020s_hot_2026,16704,10.901580459770114,38.427921455938694,27.52634099616858,11.8209103811493,0.10213651408066564,0.10525251245749616,0.1790473813602589,13.059945721583652
Kolkata,ssp585,baseline_2020s,heatwave_extreme,2027,kolkata_ssp585_baseline_2020s_heatwave_extreme_2027,16704,8.979885057471265,33.435105363984675,24.455220306513407,10.288513561743711,0.09762272974123468,0.10039682508526748,0.1670520554642116,11.345386334610472
Kolkata,ssp585,near_2030s,typical,2038,kolkata_ssp585_near_2030s_typical_2038,16704,7.579022988505748,27.12523946360153,19.546216475095786,8.971068115124158,0.09350917145903494,0.09543846322827865,0.15238773842123496,9.668342911877396
Kolkata,ssp585,near_2030s,hot,2030,kolkata_ssp585_near_2030s_hot_2030,16704,11.332614942528735,39.47557471264368,28.142959770114945,12.571919311164914,0.1037014443337729,0.10649069695316833,0.17992927115745558,13.640644955300127
Kolkata,ssp585,near_2030s,heatwave_extreme,2032,kolkata_ssp585_near_2030s_heatwave_extreme_2032,16704,8.494971264367816,28.101053639846747,19.606082375478927,9.715261003948937,0.09352962382482982,0.09539138669437582,0.15115670815987003,10.228288633461046
Kolkata,ssp585,mid_2050s,typical,2057,kolkata_ssp585_mid_2050s_typical_2057,16704,14.76293103448276,40.894396551724135,26.13146551724138,15.99527572289122,0.11229264376296075,0.1151609524872395,0.1910898523255706,16.89575351213282
Kolkata,ssp585,mid_2050s,hot,2059,kolkata_ssp585_mid_2050s_hot_2059,16704,40.52921455938697,68.89966475095785,28.370450191570885,41.0288812495319,0.17976653035738344,0.1807761723905223,0.2894323990618427,41.42919859514687
Kolkata,ssp585,mid_2050s,heatwave_extreme,2059,kolkata_ssp585_mid_2050s_heatwave_extreme_2059,16704,40.52921455938697,68.89966475095785,28.370450191570885,41.0288812495319,0.17976653035738344,0.1807761723905223,0.2894323990618427,41.42919859514687
Kolkata,ssp585,late_2080s,typical,2088,kolkata_ssp585_late_2080s_typical_2088,16704,27.49640804597701,60.021551724137936,32.525143678160916,28.349063367546616,0.14771529596960792,0.1512660210234271,0.25574317482862374,29.578943167305237
Kolkata,ssp585,late_2080s,hot,2080,kolkata_ssp585_late_2080s_hot_2080,16704,41.133860153256705,71.1147030651341,29.980842911877392,41.264579006570834,0.18458977130034943,0.18664486440825387,0.3078841180057233,42.16475095785441
Kolkata,ssp585,late_2080s,heatwave_extreme,2080,kolkata_ssp585_late_2080s_heatwave_extreme_2080,16704,41.133860153256705,71.1147030651341,29.980842911877392,41.264579006570834,0.18458977130034943,0.18664486440825387,0.3078841180057233,42.16475095785441
Phoenix,ssp245,baseline_2020s,typical,2026,phoenix_ssp245_baseline_2020s_typical_2026,16704,4.837164750957855,38.2183908045977,33.38122605363984,5.804782393986998,0.09908353953939594,0.10780942192237235,0.20454219452981703,8.637452107279692
Phoenix,ssp245,baseline_2020s,hot,2028,phoenix_ssp245_baseline_2020s_hot_2028,16704,7.165948275862069,37.1587643678161,29.992816091954023,6.530472126004014,0.10204781513201924,0.11151781169516518,0.20826196691005694,9.622844827586206
Phoenix,ssp245,baseline_2020s,heatwave_extreme,2025,phoenix_ssp245_baseline_2020s_heatwave_extreme_2025,16704,5.531609195402299,37.757423371647505,32.22581417624521,6.0582799523858,0.10123527138263491,0.10990964071429286,0.20574885100671586,9.095625798212005
Phoenix,ssp245,near_2030s,typical,2034,phoenix_ssp245_near_2030s_typical_2034,16704,7.746647509578544,41.451149425287355,33.70450191570881,7.518674418181777,0.10615167152312725,0.11681594962240954,0.2223211602582625,11.026500638569605
Phoenix,ssp245,near_2030s,hot,2039,phoenix_ssp245_near_2030s_hot_2039,16704,12.775383141762454,44.133141762452105,31.35775862068966,10.216882441867126,0.11520118040501073,0.12749490490942533,0.23490710676941745,14.06808748403576
Phoenix,ssp245,near_2030s,heatwave_extreme,2039,phoenix_ssp245_near_2030s_heatwave_extreme_2039,16704,12.775383141762454,44.133141762452105,31.35775862068966,10.216882441867126,0.11520118040501073,0.12749490490942533,0.23490710676941745,14.06808748403576
Phoenix,ssp245,mid_2050s,typical,2054,phoenix_ssp245_mid_2050s_typical_2054,16704,10.482519157088124,41.804358237547895,31.321839080459768,9.58697374059811,0.11197673905250985,0.12238273954206344,0.22579118799761375,12.894715836526183
Phoenix,ssp245,mid_2050s,hot,2058,phoenix_ssp245_mid_2050s_hot_2058,16704,15.56513409961686,45.162835249042146,29.597701149425287,11.867505663891254,0.12064061461021042,0.13393213985107746,0.2471732225490138,15.998563218390805
Phoenix,ssp245,mid_2050s,heatwave_extreme,2051,phoenix_ssp245_mid_2050s_heatwave_extreme_2051,16704,13.056752873563218,43.115421455938694,30.058668582375482,11.421144773333957,0.11672594974123252,0.1280117336356327,0.23433426065673885,14.66993933588761
Phoenix,ssp245,late_2080s,typical,2081,phoenix_ssp245_late_2080s_typical_2081,16704,13.20043103448276,42.151580459770116,28.951149425287355,12.171693683532927,0.11758309176288445,0.12883236701668163,0.23247676974826872,15.138489782886335
Phoenix,ssp245,late_2080s,hot,2086,phoenix_ssp245_late_2080s_hot_2086,16704,16.445162835249043,53.47222222222222,37.027059386973185,14.406422321423856,0.12395246281280432,0.1390535509467143,0.26530200444684954,18.786717752234992
Phoenix,ssp245,late_2080s,heatwave_extreme,2086,phoenix_ssp245_late_2080s_heatwave_extreme_2086,16704,16.445162835249043,53.47222222222222,37.027059386973185,14.406422321423856,0.12395246281280432,0.1390535509467143,0.26530200444684954,18.786717752234992
Phoenix,ssp585,baseline_2020s,typical,2029,phoenix_ssp585_baseline_2020s_typical_2029,16704,9.66235632183908,41.67265325670498,32.0102969348659,8.862036293103621,0.1081261470977887,0.11872709347755517,0.2214083920796206,12.273706896551724
Phoenix,ssp585,baseline_2020s,hot,2025,phoenix_ssp585_baseline_2020s_hot_2025,16704,10.512452107279694,42.019875478927204,31.50742337164751,9.264472909303706,0.11030806661075677,0.12109538720737516,0.2227872313894681,12.63609514687101
Phoenix,ssp585,baseline_2020s,heatwave_extreme,2025,phoenix_ssp585_baseline_2020s_heatwave_extreme_2025,16704,10.512452107279694,42.019875478927204,31.50742337164751,9.264472909303706,0.11030806661075677,0.12109538720737516,0.2227872313894681,12.63609514687101
Phoenix,ssp585,near_2030s,typical,2034,phoenix_ssp585_near_2030s_typical_2034,16704,8.31537356321839,40.52921455938697,32.21384099616858,7.717834064304871,0.10667975741255525,0.11675926213766584,0.21803014018534864,11.139846743295019
Phoenix,ssp585,near_2030s,hot,2033,phoenix_ssp585_near_2030s_hot_2033,16704,11.799568965517242,45.569923371647505,33.770354406130274,10.43150670360237,0.11522752809769668,0.12746434725017383,0.23815140725820594,14.135935504469987
Phoenix,ssp585,near_2030s,heatwave_extreme,2033,phoenix_ssp585_near_2030s_heatwave_extreme_2033,16704,11.799568965517242,45.569923371647505,33.770354406130274,10.43150670360237,0.11522752809769668,0.12746434725017383,0.23815140725820594,14.135935504469987
Phoenix,ssp585,mid_2050s,typical,2050,phoenix_ssp585_mid_2050s_typical_2050,16704,14.661159003831417,37.26652298850575,22.60536398467433,11.846099998808784,0.11950501870669376,0.13105905701116422,0.2289091922837501,14.726213282247766
Phoenix,ssp585,mid_2050s,hot,2057,phoenix_ssp585_mid_2050s_hot_2057,16704,14.086446360153257,46.56968390804598,32.48323754789272,12.154193380499498,0.11838186433946771,0.13098542573638441,0.24537609866213841,15.948275862068966
Phoenix,ssp585,mid_2050s,heatwave_extreme,2057,phoenix_ssp585_mid_2050s_heatwave_extreme_2057,16704,14.086446360153257,46.56968390804598,32.48323754789272,12.154193380499498,0.11838186433946771,0.13098542573638441,0.24537609866213841,15.948275862068966
Phoenix,ssp585,late_2080s,typical,2081,phoenix_ssp585_late_2080s_typical_2081,16704,23.581178160919542,54.16068007662835,30.57950191570881,21.49957976701901,0.14256906305387046,0.15720860816696425,0.2857902194292535,24.64160280970626
Phoenix,ssp585,late_2080s,hot,2089,phoenix_ssp585_late_2080s_hot_2089,16704,29.663553639846747,53.57998084291188,23.916427203065137,26.866106241889547,0.1653457423666179,0.1815785997567599,0.3016314224735649,29.575351213282246
Phoenix,ssp585,late_2080s,heatwave_extreme,2085,phoenix_ssp585_late_2080s_heatwave_extreme_2085,16704,25.85009578544061,53.747605363984675,27.89750957854406,22.64503809840768,0.15209662004477886,0.16731155459388472,0.2900606415822538,26.046455938697317
