artifact_type,path,bytes,sha256
panel_manifest,recorded://original_run/panel_manifest.csv,75137,892b3a5459eb9cd93fbb21cd98a5ce55093d979a3fe746171bc677186ac5a335
selected_epw,checksum-only://selected_weather/ssp245/Ahmedabad/ahmedabad_ssp245_baseline_2020s_heatwave_extreme_2029.epw,1366805,0e47ced9493e21cebaeda47072230f8d7c87f0ae1929f004faa929f1fa17e994
selected_epw,checksum-only://selected_weather/ssp245/Ahmedabad/ahmedabad_ssp245_baseline_2020s_hot_2029.epw,1366792,d5f3e79bcb28d7801c1532d07ba1e4acde542b22d7a9d53147c7129e0186ae4c
selected_epw,checksum-only://selected_weather/ssp245/Ahmedabad/ahmedabad_ssp245_baseline_2020s_typical_2025.epw,1367408,0e31e360a2469e76a908820ccee3d2f2823fd014faa9eb7beab242c9ab680ed4
selected_epw,checksum-only://selected_weather/ssp245/Ahmedabad/ahmedabad_ssp245_late_2080s_heatwave_extreme_2081.epw,1367648,1276fe8ed35192baf228e9b8035cac62d73d7e398540bc4b3bc12fdf5403c51a
selected_epw,checksum-only://selected_weather/ssp245/Ahmedabad/ahmedabad_ssp245_late_2080s_hot_2081.epw,1367635,1ee90d06ae58068ea3a719f654a3e2bc0123e15e61bd62923e8ec6f294c6c8f6
selected_epw,checksum-only://selected_weather/ssp245/Ahmedabad/ahmedabad_ssp245_late_2080s_typical_2086.epw,1367637,444dbb22e13d2bdaa2a0b487bd30528cdb3f3f61b58d137a2640e00be6adece9
selected_epw,checksum-only://selected_weather/ssp245/Ahmedabad/ahmedabad_ssp245_mid_2050s_heatwave_extreme_2059.epw,1367424,e8d6381fa15f5231b942a2f22ab4875f84cdbcf7d3b4f49ea954309a860d6288
selected_epw,checksum-only://selected_weather/ssp245/Ahmedabad/ahmedabad_ssp245_mid_2050s_hot_2059.epw,1367411,3839a409e238985d9cfc391ce2c3194335fe10ea155a3fd0415a6163ee225499
selected_epw,checksum-only://selected_weather/ssp245/Ahmedabad/ahmedabad_ssp245_mid_2050s_typical_2058.epw,1367160,0f0416f0bf4905651f5d6971bf06cae3c71f4a4eac63982f45515c3066432b34
selected_epw,checksum-only://selected_weather/ssp245/Ahmedabad/ahmedabad_ssp245_near_2030s_heatwave_extreme_2034.epw,1367113,909824523d171e8e0d8d45fb876e65196f5d75cfaea3059cc5e7443800db3732
selected_epw,checksum-only://selected_weather/ssp245/Ahmedabad/ahmedabad_ssp245_near_2030s_hot_2034.epw,1367100,030c36712a8d8db8a98374520e03084048ddfe7a4243a470fe2a52437e4a3020
selected_epw,checksum-only://selected_weather/ssp245/Ahmedabad/ahmedabad_ssp245_near_2030s_typical_2032.epw,1369886,ba2e95f105716860fd4607ac68c82604c2c9515f43c8d42e90ea97b2b493e67a
selected_epw,checksum-only://selected_weather/ssp245/Beijing/beijing_ssp245_baseline_2020s_heatwave_extreme_2025.epw,1365351,214bd5868c967de1e76298bdce018346ed730afc44f6b5ce4eea4dbf798623ac
selected_epw,checksum-only://selected_weather/ssp245/Beijing/beijing_ssp245_baseline_2020s_hot_2025.epw,1365338,24999da67d823d3b1dd50b74da0065d64eeb05545fa8adee9e65fbdfec9c0b54
selected_epw,checksum-only://selected_weather/ssp245/Beijing/beijing_ssp245_baseline_2020s_typical_2026.epw,1365290,082361bd6fc0fd12e8479b678e6fe48446b3cc37e2e2eb99ae8e9af86491e1af
selected_epw,checksum-only://selected_weather/ssp245/Beijing/beijing_ssp245_late_2080s_heatwave_extreme_2084.epw,1367911,ffe2b43992e4700bb0e66172497993e2fa6fd98d49d746f748d22278298ee4af
selected_epw,checksum-only://selected_weather/ssp245/Beijing/beijing_ssp245_late_2080s_hot_2084.epw,1367898,ae03984700fa361f25bb4d2835167c47248104e38fb11b183896582aa61daa9e
selected_epw,checksum-only://selected_weather/ssp245/Beijing/beijing_ssp245_late_2080s_typical_2083.epw,1364952,84f1b1964884c717f6b504ccc56250741335f6d60b98b15894b016135aa706b2
selected_epw,checksum-only://selected_weather/ssp245/Beijing/beijing_ssp245_mid_2050s_heatwave_extreme_2050.epw,1363814,6acfd0b54b96b10ad1096304c7a404c144fa6aebe74fa77468fdde21a3e7fb84
selected_epw,checksum-only://selected_weather/ssp245/Beijing/beijing_ssp245_mid_2050s_hot_2050.epw,1363801,f18cf83dfe90e375a1d155759cea254c9501624b26197bd76a30ebe882da3873
selected_epw,checksum-only://selected_weather/ssp245/Beijing/beijing_ssp245_mid_2050s_typical_2056.epw,1368719,41983a5efe4c6313b2f3b42a4ed53023e2c7992dfced5c16ada566148ca1020d
selected_epw,checksum-only://selected_weather/ssp245/Beijing/beijing_ssp245_near_2030s_heatwave_extreme_2039.epw,1366225,0f2057aa4867407b4cd5c7f681ffb34f1b9bba0f557e684d50dadefb52142a38
selected_epw,checksum-only://selected_weather/ssp245/Beijing/beijing_ssp245_near_2030s_hot_2034.epw,1364499,30aac0e4cf1be0550a0fbf17ce2e19a4dbee662345bbf008f57dbe5e3e80b25e
selected_epw,checksum-only://selected_weather/ssp245/Beijing/beijing_ssp245_near_2030s_typical_2035.epw,1366636,5cdd6610dbb23e431da568397938c5b2ab027da5e0da8bb51ae8e0b96918657c
selected_epw,checksum-only://selected_weather/ssp245/Guangzhou/guangzhou_ssp245_baseline_2020s_heatwave_extreme_2028.epw,1368565,993f9e5aebf339b57ca0aebf10bd6720c78f67059e12e638986d091ad018f4b0
selected_epw,checksum-only://selected_weather/ssp245/Guangzhou/guangzhou_ssp245_baseline_2020s_hot_2027.epw,1364587,84b64c7b0d99140bbc355a1f8ec72ba7b2bd2c225b1c644b166b351a36ea1eb6
selected_epw,checksum-only://selected_weather/ssp245/Guangzhou/guangzhou_ssp245_baseline_2020s_typical_2025.epw,1364833,44a03c936fd250346719945a731476eb1bb32a9eedeb7b63a35574f285811a90
selected_epw,checksum-only://selected_weather/ssp245/Guangzhou/guangzhou_ssp245_late_2080s_heatwave_extreme_2088.epw,1368684,9b32fb1aa75ee764c7a14daf1fa5a7281d3e84cd27c22db774dec297bfe926e0
selected_epw,checksum-only://selected_weather/ssp245/Guangzhou/guangzhou_ssp245_late_2080s_hot_2083.epw,1365294,26419a5f06c4a5cfc350707cb28efbf541180617f1b57bcb62c2708f0c3562b4
selected_epw,checksum-only://selected_weather/ssp245/Guangzhou/guangzhou_ssp245_late_2080s_typical_2084.epw,1368461,0f387dfd0d2dc47e4ab1dd50daaa9d2c2b3ec7ceb6b3ff696d2c8b73a24062cf
selected_epw,checksum-only://selected_weather/ssp245/Guangzhou/guangzhou_ssp245_mid_2050s_heatwave_extreme_2055.epw,1365377,857cfa88f0943ed81adeffc4198f4e4e260be7f3ca20eea493314596ccd41072
selected_epw,checksum-only://selected_weather/ssp245/Guangzhou/guangzhou_ssp245_mid_2050s_hot_2051.epw,1364733,c8148445ec4daed123543cf2f5cfa857b4665d0c7fa5f16e15563d9a2814c90f
selected_epw,checksum-only://selected_weather/ssp245/Guangzhou/guangzhou_ssp245_mid_2050s_typical_2054.epw,1364516,86c708df854a6c5084b99b24d84547afb8cb237e6d3e77870980d325b1a0b0e2
selected_epw,checksum-only://selected_weather/ssp245/Guangzhou/guangzhou_ssp245_near_2030s_heatwave_extreme_2034.epw,1364763,32cbd3be90080c3bab14599ba85cc684ee6f261e4b603b93e22d60bcf29b12f7
selected_epw,checksum-only://selected_weather/ssp245/Guangzhou/guangzhou_ssp245_near_2030s_hot_2038.epw,1364997,56bea04c221a945b64dd2a19db82bbbd55894ee3f6efda7d9c19dc32fcf0943a
selected_epw,checksum-only://selected_weather/ssp245/Guangzhou/guangzhou_ssp245_near_2030s_typical_2031.epw,1364579,141ded4622422b691b7bbe9e8fc077c8ac1816e08b980edde46fb68e378676e4
selected_epw,checksum-only://selected_weather/ssp245/Houston/houston_ssp245_baseline_2020s_heatwave_extreme_2026.epw,1365152,d44e542ba7dcb0e5fa2d8abe8e2c61c7d959875d1c2e05e7d9556f93fab51f21
selected_epw,checksum-only://selected_weather/ssp245/Houston/houston_ssp245_baseline_2020s_hot_2026.epw,1365139,1b5ac798b362e32acb6e4c4dbd65c973de923b7641ca8062ecc33e59b31bcac3
selected_epw,checksum-only://selected_weather/ssp245/Houston/houston_ssp245_baseline_2020s_typical_2027.epw,1365735,afa71b56bc749bb1e2e3f4e837cb6bd0ed2b8601bef43520c0dddfa92083b975
selected_epw,checksum-only://selected_weather/ssp245/Houston/houston_ssp245_late_2080s_heatwave_extreme_2081.epw,1365194,0b046cbba5cec27bf601f0ee81a2962d8abf638d55f1231f97a4c8fb33c26875
selected_epw,checksum-only://selected_weather/ssp245/Houston/houston_ssp245_late_2080s_hot_2085.epw,1365992,5612873c243b7b565b91dc2cfdca2ff7a9a9a403d4abaf0e22eff1e2f1107d60
selected_epw,checksum-only://selected_weather/ssp245/Houston/houston_ssp245_late_2080s_typical_2086.epw,1365700,eeaeef1d1b44d6b76ff901389c35f50e4cd3c6c2c183f4c5dc8dcc343f104f50
selected_epw,checksum-only://selected_weather/ssp245/Houston/houston_ssp245_mid_2050s_heatwave_extreme_2058.epw,1364993,dbdc34c284b5f6434245d0ca14ecd272994a31ca4ed4eb659010429dbf0c5396
selected_epw,checksum-only://selected_weather/ssp245/Houston/houston_ssp245_mid_2050s_hot_2056.epw,1370869,7de44052d43388f50c7f2e5584e032fddf4083e7abefb40261338f121888d068
selected_epw,checksum-only://selected_weather/ssp245/Houston/houston_ssp245_mid_2050s_typical_2052.epw,1369617,399ca09fdc2119c1d6b92bc62c85a6122aa03b6fc442dcc8821b917295dc62cc
selected_epw,checksum-only://selected_weather/ssp245/Houston/houston_ssp245_near_2030s_heatwave_extreme_2039.epw,1365093,8af25390af730256b0be447981675af2c32261390519d89be44ae702eb53b61f
selected_epw,checksum-only://selected_weather/ssp245/Houston/houston_ssp245_near_2030s_hot_2038.epw,1366971,2d0fec0f4472f69586f554f9d8100030e502409805f85945a38ad0693929bbbe
selected_epw,checksum-only://selected_weather/ssp245/Houston/houston_ssp245_near_2030s_typical_2033.epw,1365067,acfc5c0378fdd953c812450004d03a53a07544afd69dbec4d657d5596ecf3079
selected_epw,checksum-only://selected_weather/ssp245/Kolkata/kolkata_ssp245_baseline_2020s_heatwave_extreme_2027.epw,1363438,db4ad5a533ff3a584eff9090c3c6644708434b11de14cab50f346bae779d482b
selected_epw,checksum-only://selected_weather/ssp245/Kolkata/kolkata_ssp245_baseline_2020s_hot_2028.epw,1367889,aad1e3dfec69092eb25b0fd50c813f1a236c613540f0fccf762d04f7b3bb94de
selected_epw,checksum-only://selected_weather/ssp245/Kolkata/kolkata_ssp245_baseline_2020s_typical_2026.epw,1363740,327a2c290986df23a67c2f30d34f5231243ba9b9637b3e4c9ff1d112eb0ac1a9
selected_epw,checksum-only://selected_weather/ssp245/Kolkata/kolkata_ssp245_late_2080s_heatwave_extreme_2086.epw,1364038,cf0a35973bd0f53ac798a0606bbb16f5abd48dfc8e0dd4f8c0170f1e500628fa
selected_epw,checksum-only://selected_weather/ssp245/Kolkata/kolkata_ssp245_late_2080s_hot_2087.epw,1364320,9a7fef632efc68cb15dda810a51ccdfe0144e21acfeb2706a9f251faad80caed
selected_epw,checksum-only://selected_weather/ssp245/Kolkata/kolkata_ssp245_late_2080s_typical_2084.epw,1367392,557804084eb2b48e82e0a8b5dad12f27d0c7833e6e2f0d44e8144fb964b19e1f
selected_epw,checksum-only://selected_weather/ssp245/Kolkata/kolkata_ssp245_mid_2050s_heatwave_extreme_2053.epw,1363925,caea336f353fd55843446658e28abeb6ddb36be987f6dd6bbb8d367e20930d62
selected_epw,checksum-only://selected_weather/ssp245/Kolkata/kolkata_ssp245_mid_2050s_hot_2053.epw,1363912,a09bfc4434422f5e90cd6f4a080d8548b172d01406f1542e7b773fdb16ca2137
selected_epw,checksum-only://selected_weather/ssp245/Kolkata/kolkata_ssp245_mid_2050s_typical_2058.epw,1364071,9f7d87a7f6c7288fa4c87c22ca4edcc13bef9c3ae27f39265d811aaaae19bf32
selected_epw,checksum-only://selected_weather/ssp245/Kolkata/kolkata_ssp245_near_2030s_heatwave_extreme_2039.epw,1363672,a043315fd57abb00f1b81da21485cce585b9a5ff13d9d9b0c7def089d2c3b530
selected_epw,checksum-only://selected_weather/ssp245/Kolkata/kolkata_ssp245_near_2030s_hot_2031.epw,1364171,04baa2910d9d3353d754299af6eb4155f10f35c558a433c5dfc815654a9ac809
selected_epw,checksum-only://selected_weather/ssp245/Kolkata/kolkata_ssp245_near_2030s_typical_2036.epw,1367624,4d279250d80d723abf1ee950f269cda595ab8d523809d71c8e73044287d360c3
selected_epw,checksum-only://selected_weather/ssp245/Phoenix/phoenix_ssp245_baseline_2020s_heatwave_extreme_2025.epw,1361240,739b4c9b78036682d78249c67c6fc7362661ae5857d6c3e9b44dfcac23506764
selected_epw,checksum-only://selected_weather/ssp245/Phoenix/phoenix_ssp245_baseline_2020s_hot_2028.epw,1364667,b050175649159794b951d8a0aca50cf751c68e395e61b795de0a7f183372f49b
selected_epw,checksum-only://selected_weather/ssp245/Phoenix/phoenix_ssp245_baseline_2020s_typical_2026.epw,1361545,3da444e057a0d6749af7508d999b8790a4cbd1a6650280ab611fbbd793f6d53e
selected_epw,checksum-only://selected_weather/ssp245/Phoenix/phoenix_ssp245_late_2080s_heatwave_extreme_2086.epw,1362217,f87b95955ecfd2b6a1983be6d0a8a8064ddef92f32e1af75b5930dcedb340920
selected_epw,checksum-only://selected_weather/ssp245/Phoenix/phoenix_ssp245_late_2080s_hot_2086.epw,1362204,ca7283687dd5e03154fc5578eb9b525c4c6f67a840255a4474c55657d2925319
selected_epw,checksum-only://selected_weather/ssp245/Phoenix/phoenix_ssp245_late_2080s_typical_2081.epw,1360748,e68fbf2aa074ed620e60a10cf8bd3b17cb0104f87d65d1f2cf8751e546ee2721
selected_epw,checksum-only://selected_weather/ssp245/Phoenix/phoenix_ssp245_mid_2050s_heatwave_extreme_2051.epw,1360995,8f62d9d501e0f382c60eea88fcf88bc68303433450e1384ccb4f8e9df4ab7a4e
selected_epw,checksum-only://selected_weather/ssp245/Phoenix/phoenix_ssp245_mid_2050s_hot_2058.epw,1361521,2e4c803ad433e62f9a163dbcff3dfc51896d549adfd1f8566e4fcf38d001981b
selected_epw,checksum-only://selected_weather/ssp245/Phoenix/phoenix_ssp245_mid_2050s_typical_2054.epw,1360960,e464afb09bea5b81339c4e64403f872dfff64de604cc6270dc67f025c117fe74
selected_epw,checksum-only://selected_weather/ssp245/Phoenix/phoenix_ssp245_near_2030s_heatwave_extreme_2039.epw,1360426,bd4baf3eed1e2a657459b5f832045977e877231ab86dd49d2379d8ae25ac199a
selected_epw,checksum-only://selected_weather/ssp245/Phoenix/phoenix_ssp245_near_2030s_hot_2039.epw,1360413,e72acc010128473b227a68d326342d7ee4d48f5a88a1539a12f914ec05baa59d
selected_epw,checksum-only://selected_weather/ssp245/Phoenix/phoenix_ssp245_near_2030s_typical_2034.epw,1361467,f368f185ccf0f2aeb9e9328d89ce92476450866d315f39ee97ac8d2035a5ba6c
selected_epw,checksum-only://selected_weather/ssp585/Ahmedabad/ahmedabad_ssp585_baseline_2020s_heatwave_extreme_2027.epw,1366568,91b9c6df0f88068df51e23418b8e5370f807f98e89d64cf61c11b60863262acd
selected_epw,checksum-only://selected_weather/ssp585/Ahmedabad/ahmedabad_ssp585_baseline_2020s_hot_2027.epw,1366555,6257c1d045e88e782ffba17ea9828a9e00462715fac2f8c7ca8b861916995c6a
selected_epw,checksum-only://selected_weather/ssp585/Ahmedabad/ahmedabad_ssp585_baseline_2020s_typical_2025.epw,1366960,5777c13b052eb04ee4e6729346eaababdff83ba0a32985018673ee83f91a6ea1
selected_epw,checksum-only://selected_weather/ssp585/Ahmedabad/ahmedabad_ssp585_late_2080s_heatwave_extreme_2088.epw,1371803,8a177483b17fb812235705fbad13ea733d602068d43393ab506875e3a33a6260
selected_epw,checksum-only://selected_weather/ssp585/Ahmedabad/ahmedabad_ssp585_late_2080s_hot_2088.epw,1371790,8ad7aaa7dd29f2b0a709e65fed76eca3ed9b7ca48f09e55cb4642fc81af0d51e
selected_epw,checksum-only://selected_weather/ssp585/Ahmedabad/ahmedabad_ssp585_late_2080s_typical_2087.epw,1367321,6adf0aaf3ce7b9664ce95538d860cc3c440c5147b8880757f11a4ffc0ff9323b
selected_epw,checksum-only://selected_weather/ssp585/Ahmedabad/ahmedabad_ssp585_mid_2050s_heatwave_extreme_2051.epw,1367497,4a4e4bf03f825ce21ed160de731d25085fd5c6a9638b311064b998474ca256a7
selected_epw,checksum-only://selected_weather/ssp585/Ahmedabad/ahmedabad_ssp585_mid_2050s_hot_2050.epw,1367660,7cf37dca81be6c6fe317221155477e31d457afc5e4b82b07f9aadb2a37a839dc
selected_epw,checksum-only://selected_weather/ssp585/Ahmedabad/ahmedabad_ssp585_mid_2050s_typical_2055.epw,1366302,d41a4d82d8f1d254cb07bb165f0e8c819122c2beeb8dc314bf9bc446e65d730f
selected_epw,checksum-only://selected_weather/ssp585/Ahmedabad/ahmedabad_ssp585_near_2030s_heatwave_extreme_2037.epw,1366835,8654becd12c44a2d98d55a186b7f8c30ecd3f0f908bdb8559d4fb3be992ae17d
selected_epw,checksum-only://selected_weather/ssp585/Ahmedabad/ahmedabad_ssp585_near_2030s_hot_2037.epw,1366822,622009b142ef78db67e647efb2e84f69d290ac0ee4f8b6db9f73954b5b5f6913
selected_epw,checksum-only://selected_weather/ssp585/Ahmedabad/ahmedabad_ssp585_near_2030s_typical_2031.epw,1365851,33cb8073019b5175fc63f496297c93dc2644cc34a7712ca38d2a070a8da0ec92
selected_epw,checksum-only://selected_weather/ssp585/Beijing/beijing_ssp585_baseline_2020s_heatwave_extreme_2029.epw,1365734,ffa22aebc74cae4d0fe6955ae12216bf33041ebdbfc5cb9c95877dab1ff3f480
selected_epw,checksum-only://selected_weather/ssp585/Beijing/beijing_ssp585_baseline_2020s_hot_2029.epw,1365721,ef6e6c88e42b54cb031d84f57c4debdf05c9662afea00e252d8e950a538297b5
selected_epw,checksum-only://selected_weather/ssp585/Beijing/beijing_ssp585_baseline_2020s_typical_2026.epw,1366125,5a40f836f1296f36c722fac82c7679cb69a127d8d3eac7f50ad76f1348a4544d
selected_epw,checksum-only://selected_weather/ssp585/Beijing/beijing_ssp585_late_2080s_heatwave_extreme_2089.epw,1364462,3554b18762c64a1d19ab0fd1515cd2184a8bd461f5b88287800880ce98da195e
selected_epw,checksum-only://selected_weather/ssp585/Beijing/beijing_ssp585_late_2080s_hot_2089.epw,1364449,b2ee670dc6b5a51eda0e270ac5ff91febce998a86b469123b0bf409653a18ef1
selected_epw,checksum-only://selected_weather/ssp585/Beijing/beijing_ssp585_late_2080s_typical_2084.epw,1368039,88448e82eaa3adf15f003bcf499de0d4af1831f94e2c1f0ee74e50c3285ba838
selected_epw,checksum-only://selected_weather/ssp585/Beijing/beijing_ssp585_mid_2050s_heatwave_extreme_2052.epw,1368999,23aac168925a4836d865fa6304835ceca5fd99b4c100393322ed1b40150c1e51
selected_epw,checksum-only://selected_weather/ssp585/Beijing/beijing_ssp585_mid_2050s_hot_2052.epw,1368986,fadc596df40aa804de9ce7c868dad936e90baf78628ddc944fb82ca5e3f215a3
selected_epw,checksum-only://selected_weather/ssp585/Beijing/beijing_ssp585_mid_2050s_typical_2053.epw,1364759,3b99f3a9188c0e272bd2d1e96a7ab7296e7f0911db34fdd6af7375c9db4c0cf4
selected_epw,checksum-only://selected_weather/ssp585/Beijing/beijing_ssp585_near_2030s_heatwave_extreme_2030.epw,1367050,c829e0360bb32c1eadd8a1c093703e53a796e6e7635053b1af6a5596d8561489
selected_epw,checksum-only://selected_weather/ssp585/Beijing/beijing_ssp585_near_2030s_hot_2037.epw,1366919,dc6f9badb4482a1f6437ac8632dd6a7ed1c747574859ba000becb988d7a1aabd
selected_epw,checksum-only://selected_weather/ssp585/Beijing/beijing_ssp585_near_2030s_typical_2032.epw,1368833,39da50834769f79d3465cffead26fde734c6d8ffcd74737fe1e49e0299994456
selected_epw,checksum-only://selected_weather/ssp585/Guangzhou/guangzhou_ssp585_baseline_2020s_heatwave_extreme_2026.epw,1364878,aa7f6967decd0b7a20caa54da23b24fe1ed03b4ea781027d84a880a9eadbb6f6
selected_epw,checksum-only://selected_weather/ssp585/Guangzhou/guangzhou_ssp585_baseline_2020s_hot_2028.epw,1368268,d5e900895002e8fb99da50bc9f7c6f911b8e57dafe6ec7fca8b6745fc42f6a2f
selected_epw,checksum-only://selected_weather/ssp585/Guangzhou/guangzhou_ssp585_baseline_2020s_typical_2025.epw,1364275,bca4c59247855b2bf48ddb08f0d4b00595e1e5c8b1809876f36e3a999ca17d3e
selected_epw,checksum-only://selected_weather/ssp585/Guangzhou/guangzhou_ssp585_late_2080s_heatwave_extreme_2086.epw,1365530,ee4bba1d4bd0a04bd75302a6044fdf0b6bbd1b811a20cae20b14c8728cb6e17b
selected_epw,checksum-only://selected_weather/ssp585/Guangzhou/guangzhou_ssp585_late_2080s_hot_2086.epw,1365517,f8901b4c0bfaf6f192e54abbc86632280b10d27599678b27681bd5d4a8aaad44
selected_epw,checksum-only://selected_weather/ssp585/Guangzhou/guangzhou_ssp585_late_2080s_typical_2087.epw,1365429,fd7127a4bd6a37f84d21aa2dd89634d73ad2eafe8884a97b3556f2753009bed3
selected_epw,checksum-only://selected_weather/ssp585/Guangzhou/guangzhou_ssp585_mid_2050s_heatwave_extreme_2059.epw,1364858,256cc3baa9f6f631a89acc568160a309c01ead72c50685f83143e16d0f14b0f4
selected_epw,checksum-only://selected_weather/ssp585/Guangzhou/guangzhou_ssp585_mid_2050s_hot_2057.epw,1365384,e6685180e9749048c7094b27a67e790c057900005bc0e7d2e34c2d1e9efdb07a
selected_epw,checksum-only://selected_weather/ssp585/Guangzhou/guangzhou_ssp585_mid_2050s_typical_2050.epw,1364403,f11e7d0722f43bcc22b99782a9ea84caecd078519a0bd7220feadeed984bef42
selected_epw,checksum-only://selected_weather/ssp585/Guangzhou/guangzhou_ssp585_near_2030s_heatwave_extreme_2033.epw,1364686,c155c130dc5ca0891dcc828131b2a5c66a7561cb135a75bf9cffc6be9de8b2f8
selected_epw,checksum-only://selected_weather/ssp585/Guangzhou/guangzhou_ssp585_near_2030s_hot_2033.epw,1364673,903bb3c00a6a70f8555a03bc44d55a1da903ccf2da0832ca2a573dbe9e2c510b
selected_epw,checksum-only://selected_weather/ssp585/Guangzhou/guangzhou_ssp585_near_2030s_typical_2039.epw,1364424,87da255ebab29238a8e9c1cc6cc86e108a62c3a514f8f3b83dfd6ea841f91a48
selected_epw,checksum-only://selected_weather/ssp585/Houston/houston_ssp585_baseline_2020s_heatwave_extreme_2025.epw,1364792,f280552cfcc74bf55c88e0d7c40fdfcb51fd9f1b8aa233e0bfb0f2546e387def
selected_epw,checksum-only://selected_weather/ssp585/Houston/houston_ssp585_baseline_2020s_hot_2026.epw,1364714,5635f0a014c7ff0be5d4787e17d5a2433ccdf9685552bc692fae7976d3642358
selected_epw,checksum-only://selected_weather/ssp585/Houston/houston_ssp585_baseline_2020s_typical_2025.epw,1364783,368863f1d793f98ffffe4422caeeb669dbd78def9a4ebed7d34b92a487306009
selected_epw,checksum-only://selected_weather/ssp585/Houston/houston_ssp585_late_2080s_heatwave_extreme_2086.epw,1365647,7c92712736221d794d2730616a9a156411e12287e8504dfa5c348adeb58c96b6
selected_epw,checksum-only://selected_weather/ssp585/Houston/houston_ssp585_late_2080s_hot_2080.epw,1370276,c9ba578c5539528d36f13b07be1af5d62c4b6c13ea7901d9e7201840a4196a98
selected_epw,checksum-only://selected_weather/ssp585/Houston/houston_ssp585_late_2080s_typical_2088.epw,1369734,dd558eb12dc251a63d0310a1b3dde2905dfb14d37e4c7bfc8160272212a7f357
selected_epw,checksum-only://selected_weather/ssp585/Houston/houston_ssp585_mid_2050s_heatwave_extreme_2059.epw,1365559,374203570d25b07afba8e77aff5c0940614c09696e2b39a0ee7b7372551fce48
selected_epw,checksum-only://selected_weather/ssp585/Houston/houston_ssp585_mid_2050s_hot_2058.epw,1365995,3e624ad182133eeb7f0052985b15b363d3c66d8001efd318b7b418212fa8cd5c
selected_epw,checksum-only://selected_weather/ssp585/Houston/houston_ssp585_mid_2050s_typical_2055.epw,1365523,21a011bd8cfb0db215eb3ca74a22608c813bbfda5af9836ac59aede233516a9c
selected_epw,checksum-only://selected_weather/ssp585/Houston/houston_ssp585_near_2030s_heatwave_extreme_2037.epw,1366249,6e77307beabcddaac7d7de782638f6a0d619ecf2e41763d3b1f34d6c1b60d185
selected_epw,checksum-only://selected_weather/ssp585/Houston/houston_ssp585_near_2030s_hot_2035.epw,1366581,0d0906ef4d70a994a2faef7b2c77b63668a4b3f87d188266e1ef5794aa76e7a1
selected_epw,checksum-only://selected_weather/ssp585/Houston/houston_ssp585_near_2030s_typical_2038.epw,1364851,aad943d948e2844ce42fdc0cd2cbd64182456462a62d109e62a6de29fa70dbec
selected_epw,checksum-only://selected_weather/ssp585/Kolkata/kolkata_ssp585_baseline_2020s_heatwave_extreme_2027.epw,1363657,6d552ebb647a2f3469fec0055e4296628d8094a5a2adb297ecfbf4f79d36ab4f
selected_epw,checksum-only://selected_weather/ssp585/Kolkata/kolkata_ssp585_baseline_2020s_hot_2026.epw,1364331,0ae170c0abd7d4db224de9d64eac3cd5eeec69a4802bed397e6e7dbef656c8af
selected_epw,checksum-only://selected_weather/ssp585/Kolkata/kolkata_ssp585_baseline_2020s_typical_2029.epw,1363915,1e05e6b55de50f35ebd54f14b07a8f3363486aa5637438bfde5ff9893272a2f8
selected_epw,checksum-only://selected_weather/ssp585/Kolkata/kolkata_ssp585_late_2080s_heatwave_extreme_2080.epw,1368302,bfd85083508c3216444abe68fe8a77e9c9610a55211b8bdef070c9305584ef39
selected_epw,checksum-only://selected_weather/ssp585/Kolkata/kolkata_ssp585_late_2080s_hot_2080.epw,1368289,42cc202ca6523ceb6b4b575f4a10b4677abf0148d71046cf050806aca9180a33
selected_epw,checksum-only://selected_weather/ssp585/Kolkata/kolkata_ssp585_late_2080s_typical_2088.epw,1368197,3176b5b65d7815f8328dea1166554275b8d18cef1cb501d2a7768991ab434f2d
selected_epw,checksum-only://selected_weather/ssp585/Kolkata/kolkata_ssp585_mid_2050s_heatwave_extreme_2059.epw,1363886,7007272cea71ede384badd3c8ec462dd408e1cbabfb1feb794749c867db246b4
selected_epw,checksum-only://selected_weather/ssp585/Kolkata/kolkata_ssp585_mid_2050s_hot_2059.epw,1363873,591b8bb575bad6813eeab2d343101fa249660b4244d2c26037c8874d297ed95d
selected_epw,checksum-only://selected_weather/ssp585/Kolkata/kolkata_ssp585_mid_2050s_typical_2057.epw,1364402,51fdf5cfd4010f9fc69e4645face41a1e31ae62ed38032e6ca0eff3115049d92
selected_epw,checksum-only://selected_weather/ssp585/Kolkata/kolkata_ssp585_near_2030s_heatwave_extreme_2032.epw,1367294,3f271472a19c0ac62ab5a4e84eff32af772ec613eb55d48fddae604c7bad6a0a
selected_epw,checksum-only://selected_weather/ssp585/Kolkata/kolkata_ssp585_near_2030s_hot_2030.epw,1363393,845aefef53ac9aaa483afe5228db4917b809f1b41807f325b569175fdbc07e0c
selected_epw,checksum-only://selected_weather/ssp585/Kolkata/kolkata_ssp585_near_2030s_typical_2038.epw,1363563,58bac5a4250e1fc465f722ef955d8b6f5c759c6df576ff49a13d3be4ecf4e3c0
selected_epw,checksum-only://selected_weather/ssp585/Phoenix/phoenix_ssp585_baseline_2020s_heatwave_extreme_2025.epw,1360796,17f1852bfcb9428b5052722d4527327f8ed2e4bac18cc9577b5a9a70189dae1d
selected_epw,checksum-only://selected_weather/ssp585/Phoenix/phoenix_ssp585_baseline_2020s_hot_2025.epw,1360783,b5ab069b5505f9f9474ccdd89fd2d6f503792951772a7c94d635a7113bf79aab
selected_epw,checksum-only://selected_weather/ssp585/Phoenix/phoenix_ssp585_baseline_2020s_typical_2029.epw,1361248,834dbee09d34338ff9146ddb79b0f8577a825414517a86092c2d2a3b26ef548e
selected_epw,checksum-only://selected_weather/ssp585/Phoenix/phoenix_ssp585_late_2080s_heatwave_extreme_2085.epw,1361093,c87bca757674ef4c90d121199fccd9052a4d8638951ca9d32c0655b0b5310380
selected_epw,checksum-only://selected_weather/ssp585/Phoenix/phoenix_ssp585_late_2080s_hot_2089.epw,1361139,8b84058ac9d941815e587135aa7be08df9571bcae6eed16dd03f4602c527cac1
selected_epw,checksum-only://selected_weather/ssp585/Phoenix/phoenix_ssp585_late_2080s_typical_2081.epw,1361147,e8aae0391a6b76fa06e5a446f72b1757ebc1666ae36a867fc9ec78073dabc617
selected_epw,checksum-only://selected_weather/ssp585/Phoenix/phoenix_ssp585_mid_2050s_heatwave_extreme_2057.epw,1361312,008855c6f44bfcf37173551b628531f2017b567a2f780f35f50369b5328b5b14
selected_epw,checksum-only://selected_weather/ssp585/Phoenix/phoenix_ssp585_mid_2050s_hot_2057.epw,1361299,1656f0a86171999f9d80c41298e48d200eebd5f618a0ba985c7093b37033e8d2
selected_epw,checksum-only://selected_weather/ssp585/Phoenix/phoenix_ssp585_mid_2050s_typical_2050.epw,1360440,f4aff5edc8a0933e1d01b10a9b5a88b36567dd8df9ffe8165f51b48bf8d47c8a
selected_epw,checksum-only://selected_weather/ssp585/Phoenix/phoenix_ssp585_near_2030s_heatwave_extreme_2033.epw,1361157,27ce8be7d3c31ef7fac945bc18fba521ca9a7317e06c55877356db9389e4f591
selected_epw,checksum-only://selected_weather/ssp585/Phoenix/phoenix_ssp585_near_2030s_hot_2033.epw,1361144,9ceeb4e93cc1fa1f33ec810dec9f6bf99e87bd95d9b26b4f3961d0ad978bbfd7
selected_epw,checksum-only://selected_weather/ssp585/Phoenix/phoenix_ssp585_near_2030s_typical_2034.epw,1361081,04924c3a6310c983881890cdd0840c40dc69135332c081960696ad45232f5852
source_forecast_csv,checksum-only://weather_workbooks/CMIP6_MPI_0515_ssp245/Ahmedabad/forecast_Ahmedabad_CMIP6_MPI_0515_ssp245.csv,97996763,9e5d3963960f033188511ce605fbefd2bef30f14e505f4a4d5b8761fc5737b49
source_forecast_csv,checksum-only://weather_workbooks/CMIP6_MPI_0515_ssp245/Beijing/forecast_Beijing_CMIP6_MPI_0515_ssp245.csv,97965472,7788072013bcc14353ea6d11f8f81e48a8eab1ee91645a5ec5ececa11a584012
source_forecast_csv,checksum-only://weather_workbooks/CMIP6_MPI_0515_ssp245/Guangzhou/forecast_Guangzhou_CMIP6_MPI_0515_ssp245.csv,97690495,8f561146eff332a75a1908dcc5e4a40d7d69126a84828118c089dd80b11c2ea9
source_forecast_csv,checksum-only://weather_workbooks/CMIP6_MPI_0515_ssp245/Houston/forecast_Houston_CMIP6_MPI_0515_ssp245.csv,97412763,2176a62eb3ca70474e2e777461f841ca79efba3949a3c648ae502d9ef5e76133
source_forecast_csv,checksum-only://weather_workbooks/CMIP6_MPI_0515_ssp245/Kolkata/forecast_Kolkata_CMIP6_MPI_0515_ssp245.csv,97821627,1942d0e889815b347dd64181e23d9d2cbc092cfdef78b654cd68b07aee91e791
source_forecast_csv,checksum-only://weather_workbooks/CMIP6_MPI_0515_ssp245/Phoenix/forecast_Phoenix_CMIP6_MPI_0515_ssp245.csv,97777679,97587cd62ac493164b4dffbfd2f0d114292aa51413b1a6261dcd7285862c081c
source_forecast_csv,checksum-only://weather_workbooks/CMIP6_MPI_0515_ssp585/Ahmedabad/forecast_Ahmedabad_CMIP6_MPI_0515_ssp585.csv,97997823,b0eaeeacb0a01ffe1627c25825e650fd91a0953ec376a59c3e84c5f11478a114
source_forecast_csv,checksum-only://weather_workbooks/CMIP6_MPI_0515_ssp585/Beijing/forecast_Beijing_CMIP6_MPI_0515_ssp585.csv,97943699,5e58f1b36e17e081033e491575ac7386c38cc18325e776831a53c2d65ada7c70
source_forecast_csv,checksum-only://weather_workbooks/CMIP6_MPI_0515_ssp585/Guangzhou/forecast_Guangzhou_CMIP6_MPI_0515_ssp585.csv,97667445,a2b49afe94f7c83f933be930aff309d3fd3b9e5e94915b7b18658837ad33cf29
source_forecast_csv,checksum-only://weather_workbooks/CMIP6_MPI_0515_ssp585/Houston/forecast_Houston_CMIP6_MPI_0515_ssp585.csv,97409489,2a13eb420c0cc227147ebc877656990cd46f70d2fd7e202faec43f3c7815dfec
source_forecast_csv,checksum-only://weather_workbooks/CMIP6_MPI_0515_ssp585/Kolkata/forecast_Kolkata_CMIP6_MPI_0515_ssp585.csv,97822260,4a8952da8a9d0ac0185ae9dbd5fd39489bcaeb98e33abc358ac2d5d4275b2aa3
source_forecast_csv,checksum-only://weather_workbooks/CMIP6_MPI_0515_ssp585/Phoenix/forecast_Phoenix_CMIP6_MPI_0515_ssp585.csv,97754657,91c1a4cc37ecdc75e256ec838d3a26a968720d202ac15b329825973e0a8542ee
source_workbook,checksum-only://weather_workbooks/CMIP6_MPI_0515_ssp245/Ahmedabad/forecast_Ahmedabad_CMIP6_MPI_0515_ssp245.xlsx,65472034,0623023a4ad3f1e7aed8d6e41e90ac3899ca7e45379e2ead9cefd76680cdc56f
source_workbook,checksum-only://weather_workbooks/CMIP6_MPI_0515_ssp245/Beijing/forecast_Beijing_CMIP6_MPI_0515_ssp245.xlsx,64364162,8a24383cd6be9435f6982e4e4283e24720be1d18a7cd00771b9211d22b22667f
source_workbook,checksum-only://weather_workbooks/CMIP6_MPI_0515_ssp245/Guangzhou/forecast_Guangzhou_CMIP6_MPI_0515_ssp245.xlsx,63813973,1b5b78c38bd6274ad53f62b87c18b8a42625cb666bffcdf7c14e64156f45770b
source_workbook,checksum-only://weather_workbooks/CMIP6_MPI_0515_ssp245/Houston/forecast_Houston_CMIP6_MPI_0515_ssp245.xlsx,65510853,95a84fdd3b8fd2cdd23102c9c2c3bf21a962d84c3cc5de1b540453d82c72ab7e
source_workbook,checksum-only://weather_workbooks/CMIP6_MPI_0515_ssp245/Kolkata/forecast_Kolkata_CMIP6_MPI_0515_ssp245.xlsx,64950146,57c05e0d5971cd22e46f3a9e82fb88baa74c35920362cad2700de5a0479e186f
source_workbook,checksum-only://weather_workbooks/CMIP6_MPI_0515_ssp245/Phoenix/forecast_Phoenix_CMIP6_MPI_0515_ssp245.xlsx,65261735,c4885db3fa8cf318f196191216e9a81924bb67442ad5a90ba9399170020554cb
source_workbook,checksum-only://weather_workbooks/CMIP6_MPI_0515_ssp585/Ahmedabad/forecast_Ahmedabad_CMIP6_MPI_0515_ssp585.xlsx,65466284,afa3c2dc4e7787e5bc37970586ab2e81e438578eba6ced78c6b91d3fd952bae8
source_workbook,checksum-only://weather_workbooks/CMIP6_MPI_0515_ssp585/Beijing/forecast_Beijing_CMIP6_MPI_0515_ssp585.xlsx,64350466,6a70d4bc3fc43290ecfddf32c76a018526f5bea7cd863fa40e519638c00d0725
source_workbook,checksum-only://weather_workbooks/CMIP6_MPI_0515_ssp585/Guangzhou/forecast_Guangzhou_CMIP6_MPI_0515_ssp585.xlsx,63816110,7441bd807a2df2202e4441e262cace38413254bd986dac348894b0a25edce2a4
source_workbook,checksum-only://weather_workbooks/CMIP6_MPI_0515_ssp585/Houston/forecast_Houston_CMIP6_MPI_0515_ssp585.xlsx,65503258,ed17236ef7f5c3a8f5830427adc864fea65749cf86a7948821d8e9d562447119
source_workbook,checksum-only://weather_workbooks/CMIP6_MPI_0515_ssp585/Kolkata/forecast_Kolkata_CMIP6_MPI_0515_ssp585.xlsx,64948973,fcabd7c904bbed3f31d154f87f9611ab5ea71a2916f57f9c6914f55ca45d2cf7
source_workbook,checksum-only://weather_workbooks/CMIP6_MPI_0515_ssp585/Phoenix/forecast_Phoenix_CMIP6_MPI_0515_ssp585.xlsx,65258263,04ffd81575c13042a83072a1acceac7908bec5f75d33b2794db44a9e5a908a60
matching_weather_generator_reference,checksum-only://reference_epw/apply_climate_delta_batch.py,67782,4f8e1c2fb09b02c074c48214c9ae10e958c09475d64ec4610f84981ddd4d0228
published_samy_method_local_source,checksum-only://weather_generator_reference/sAMY_manuscript.tex,143444,c9f7ce481ae1a7dd8401a8dc939df55f762c586ecff68b5ebb7875910ad79a7c
