case_id,city,scenario,time_slice,severity,weather_year,manifest_mean_temp_c,manifest_cdh18_c_hour,manifest_max_temp_c,manifest_hours_temp_ge_35,manifest_mean_rh_pct,epw_path,data_rows,calendar_years,invalid_field_width_rows,body_sha256,transform_sha256,mean_temp_c,min_temp_c,max_temp_c,cdh18_c_hour,hours_temp_ge_35,mean_rh_pct,min_rh_pct,max_rh_pct,dewpoint_above_drybulb_rows,min_pressure_pa,max_pressure_pa,annual_ghi_kwh_m2,max_ghi_w_m2,max_dni_w_m2,max_dhi_w_m2,max_wind_m_s,broad_range_violation_rows,mean_temp_difference_c,max_temp_difference_c,cdh18_difference_c_hour,hours_ge_35_difference,mean_rh_difference_pct_point
ahmedabad_ssp245_baseline_2020s_heatwave_extreme_2029,Ahmedabad,ssp245,baseline_2020s,heatwave_extreme,2029,28.350228,92624.224841,43.199049,1176,56.359483,checksum-only://selected_weather/ssp245/Ahmedabad/ahmedabad_ssp245_baseline_2020s_heatwave_extreme_2029.epw,8760,2029,0,682e11cf9df4cf073992dc57a1b21d72191ee1e5197222a97008512b8adf842c,86f043ecb2928d8b2191f4a7805e6850f16958a27c5dc88b2d4b255225eb1e1b,28.350182648401823,11.17,43.2,92623.94,1177,56.36050228310502,19.0,89.0,0,99263.0,102309.0,1996.929,911.0,799.0,464.0,7.45,0,-4.535159817820045e-05,0.0009510000000005903,-0.284841000000597,1,0.0010192831050233053
ahmedabad_ssp245_baseline_2020s_hot_2029,Ahmedabad,ssp245,baseline_2020s,hot,2029,28.350228,92624.224841,43.199049,1176,56.359483,checksum-only://selected_weather/ssp245/Ahmedabad/ahmedabad_ssp245_baseline_2020s_hot_2029.epw,8760,2029,0,682e11cf9df4cf073992dc57a1b21d72191ee1e5197222a97008512b8adf842c,86f043ecb2928d8b2191f4a7805e6850f16958a27c5dc88b2d4b255225eb1e1b,28.350182648401823,11.17,43.2,92623.94,1177,56.36050228310502,19.0,89.0,0,99263.0,102309.0,1996.929,911.0,799.0,464.0,7.45,0,-4.535159817820045e-05,0.0009510000000005903,-0.284841000000597,1,0.0010192831050233053
ahmedabad_ssp245_baseline_2020s_typical_2025,Ahmedabad,ssp245,baseline_2020s,typical,2025,27.84526,87476.146149,43.866432,840,56.373538,checksum-only://selected_weather/ssp245/Ahmedabad/ahmedabad_ssp245_baseline_2020s_typical_2025.epw,8760,2025,0,dd901e9649c2674cdced993e8f00ed69849eead51f08823f55f32ca2edf649af,ef1ae1b0beb2f12ff8fccd99cb5ebe5fae0dae5fcc851b9065273650f9c492d9,27.845284246575346,8.41,43.87,87476.30000000002,840,56.37625570776256,19.0,89.0,0,99288.0,102152.0,1977.121,949.0,799.0,458.0,6.54,0,2.4246575346609234e-05,0.0035679999999942424,0.15385100002458785,0,0.0027177077625566426
ahmedabad_ssp245_late_2080s_heatwave_extreme_2081,Ahmedabad,ssp245,late_2080s,heatwave_extreme,2081,29.058799,98097.758616,46.090774,1344,56.386751,checksum-only://selected_weather/ssp245/Ahmedabad/ahmedabad_ssp245_late_2080s_heatwave_extreme_2081.epw,8760,2081,0,0878c640c77cf59b3c456c404a8bc3ccf079e3779cfa8fa778f64b3cd89657be,fbbc79abf8821dc180ff096a7c58139323eae79e9a09cf9fb95c32b449410a70,29.058849315068493,8.4,46.09,98098.08,1345,56.39075342465753,19.0,89.0,0,99646.0,102052.0,2000.318,950.0,799.0,457.0,6.24,0,5.031506849206835e-05,-0.0007739999999998304,0.3213839999953052,1,0.0040024246575356415
ahmedabad_ssp245_late_2080s_hot_2081,Ahmedabad,ssp245,late_2080s,hot,2081,29.058799,98097.758616,46.090774,1344,56.386751,checksum-only://selected_weather/ssp245/Ahmedabad/ahmedabad_ssp245_late_2080s_hot_2081.epw,8760,2081,0,0878c640c77cf59b3c456c404a8bc3ccf079e3779cfa8fa778f64b3cd89657be,fbbc79abf8821dc180ff096a7c58139323eae79e9a09cf9fb95c32b449410a70,29.058849315068493,8.4,46.09,98098.08,1345,56.39075342465753,19.0,89.0,0,99646.0,102052.0,2000.318,950.0,799.0,457.0,6.24,0,5.031506849206835e-05,-0.0007739999999998304,0.3213839999953052,1,0.0040024246575356415
ahmedabad_ssp245_late_2080s_typical_2086,Ahmedabad,ssp245,late_2080s,typical,2086,28.022822,88976.69973,48.704821,1176,56.386855,checksum-only://selected_weather/ssp245/Ahmedabad/ahmedabad_ssp245_late_2080s_typical_2086.epw,8760,2086,0,19bc7379cfd8c4f9f740cb0ce983cc14ba802e88a77ce40527a6df05aaf4e6c9,9cb83f9b278da0e2f35a0a882d7416b38248a56302ba569962720cb4d15fd680,28.022840182648405,9.05,48.7,88976.77,1177,56.3912100456621,19.0,89.0,0,99219.0,102110.0,1958.055,956.0,799.0,469.0,6.34,0,1.8182648403808344e-05,-0.004820999999999742,0.07027000001107808,1,0.004355045662101986
ahmedabad_ssp245_mid_2050s_heatwave_extreme_2059,Ahmedabad,ssp245,mid_2050s,heatwave_extreme,2059,28.452703,93447.449756,48.491247,1233,56.401231,checksum-only://selected_weather/ssp245/Ahmedabad/ahmedabad_ssp245_mid_2050s_heatwave_extreme_2059.epw,8760,2059,0,26e51acfc31cccfde342a9eb6133b0d7aaccbaf7f4ebaa6aefc5ac62635d0b13,1c1039c64de021ce0fc263ee49b9d6f08d3b8b2d260be37f2971b104996b6759,28.452689497716896,7.83,48.49,93447.31000000001,1235,56.40890410958904,19.0,89.0,0,99602.0,102125.0,2006.488,937.0,799.0,631.0,7.15,0,-1.3502283103150603e-05,-0.001246999999999332,-0.13975599998957478,2,0.007673109589035221
ahmedabad_ssp245_mid_2050s_hot_2059,Ahmedabad,ssp245,mid_2050s,hot,2059,28.452703,93447.449756,48.491247,1233,56.401231,checksum-only://selected_weather/ssp245/Ahmedabad/ahmedabad_ssp245_mid_2050s_hot_2059.epw,8760,2059,0,26e51acfc31cccfde342a9eb6133b0d7aaccbaf7f4ebaa6aefc5ac62635d0b13,1c1039c64de021ce0fc263ee49b9d6f08d3b8b2d260be37f2971b104996b6759,28.452689497716896,7.83,48.49,93447.31000000001,1235,56.40890410958904,19.0,89.0,0,99602.0,102125.0,2006.488,937.0,799.0,631.0,7.15,0,-1.3502283103150603e-05,-0.001246999999999332,-0.13975599998957478,2,0.007673109589035221
ahmedabad_ssp245_mid_2050s_typical_2058,Ahmedabad,ssp245,mid_2050s,typical,2058,27.502697,85434.257832,43.714808,972,56.373664,checksum-only://selected_weather/ssp245/Ahmedabad/ahmedabad_ssp245_mid_2050s_typical_2058.epw,8760,2058,0,a5f0200b5cb5eaf100921659b7130db899c76b2af3807acb615acf4152b4a430,ad374a487db82dc405fa667eb2c91b4cbe0ec056be6180def6293c6e6dce35c4,27.502721461187214,9.02,43.71,85434.54000000001,972,56.382990867579906,19.0,89.0,0,99566.0,102529.0,1965.949,942.0,799.0,469.0,5.83,0,2.4461187212665436e-05,-0.004807999999997037,0.2821680000051856,0,0.009326867579908082
ahmedabad_ssp245_near_2030s_heatwave_extreme_2034,Ahmedabad,ssp245,near_2030s,heatwave_extreme,2034,28.257058,90991.054602,46.222167,1110,56.403206,checksum-only://selected_weather/ssp245/Ahmedabad/ahmedabad_ssp245_near_2030s_heatwave_extreme_2034.epw,8760,2034,0,b7e2469848177c26fcdbfe570f458e795ba758d5fbaffca9c5dfed3aec7df2ca,377d73f33651f2d794560d396c1b7364680b0456055a3f8ffb3a1c8cd2c6c3f6,28.257058219178084,9.52,46.22,90990.99000000002,1111,56.40251141552511,19.0,89.0,0,99365.0,102277.0,1905.076,925.0,798.0,445.0,5.82,0,2.191780836824364e-07,-0.00216700000000003,-0.0646019999840064,1,-0.0006945844748855734
ahmedabad_ssp245_near_2030s_hot_2034,Ahmedabad,ssp245,near_2030s,hot,2034,28.257058,90991.054602,46.222167,1110,56.403206,checksum-only://selected_weather/ssp245/Ahmedabad/ahmedabad_ssp245_near_2030s_hot_2034.epw,8760,2034,0,b7e2469848177c26fcdbfe570f458e795ba758d5fbaffca9c5dfed3aec7df2ca,377d73f33651f2d794560d396c1b7364680b0456055a3f8ffb3a1c8cd2c6c3f6,28.257058219178084,9.52,46.22,90990.99000000002,1111,56.40251141552511,19.0,89.0,0,99365.0,102277.0,1905.076,925.0,798.0,445.0,5.82,0,2.191780836824364e-07,-0.00216700000000003,-0.0646019999840064,1,-0.0006945844748855734
ahmedabad_ssp245_near_2030s_typical_2032,Ahmedabad,ssp245,near_2030s,typical,2032,27.41087,85470.075181,42.672822,900,56.360225,checksum-only://selected_weather/ssp245/Ahmedabad/ahmedabad_ssp245_near_2030s_typical_2032.epw,8784,2032,0,2d09699a8def8dea46d49e77a64f1458cf59986016b22b15c1876380e3278fbe,d24446921d40f4d66b972321d3fcad2e134f2a3ea54a57f1fe53b1b16f6e80c5,27.410842440801456,6.78,42.67,85469.79000000001,901,56.36327413479053,19.0,89.0,0,99262.0,102278.0,1901.148,914.0,799.0,460.0,6.12,0,-2.7559198542803642e-05,-0.002821999999994773,-0.2851809999847319,1,0.003049134790529706
ahmedabad_ssp585_baseline_2020s_heatwave_extreme_2027,Ahmedabad,ssp585,baseline_2020s,heatwave_extreme,2027,28.247966,92410.889875,43.764356,1162,56.373055,checksum-only://selected_weather/ssp585/Ahmedabad/ahmedabad_ssp585_baseline_2020s_heatwave_extreme_2027.epw,8760,2027,0,4fce79efd959a284c70cf2070a851ecd1bb5ca29a70a4caa8b80fa7cb9d6e81e,ee86a7bf06124610f2bd247419883ebd26995dfb99d67b607992f1fb2522074c,28.247985159817354,8.23,43.76,92411.03000000001,1164,56.37614155251141,19.0,89.0,0,99548.0,102261.0,2073.705,974.0,799.0,697.0,8.9,0,1.9159817352232267e-05,-0.004356000000001359,0.14012500001990702,2,0.0030865525114123216
ahmedabad_ssp585_baseline_2020s_hot_2027,Ahmedabad,ssp585,baseline_2020s,hot,2027,28.247966,92410.889875,43.764356,1162,56.373055,checksum-only://selected_weather/ssp585/Ahmedabad/ahmedabad_ssp585_baseline_2020s_hot_2027.epw,8760,2027,0,4fce79efd959a284c70cf2070a851ecd1bb5ca29a70a4caa8b80fa7cb9d6e81e,ee86a7bf06124610f2bd247419883ebd26995dfb99d67b607992f1fb2522074c,28.247985159817354,8.23,43.76,92411.03000000001,1164,56.37614155251141,19.0,89.0,0,99548.0,102261.0,2073.705,974.0,799.0,697.0,8.9,0,1.9159817352232267e-05,-0.004356000000001359,0.14012500001990702,2,0.0030865525114123216
ahmedabad_ssp585_baseline_2020s_typical_2025,Ahmedabad,ssp585,baseline_2020s,typical,2025,27.769898,87125.097005,46.601166,822,56.373538,checksum-only://selected_weather/ssp585/Ahmedabad/ahmedabad_ssp585_baseline_2020s_typical_2025.epw,8760,2025,0,049155beb917b95aa396b2ee4456f2a57d735fc17e9a513b518541c264cd893d,89cc3c20266f5b5b83eae3de285fbcd7575ddcce6d0ab6f41fe24c58cb560e58,27.76990068493151,10.59,46.6,87125.27,824,56.37625570776256,19.0,89.0,0,99544.0,102127.0,1985.359,957.0,799.0,680.0,6.16,0,2.6849315091226345e-06,-0.00116599999999778,0.17299500000081025,2,0.0027177077625566426
ahmedabad_ssp585_late_2080s_heatwave_extreme_2088,Ahmedabad,ssp585,late_2080s,heatwave_extreme,2088,30.258735,107894.289868,49.175956,1765,56.357362,checksum-only://selected_weather/ssp585/Ahmedabad/ahmedabad_ssp585_late_2080s_heatwave_extreme_2088.epw,8784,2088,0,54dcff04b8f8dcf0003c4f69941be2d5ae5b63318642e5659ae176538fc951a1,04b084d31d56bab8ba566f35e6a2cbaca47dba69cf029bb896c94b30360f8919,30.258701047358834,12.0,49.18,107893.97,1766,56.3549635701275,19.0,89.0,0,99598.0,102293.0,1952.58,940.0,799.0,464.0,6.51,0,-3.395264116790031e-05,0.004044000000000381,-0.31986800000595395,1,-0.002398429872499719
ahmedabad_ssp585_late_2080s_hot_2088,Ahmedabad,ssp585,late_2080s,hot,2088,30.258735,107894.289868,49.175956,1765,56.357362,checksum-only://selected_weather/ssp585/Ahmedabad/ahmedabad_ssp585_late_2080s_hot_2088.epw,8784,2088,0,54dcff04b8f8dcf0003c4f69941be2d5ae5b63318642e5659ae176538fc951a1,04b084d31d56bab8ba566f35e6a2cbaca47dba69cf029bb896c94b30360f8919,30.258701047358834,12.0,49.18,107893.97,1766,56.3549635701275,19.0,89.0,0,99598.0,102293.0,1952.58,940.0,799.0,464.0,6.51,0,-3.395264116790031e-05,0.004044000000000381,-0.31986800000595395,1,-0.002398429872499719
ahmedabad_ssp585_late_2080s_typical_2087,Ahmedabad,ssp585,late_2080s,typical,2087,29.166304,98528.964972,44.660091,1436,56.402861,checksum-only://selected_weather/ssp585/Ahmedabad/ahmedabad_ssp585_late_2080s_typical_2087.epw,8760,2087,0,13f43bd06d772bf7f488e4bd9789c2132d877372bdabd76f003d63f64a5e2947,dab0f7ce05ab278f57e92c478d7f1dd3765179b868173c2e6adbe44b132cea4a,29.166350456621004,12.38,44.66,98529.35,1438,56.406050228310505,19.0,89.0,0,99554.0,102094.0,1942.673,980.0,799.0,475.0,5.71,0,4.645662100344339e-05,-9.100000000472619e-05,0.3850280000042403,2,0.0031892283105037222
ahmedabad_ssp585_mid_2050s_heatwave_extreme_2051,Ahmedabad,ssp585,mid_2050s,heatwave_extreme,2051,28.37354,92684.693571,46.727889,1190,56.388343,checksum-only://selected_weather/ssp585/Ahmedabad/ahmedabad_ssp585_mid_2050s_heatwave_extreme_2051.epw,8760,2051,0,5632d50b13a25a2a639581e27edff67a5684a52ea36eb9f6a1d3b0612b28ae9f,ea86cded027279b73e8f343f5c10e8b29171a55c992e8c5e63a4220549b47aad,28.37353310502283,5.06,46.73,92684.61,1191,56.391780821917806,19.0,89.0,0,99639.0,102358.0,2028.153,968.0,798.0,508.0,6.08,0,-6.894977168769856e-06,0.002110999999999308,-0.08357099999557249,1,0.003437821917806616
ahmedabad_ssp585_mid_2050s_hot_2050,Ahmedabad,ssp585,mid_2050s,hot,2050,28.461958,92989.103507,45.623343,1180,56.383025,checksum-only://selected_weather/ssp585/Ahmedabad/ahmedabad_ssp585_mid_2050s_hot_2050.epw,8760,2050,0,8263e4fdfe48d07d80b7df29cb3e9ee2ff96fa6d4d70db50d658690c05539c2f,9b27f325fe46c2e38bcc78ade3b34782b42b0b934bea385a6728928e0d85640c,28.461997716894977,11.6,45.62,92989.61,1183,56.38230593607306,19.0,89.0,0,99595.0,102232.0,1965.241,930.0,798.0,431.0,6.4,0,3.97168949781701e-05,-0.003343000000000984,0.5064929999934975,3,-0.0007190639269438748
ahmedabad_ssp585_mid_2050s_typical_2055,Ahmedabad,ssp585,mid_2050s,typical,2055,27.757055,87384.800906,44.279718,965,56.356043,checksum-only://selected_weather/ssp585/Ahmedabad/ahmedabad_ssp585_mid_2050s_typical_2055.epw,8760,2055,0,a64f00878873a2df8adef4875a8c3fed08a17cc4ce6e4183c9e0c4cb49a4b88b,0f4e6404beef1e90f6ef0d08c9bf35417892009a47b37956233e90b74b3ef97d,27.757093607305933,9.25,44.28,87385.0,967,56.364041095890414,19.0,89.0,0,99454.0,102287.0,1865.337,962.0,799.0,462.0,6.4,0,3.8607305931748215e-05,0.0002819999999985612,0.19909399999596644,2,0.007998095890414447
ahmedabad_ssp585_near_2030s_heatwave_extreme_2037,Ahmedabad,ssp585,near_2030s,heatwave_extreme,2037,27.961734,89638.885702,46.88205,1155,56.40666,checksum-only://selected_weather/ssp585/Ahmedabad/ahmedabad_ssp585_near_2030s_heatwave_extreme_2037.epw,8760,2037,0,ea6ebe492d13130fb6aec9ec2976fce52907ee108f04774ef852e328a84e5c61,4adcb583eeb44ba9c3443d855cfcfe03595da19b5b01db2ff14074653dd5f94a,27.961793378995434,9.95,46.88,89639.37999999999,1156,56.412100456621005,19.0,89.0,0,99428.0,102240.0,1923.366,880.0,799.0,445.0,6.89,0,5.9378995434400395e-05,-0.0020499999999969987,0.49429799999052193,1,0.005440456621002454
ahmedabad_ssp585_near_2030s_hot_2037,Ahmedabad,ssp585,near_2030s,hot,2037,27.961734,89638.885702,46.88205,1155,56.40666,checksum-only://selected_weather/ssp585/Ahmedabad/ahmedabad_ssp585_near_2030s_hot_2037.epw,8760,2037,0,ea6ebe492d13130fb6aec9ec2976fce52907ee108f04774ef852e328a84e5c61,4adcb583eeb44ba9c3443d855cfcfe03595da19b5b01db2ff14074653dd5f94a,27.961793378995434,9.95,46.88,89639.37999999999,1156,56.412100456621005,19.0,89.0,0,99428.0,102240.0,1923.366,880.0,799.0,445.0,6.89,0,5.9378995434400395e-05,-0.0020499999999969987,0.49429799999052193,1,0.005440456621002454
ahmedabad_ssp585_near_2030s_typical_2031,Ahmedabad,ssp585,near_2030s,typical,2031,26.911824,81512.894083,44.890228,849,56.382097,checksum-only://selected_weather/ssp585/Ahmedabad/ahmedabad_ssp585_near_2030s_typical_2031.epw,8760,2031,0,2cd8cce966d18e58284456e5b1bc10cde749752d9237a6878b8950d49a84fc9e,f42287fbf77945fbb5c260df226a71582ae1afa98d27a37737be1f8474db391a,26.91185502283105,7.79,44.89,81513.14000000001,849,56.387100456621006,19.0,89.0,0,99262.0,102271.0,1923.972,913.0,799.0,518.0,6.47,0,3.1022831048943544e-05,-0.00022799999999989495,0.2459170000074664,0,0.005003456621004432
beijing_ssp245_baseline_2020s_heatwave_extreme_2025,Beijing,ssp245,baseline_2020s,heatwave_extreme,2025,13.942054,25156.848381,36.927585,43,56.184776,checksum-only://selected_weather/ssp245/Beijing/beijing_ssp245_baseline_2020s_heatwave_extreme_2025.epw,8760,2025,0,113577d302fec6f6951d856acd45f7067ee1e31cc331af79a078dead380c6177,260608e4f01f068cb28355ac5dac0bb92ddc46eef3daf8bf15bcde4a8762cd15,13.942010273972603,-13.46,36.93,25156.749999999996,43,56.19029680365297,16.0,93.0,0,99391.0,104486.0,1642.315,892.0,763.0,533.0,11.17,0,-4.372602739799447e-05,0.002414999999999168,-0.0983810000034282,0,0.005520803652970585
beijing_ssp245_baseline_2020s_hot_2025,Beijing,ssp245,baseline_2020s,hot,2025,13.942054,25156.848381,36.927585,43,56.184776,checksum-only://selected_weather/ssp245/Beijing/beijing_ssp245_baseline_2020s_hot_2025.epw,8760,2025,0,113577d302fec6f6951d856acd45f7067ee1e31cc331af79a078dead380c6177,260608e4f01f068cb28355ac5dac0bb92ddc46eef3daf8bf15bcde4a8762cd15,13.942010273972603,-13.46,36.93,25156.749999999996,43,56.19029680365297,16.0,93.0,0,99391.0,104486.0,1642.315,892.0,763.0,533.0,11.17,0,-4.372602739799447e-05,0.002414999999999168,-0.0983810000034282,0,0.005520803652970585
beijing_ssp245_baseline_2020s_typical_2026,Beijing,ssp245,baseline_2020s,typical,2026,12.926611,22252.923701,34.029787,0,56.243318,checksum-only://selected_weather/ssp245/Beijing/beijing_ssp245_baseline_2020s_typical_2026.epw,8760,2026,0,e1a396ce14cdae050d4a276f4bf5e20b254f65d8f116954665771888b46ff24b,20d59774c04965fc3670736a2872669d37344cf4bf8e2771e8624582da15ffaf,12.92660388127854,-13.74,34.03,22252.75,0,56.2384703196347,27.0,93.0,0,99548.0,104518.0,1480.341,775.0,727.0,443.0,13.13,0,-7.118721459420385e-06,0.00021300000000223918,-0.1737009999997099,0,-0.004847680365301699
beijing_ssp245_late_2080s_heatwave_extreme_2084,Beijing,ssp245,late_2080s,heatwave_extreme,2084,16.177915,35390.321765,39.979187,254,56.198282,checksum-only://selected_weather/ssp245/Beijing/beijing_ssp245_late_2080s_heatwave_extreme_2084.epw,8784,2084,0,522121311c489c4558e3a58902e0045ebbe0eacf6c951a009d62e7b7c2a70f67,1e51f9d0e4688b05d388fffce6b50a1cc15c45dfee95a40160e059d80abe77a7,16.17790869763206,-9.48,39.98,35390.28,255,56.20184426229508,27.0,93.0,0,99407.0,104012.0,1741.226,873.0,728.0,612.0,12.66,0,-6.302367939525766e-06,0.0008129999999937354,-0.0417650000017602,1,0.00356226229508394
beijing_ssp245_late_2080s_hot_2084,Beijing,ssp245,late_2080s,hot,2084,16.177915,35390.321765,39.979187,254,56.198282,checksum-only://selected_weather/ssp245/Beijing/beijing_ssp245_late_2080s_hot_2084.epw,8784,2084,0,522121311c489c4558e3a58902e0045ebbe0eacf6c951a009d62e7b7c2a70f67,1e51f9d0e4688b05d388fffce6b50a1cc15c45dfee95a40160e059d80abe77a7,16.17790869763206,-9.48,39.98,35390.28,255,56.20184426229508,27.0,93.0,0,99407.0,104012.0,1741.226,873.0,728.0,612.0,12.66,0,-6.302367939525766e-06,0.0008129999999937354,-0.0417650000017602,1,0.00356226229508394
beijing_ssp245_late_2080s_typical_2083,Beijing,ssp245,late_2080s,typical,2083,14.95623,32002.105599,38.462551,152,56.213789,checksum-only://selected_weather/ssp245/Beijing/beijing_ssp245_late_2080s_typical_2083.epw,8760,2083,0,548bbff76bee81d0bee5006966d28fa933c9724267046abcc829dd7da4df4b14,30c413b4b6ab5b64e7eb9fd266313f9b8f8cbd528c002028ee554d036dc8d868,14.95624315068493,-10.6,38.46,32002.22,153,56.214497716894975,27.0,93.0,0,99119.0,104665.0,1680.219,876.0,727.0,603.0,9.57,0,1.3150684930351986e-05,-0.0025509999999968613,0.1144010000025446,1,0.0007087168949766465
beijing_ssp245_mid_2050s_heatwave_extreme_2050,Beijing,ssp245,mid_2050s,heatwave_extreme,2050,15.911342,33146.445686,41.480051,161,56.245852,checksum-only://selected_weather/ssp245/Beijing/beijing_ssp245_mid_2050s_heatwave_extreme_2050.epw,8760,2050,0,6d7ffb99a5c7c5a4b5c8508332a20cf4dcffd34d0520c709c9114fef8a44cb8b,4b8ad6535675a00072ba22b3cf172599ee767b94800d3be709e35477a6883ae5,15.911307077625569,-8.7,41.48,33146.18,161,56.25547945205479,27.0,94.0,0,99345.0,104645.0,1710.469,897.0,728.0,565.0,9.1,0,-3.492237443047941e-05,-5.10000000062405e-05,-0.2656859999988228,0,0.00962745205479365
beijing_ssp245_mid_2050s_hot_2050,Beijing,ssp245,mid_2050s,hot,2050,15.911342,33146.445686,41.480051,161,56.245852,checksum-only://selected_weather/ssp245/Beijing/beijing_ssp245_mid_2050s_hot_2050.epw,8760,2050,0,6d7ffb99a5c7c5a4b5c8508332a20cf4dcffd34d0520c709c9114fef8a44cb8b,4b8ad6535675a00072ba22b3cf172599ee767b94800d3be709e35477a6883ae5,15.911307077625569,-8.7,41.48,33146.18,161,56.25547945205479,27.0,94.0,0,99345.0,104645.0,1710.469,897.0,728.0,565.0,9.1,0,-3.492237443047941e-05,-5.10000000062405e-05,-0.2656859999988228,0,0.00962745205479365
beijing_ssp245_mid_2050s_typical_2056,Beijing,ssp245,mid_2050s,typical,2056,13.836386,28629.57452,35.821441,16,56.203445,checksum-only://selected_weather/ssp245/Beijing/beijing_ssp245_mid_2050s_typical_2056.epw,8784,2056,0,7c8a14e4da9aeaafd2361c3d94f2fc0c1cd4d019fc5f810652137d3cde4ed6d0,7cb0e3446b9a7fb4f09f5af64a9c37327673c3156a6833cfb28178b609110931,13.836416211293262,-12.73,35.82,28629.77,16,56.20389344262295,27.0,93.0,0,98898.0,104771.0,1637.788,887.0,727.0,551.0,10.75,0,3.0211293262638605e-05,-0.0014409999999998035,0.19548000000213506,0,0.0004484426229467431
beijing_ssp245_near_2030s_heatwave_extreme_2039,Beijing,ssp245,near_2030s,heatwave_extreme,2039,12.716815,23705.363877,36.561024,8,56.254054,checksum-only://selected_weather/ssp245/Beijing/beijing_ssp245_near_2030s_heatwave_extreme_2039.epw,8760,2039,0,5b3ec10bd62d85baf976fafa1876e95917501b8ea6d3bc5d1dbc2770f1263686,013c3d5904a475e1b034d42c7975a6390b47cae288e168e4aed77dd43683b02c,12.716832191780822,-14.11,36.56,23705.4,8,56.25673515981735,27.0,93.0,0,99474.0,104767.0,1542.518,831.0,728.0,368.0,9.67,0,1.7191780822045644e-05,-0.001024000000001024,0.03612300000168034,0,0.0026811598173566153
beijing_ssp245_near_2030s_hot_2034,Beijing,ssp245,near_2030s,hot,2034,13.676108,25930.034675,35.467135,7,56.234342,checksum-only://selected_weather/ssp245/Beijing/beijing_ssp245_near_2030s_hot_2034.epw,8760,2034,0,4b566ec592c7386c10876a7b2728b3bdc93345ea60c9f344f4a3ba18521f4d86,5a0ede4791cfe0fe73cebbf8c2b6df4f44f63bff6c1a32e43c6df05fed1e3f19,13.676070776255708,-12.3,35.47,25929.780000000002,7,56.23710045662101,27.0,93.0,0,99195.0,104347.0,1617.191,864.0,728.0,476.0,11.12,0,-3.722374429138142e-05,0.0028649999999998954,-0.2546749999964959,0,0.0027584566210094863
beijing_ssp245_near_2030s_typical_2035,Beijing,ssp245,near_2030s,typical,2035,12.562019,24892.614296,34.861485,0,56.236791,checksum-only://selected_weather/ssp245/Beijing/beijing_ssp245_near_2030s_typical_2035.epw,8760,2035,0,ac45890d2a099cdd99b2bbd07ab35b33f3afe9590bc046d9e0f4e53a94314838,e4564de457bcaf8673d4b24d9a5e3ad81ee3fd220e7ea49babd258d7f59c447b,12.562023972602738,-13.24,34.86,24892.769999999997,0,56.239497716894974,27.0,93.0,0,99276.0,104686.0,1535.793,760.0,728.0,512.0,11.66,0,4.9726027384622284e-06,-0.001485000000002401,0.15570399999705842,0,0.002706716894977035
beijing_ssp585_baseline_2020s_heatwave_extreme_2029,Beijing,ssp585,baseline_2020s,heatwave_extreme,2029,13.001206,25597.389777,35.826267,14,56.273923,checksum-only://selected_weather/ssp585/Beijing/beijing_ssp585_baseline_2020s_heatwave_extreme_2029.epw,8760,2029,0,fc7ee2a2821718a92ee217eed43b6d3ebe4a4ab13c0e2c099efaa707d7537cdd,071710f2a0feb2e98478d862e83d265a13558b7a882a8025cc8d1e47fc1af10c,13.001245433789954,-17.62,35.83,25597.460000000003,14,56.2791095890411,27.0,94.0,0,99307.0,104442.0,1601.965,838.0,728.0,490.0,11.28,0,3.94337899543018e-05,0.0037329999999968777,0.07022300000244286,0,0.0051865890410951465
beijing_ssp585_baseline_2020s_hot_2029,Beijing,ssp585,baseline_2020s,hot,2029,13.001206,25597.389777,35.826267,14,56.273923,checksum-only://selected_weather/ssp585/Beijing/beijing_ssp585_baseline_2020s_hot_2029.epw,8760,2029,0,fc7ee2a2821718a92ee217eed43b6d3ebe4a4ab13c0e2c099efaa707d7537cdd,071710f2a0feb2e98478d862e83d265a13558b7a882a8025cc8d1e47fc1af10c,13.001245433789954,-17.62,35.83,25597.460000000003,14,56.2791095890411,27.0,94.0,0,99307.0,104442.0,1601.965,838.0,728.0,490.0,11.28,0,3.94337899543018e-05,0.0037329999999968777,0.07022300000244286,0,0.0051865890410951465
beijing_ssp585_baseline_2020s_typical_2026,Beijing,ssp585,baseline_2020s,typical,2026,12.622652,22828.275548,34.634711,0,56.243318,checksum-only://selected_weather/ssp585/Beijing/beijing_ssp585_baseline_2020s_typical_2026.epw,8760,2026,0,0c6303cb9b5689ce14d007489cf8ca78aacfe83a544f1c739ad6f67fd392898a,ed3e39e75d9ea1211ce6cb32ccb0ace2c8c2bc63218060157ada0d256b47abad,12.622576484018264,-17.99,34.63,22827.87,0,56.2384703196347,27.0,93.0,0,99598.0,104683.0,1516.361,866.0,727.0,333.0,11.49,0,-7.551598173627383e-05,-0.004711000000000354,-0.4055480000024545,0,-0.004847680365301699
beijing_ssp585_late_2080s_heatwave_extreme_2089,Beijing,ssp585,late_2080s,heatwave_extreme,2089,17.771001,44549.847652,41.499104,420,56.247569,checksum-only://selected_weather/ssp585/Beijing/beijing_ssp585_late_2080s_heatwave_extreme_2089.epw,8760,2089,0,b3364b0c0403bdd27f0dc6dd22e7ecd20d9bd4705963f025810db432ea565301,10cc5566a163b809d6de83ee9c59abd3c705072830df6a9330573669e9de8d29,17.771,-6.57,41.5,44549.85,422,56.24748858447489,27.0,94.0,0,99054.0,104688.0,1660.156,871.0,728.0,607.0,10.0,0,-9.999999974752427e-07,0.0008959999999973434,0.002348000001802575,2,-8.041552511173222e-05
beijing_ssp585_late_2080s_hot_2089,Beijing,ssp585,late_2080s,hot,2089,17.771001,44549.847652,41.499104,420,56.247569,checksum-only://selected_weather/ssp585/Beijing/beijing_ssp585_late_2080s_hot_2089.epw,8760,2089,0,b3364b0c0403bdd27f0dc6dd22e7ecd20d9bd4705963f025810db432ea565301,10cc5566a163b809d6de83ee9c59abd3c705072830df6a9330573669e9de8d29,17.771,-6.57,41.5,44549.85,422,56.24748858447489,27.0,94.0,0,99054.0,104688.0,1660.156,871.0,728.0,607.0,10.0,0,-9.999999974752427e-07,0.0008959999999973434,0.002348000001802575,2,-8.041552511173222e-05
beijing_ssp585_late_2080s_typical_2084,Beijing,ssp585,late_2080s,typical,2084,16.689317,37071.552971,42.710354,315,56.198282,checksum-only://selected_weather/ssp585/Beijing/beijing_ssp585_late_2080s_typical_2084.epw,8784,2084,0,9519b95d5717f346c8a127d7730998eb1201329ac65c71fb2d7a7363f2e8f039,57848134c0f47825849ec9bb9f916035f345b3f5355c85eb42d753122d996fee,16.689312386156647,-10.35,42.71,37071.63,315,56.20184426229508,27.0,93.0,0,99135.0,104658.0,1612.753,858.0,728.0,620.0,12.21,0,-4.613843351819469e-06,-0.00035400000000151977,0.07702900000003865,0,0.00356226229508394
beijing_ssp585_mid_2050s_heatwave_extreme_2052,Beijing,ssp585,mid_2050s,heatwave_extreme,2052,15.566675,38823.246898,44.690405,375,56.212196,checksum-only://selected_weather/ssp585/Beijing/beijing_ssp585_mid_2050s_heatwave_extreme_2052.epw,8784,2052,0,9d07cd74691118d2f0b595ca9dc5f2d31962553b652ffa05874c5e2f7c8fff15,3c5f6a5b494012e2f6ab4a4b026b8e6f3b2038fc58867905f3f35bc9ba514444,15.566722449908925,-15.09,44.69,38823.45,375,56.21254553734062,27.0,93.0,0,99166.0,104917.0,1660.16,913.0,728.0,458.0,9.36,0,4.7449908924690476e-05,-0.00040500000000065484,0.20310199999948964,0,0.00034953734061815567
beijing_ssp585_mid_2050s_hot_2052,Beijing,ssp585,mid_2050s,hot,2052,15.566675,38823.246898,44.690405,375,56.212196,checksum-only://selected_weather/ssp585/Beijing/beijing_ssp585_mid_2050s_hot_2052.epw,8784,2052,0,9d07cd74691118d2f0b595ca9dc5f2d31962553b652ffa05874c5e2f7c8fff15,3c5f6a5b494012e2f6ab4a4b026b8e6f3b2038fc58867905f3f35bc9ba514444,15.566722449908925,-15.09,44.69,38823.45,375,56.21254553734062,27.0,93.0,0,99166.0,104917.0,1660.16,913.0,728.0,458.0,9.36,0,4.7449908924690476e-05,-0.00040500000000065484,0.20310199999948964,0,0.00034953734061815567
beijing_ssp585_mid_2050s_typical_2053,Beijing,ssp585,mid_2050s,typical,2053,15.043602,31059.089651,36.965182,41,56.219349,checksum-only://selected_weather/ssp585/Beijing/beijing_ssp585_mid_2050s_typical_2053.epw,8760,2053,0,9205208984eadd7b50f0c2eae9d2b62365744f65672fe4b485e475bc19717ab7,f175a12ce6bceebfc79317302aa9ba2b4acbdabfd828dbad6df1413176a86aa6,15.043634703196346,-9.4,36.97,31059.42,43,56.221803652968035,27.0,94.0,0,99015.0,104119.0,1599.649,841.0,729.0,453.0,9.57,0,3.2703196346517416e-05,0.004818000000000211,0.3303489999998419,2,0.0024546529680335993
beijing_ssp585_near_2030s_heatwave_extreme_2030,Beijing,ssp585,near_2030s,heatwave_extreme,2030,12.897317,28829.887595,37.244627,59,56.241516,checksum-only://selected_weather/ssp585/Beijing/beijing_ssp585_near_2030s_heatwave_extreme_2030.epw,8760,2030,0,fbe06d88b8e88faccbe0576f38acde9f6af8aca575622af34d25e7af977f3e3d,f3cabcab98eaf17d08e27289c73af17e0528f47402673d616a12d6199b9bfe29,12.897333333333332,-15.9,37.24,28829.94,59,56.23835616438356,27.0,93.0,0,99049.0,104420.0,1670.123,806.0,727.0,542.0,11.74,0,1.6333333332951838e-05,-0.004626999999999271,0.052404999998543644,0,-0.0031598356164366237
beijing_ssp585_near_2030s_hot_2037,Beijing,ssp585,near_2030s,hot,2037,13.573192,29936.257513,35.413196,10,56.223518,checksum-only://selected_weather/ssp585/Beijing/beijing_ssp585_near_2030s_hot_2037.epw,8760,2037,0,b5744415947205fcb199be97aa24a2302d7c0d82d2c3e7222e88ce4c0407fbe9,eb80cb0a61520fe980be42011a30b583b72736ab3617f95864b5401572e5c10f,13.573218036529681,-20.41,35.41,29936.57,10,56.21929223744292,27.0,93.0,0,99104.0,104846.0,1656.446,848.0,727.0,531.0,13.48,0,2.6036529680695253e-05,-0.003196000000002641,0.312486999999237,0,-0.004225762557076962
beijing_ssp585_near_2030s_typical_2032,Beijing,ssp585,near_2030s,typical,2032,14.343585,26596.030161,34.894855,0,56.208055,checksum-only://selected_weather/ssp585/Beijing/beijing_ssp585_near_2030s_typical_2032.epw,8784,2032,0,caa54723021bdca1a46f6a8e463c43283e6c12a1d4f3fa54b6e272b390e9bde1,05562d15bf62e214a167f06c674b944895c5d91b3aaf0d3d1e05132ccb114d5b,14.343623633879782,-10.47,34.89,26596.07,0,56.20742258652095,27.0,94.0,0,99443.0,104522.0,1639.167,878.0,727.0,490.0,9.87,0,3.863387978242372e-05,-0.0048549999999991655,0.03983900000093854,0,-0.0006324134790531843
guangzhou_ssp245_baseline_2020s_heatwave_extreme_2028,Guangzhou,ssp245,baseline_2020s,heatwave_extreme,2028,23.219796,53290.370677,34.946108,0,72.031759,checksum-only://selected_weather/ssp245/Guangzhou/guangzhou_ssp245_baseline_2020s_heatwave_extreme_2028.epw,8784,2028,0,9d5f088a21e1c0f58f8f139b811472332aae4f745ab044bc29a0968e0c1495d1,7c3d619191f27e38ac4d044f51f107e3eb6bc616ef89e97364c8613979544098,23.21977459016393,1.18,34.95,53290.259999999995,0,72.03085154826958,45.0,90.0,0,99437.0,103549.0,1549.661,904.0,446.0,604.0,7.38,0,-2.140983606935265e-05,0.0038920000000004507,-0.1106770000042161,0,-0.0009074517304128449
guangzhou_ssp245_baseline_2020s_hot_2027,Guangzhou,ssp245,baseline_2020s,hot,2027,23.630798,58340.686621,34.532757,0,72.054558,checksum-only://selected_weather/ssp245/Guangzhou/guangzhou_ssp245_baseline_2020s_hot_2027.epw,8760,2027,0,91f7803f2d9bb26214f4859058ca2469e6b3363a9ae1281183bcf5cf87e3aaac,4863da49afd58c22c51148bf48313767182f880f5f017a35ca8697272e93b3ad,23.63078424657534,-3.67,34.53,58340.56,0,72.05559360730594,45.0,90.0,0,99332.0,103838.0,1577.313,845.0,446.0,525.0,11.0,0,-1.3753424656925972e-05,-0.0027569999999954575,-0.12662100000306964,0,0.001035607305936992
guangzhou_ssp245_baseline_2020s_typical_2025,Guangzhou,ssp245,baseline_2020s,typical,2025,23.474218,55412.816317,34.827892,0,71.982966,checksum-only://selected_weather/ssp245/Guangzhou/guangzhou_ssp245_baseline_2020s_typical_2025.epw,8760,2025,0,69c4523a6b289c52fcb3863ec6e0df115fecad68709320256967febbe86d906e,ced5f08372b93a7b4ae389ba40644c6de1c6d779523ec6eaa77a243711f94ab6,23.474249999999998,2.37,34.83,55412.85,0,71.98333333333333,42.0,90.0,0,99584.0,103494.0,1590.983,807.0,446.0,624.0,9.65,0,3.199999999736747e-05,0.0021079999999997767,0.033683000001474284,0,0.0003673333333296114
guangzhou_ssp245_late_2080s_heatwave_extreme_2088,Guangzhou,ssp245,late_2080s,heatwave_extreme,2088,24.890647,68825.740854,36.487835,137,72.040647,checksum-only://selected_weather/ssp245/Guangzhou/guangzhou_ssp245_late_2080s_heatwave_extreme_2088.epw,8784,2088,0,7b07031aef5e91cf018b8438fd01cb15c63af4d21c010251a3e6fed538b5d8c5,9973242f394942e47631cdddcf179e3032caa7edcf2e06dd23910b03c50639af,24.890647768670313,2.15,36.49,68825.65999999999,139,72.03699908925319,45.0,90.0,0,99752.0,103588.0,1770.367,849.0,446.0,747.0,8.61,0,7.686703114018201e-07,0.0021650000000050795,-0.08085400001436938,2,-0.003647910746821026
guangzhou_ssp245_late_2080s_hot_2083,Guangzhou,ssp245,late_2080s,hot,2083,25.286183,68907.514793,36.753543,75,72.021173,checksum-only://selected_weather/ssp245/Guangzhou/guangzhou_ssp245_late_2080s_hot_2083.epw,8760,2083,0,6675cd92c753b37065312e184e50afe930c9f5a83136bf912a6938942c4466e6,9781af965dbfbd3068ab2d4f2321a549eb637185bfb3be2d0691048928b1245a,25.286223744292236,7.74,36.75,68907.78,76,72.01837899543379,45.0,90.0,0,99681.0,103645.0,1776.785,965.0,446.0,864.0,9.78,0,4.074429223521747e-05,-0.003543000000000518,0.2652070000040112,1,-0.0027940045662120383
guangzhou_ssp245_late_2080s_typical_2084,Guangzhou,ssp245,late_2080s,typical,2084,24.628912,65314.094441,35.822609,22,72.038334,checksum-only://selected_weather/ssp245/Guangzhou/guangzhou_ssp245_late_2080s_typical_2084.epw,8784,2084,0,d62975ab99f71c4d68d31826860f67aa16ffbdcd09d6c598ca6cf8699084666a,f03d0ad7700fba97658496fa0524dc1b40cfc3d8144dd6dc2eb2afdcee3b0843,24.62897427140255,5.38,35.82,65314.380000000005,23,72.03950364298726,45.0,90.0,0,99488.0,103720.0,1599.699,881.0,446.0,675.0,9.71,0,6.227140255177233e-05,-0.0026089999999996394,0.28555900000355905,1,0.0011696429872500858
guangzhou_ssp245_mid_2050s_heatwave_extreme_2055,Guangzhou,ssp245,mid_2050s,heatwave_extreme,2055,24.496591,61767.010427,35.612035,36,72.058375,checksum-only://selected_weather/ssp245/Guangzhou/guangzhou_ssp245_mid_2050s_heatwave_extreme_2055.epw,8760,2055,0,757924282223c190026ed536d677b9ac479cbf48e3795636808742c93d7606f2,12f05c4e9a9fdcba049376d9f36e81bada6aea89684601f48a65bdd6393c5469,24.49658561643836,7.08,35.61,61766.88,36,72.0560502283105,45.0,90.0,0,99413.0,103287.0,1741.379,987.0,446.0,681.0,7.13,0,-5.383561639149548e-06,-0.002034999999999343,-0.13042700000369223,0,-0.0023247716895014037
guangzhou_ssp245_mid_2050s_hot_2051,Guangzhou,ssp245,mid_2050s,hot,2051,24.481152,64638.588891,36.067307,13,72.03898,checksum-only://selected_weather/ssp245/Guangzhou/guangzhou_ssp245_mid_2050s_hot_2051.epw,8760,2051,0,2709662e9ca2b56f853a9b97115aecb90e3d80fdacc794a457a982c2da901c7a,9f94d5d07a2bd3d78680830a40a166b5e125eb7d42677e612db98de1914ed2bc,24.4811700913242,2.48,36.07,64638.689999999995,14,72.03778538812786,45.0,90.0,0,99648.0,103791.0,1665.392,855.0,446.0,700.0,9.86,0,1.8091324196944925e-05,0.0026930000000007226,0.10110899999563117,1,-0.0011946118721368748
guangzhou_ssp245_mid_2050s_typical_2054,Guangzhou,ssp245,mid_2050s,typical,2054,24.059037,62982.149604,36.018144,16,72.05442,checksum-only://selected_weather/ssp245/Guangzhou/guangzhou_ssp245_mid_2050s_typical_2054.epw,8760,2054,0,fda339e2f6101bbec6afa10b5c292dbedd3e9fee50bdd8f300c19ec2b4dcbc84,383065e5c913bec2f510ef10685fd15f496b44319fa4fbd79a38fa6610aa0d1a,24.05900913242009,1.69,36.02,62981.83,18,72.05810502283104,45.0,90.0,0,99645.0,103486.0,1669.705,842.0,447.0,660.0,7.94,0,-2.7867579909468532e-05,0.0018560000000036325,-0.31960399999661604,2,0.003685022831049878
guangzhou_ssp245_near_2030s_heatwave_extreme_2034,Guangzhou,ssp245,near_2030s,heatwave_extreme,2034,23.823143,57155.78942,35.944679,19,72.036561,checksum-only://selected_weather/ssp245/Guangzhou/guangzhou_ssp245_near_2030s_heatwave_extreme_2034.epw,8760,2034,0,c87dac4945f87f74a748fe0edf61b966f519325ccb7a39f4d4886d952af9b744,a4d4fd9ec0f3f8732d081b5f574aab0271673a2eacb3f042f65455449b065256,23.82314726027397,2.85,35.94,57155.91,19,72.03310502283105,45.0,90.0,0,99328.0,103403.0,1533.277,841.0,446.0,740.0,9.63,0,4.260273968270667e-06,-0.004679000000002986,0.12058000000251923,0,-0.003455977168954405
guangzhou_ssp245_near_2030s_hot_2038,Guangzhou,ssp245,near_2030s,hot,2038,24.369143,62929.991644,35.283911,8,72.045127,checksum-only://selected_weather/ssp245/Guangzhou/guangzhou_ssp245_near_2030s_hot_2038.epw,8760,2038,0,d49e8ee21631095c419a90dd5eb4fd42d6052c2bce708c32b5137ffd775dff9f,a066d6446124171333947737da517c896c9055aa0b443fb8d8b7b94c8a8c995d,24.369139269406393,-1.58,35.28,62930.05,8,72.04212328767123,45.0,90.0,0,99541.0,103300.0,1667.199,927.0,446.0,825.0,8.45,0,-3.73059360825323e-06,-0.003911000000002218,0.05835600000136765,0,-0.003003712328762731
guangzhou_ssp245_near_2030s_typical_2031,Guangzhou,ssp245,near_2030s,typical,2031,23.576008,57394.714387,36.011535,6,72.050128,checksum-only://selected_weather/ssp245/Guangzhou/guangzhou_ssp245_near_2030s_typical_2031.epw,8760,2031,0,6dd79682cbe77c6d0ea2129fd82d15c7c9853a31f7c11e40c01a7cb7c10dd96a,0fbd380ad930a07ceaa55ea1ebc2b78d38d7e8171b1e7acdcbcb77a3a397e7c6,23.575994292237446,1.7,36.01,57394.67,6,72.05353881278539,45.0,90.0,0,99398.0,103655.0,1496.035,742.0,446.0,583.0,10.17,0,-1.370776255527062e-05,-0.001535000000004061,-0.04438700000173412,0,0.003410812785389794
guangzhou_ssp585_baseline_2020s_heatwave_extreme_2026,Guangzhou,ssp585,baseline_2020s,heatwave_extreme,2026,23.213375,54084.447179,35.800724,18,72.044246,checksum-only://selected_weather/ssp585/Guangzhou/guangzhou_ssp585_baseline_2020s_heatwave_extreme_2026.epw,8760,2026,0,57af24721a56f7b40801c76e1b5680bffdcc9d48cdee360aa6f38b9608f731ba,c71c193d59be6da69bdf12cbb78186b763ff28f9360269fe4ce9682fa9770d74,23.21334474885845,-1.41,35.8,54084.100000000006,18,72.0466894977169,45.0,90.0,0,99458.0,103258.0,1586.499,823.0,446.0,722.0,10.54,0,-3.0251141549086924e-05,-0.000724000000005276,-0.3471789999966859,0,0.002443497716896559
guangzhou_ssp585_baseline_2020s_hot_2028,Guangzhou,ssp585,baseline_2020s,hot,2028,23.386911,57045.294766,34.757575,0,72.031759,checksum-only://selected_weather/ssp585/Guangzhou/guangzhou_ssp585_baseline_2020s_hot_2028.epw,8784,2028,0,f652225dc0a394e8113ba06e69842636bf6438810f12cda7f9aa8c36d936c36c,48bd26f1df5ce87e23644b24b19ff8d6b3df920b8274e0457394ffb598628f72,23.386930783242256,2.51,34.76,57045.38,0,72.03085154826958,45.0,90.0,0,99989.0,103779.0,1603.0,774.0,446.0,618.0,8.37,0,1.9783242255044797e-05,0.0024249999999952365,0.08523399999830872,0,-0.0009074517304128449
guangzhou_ssp585_baseline_2020s_typical_2025,Guangzhou,ssp585,baseline_2020s,typical,2025,22.902355,54708.335841,35.866288,7,71.982966,checksum-only://selected_weather/ssp585/Guangzhou/guangzhou_ssp585_baseline_2020s_typical_2025.epw,8760,2025,0,63682e0e4c1898b94a8c2aed4ec9cbac31b9f4a49f7ebd6948189739cb2bb9fc,ca5677caa84bd114ececd82ad2cef73316470da313a7a3cf63bce056b62f2470,22.902364155251142,1.04,35.87,54708.340000000004,7,71.98333333333333,42.0,90.0,0,99848.0,103915.0,1575.056,793.0,446.0,647.0,10.29,0,9.155251142090037e-06,0.0037120000000001596,0.004159000003710389,0,0.0003673333333296114
guangzhou_ssp585_late_2080s_heatwave_extreme_2086,Guangzhou,ssp585,late_2080s,heatwave_extreme,2086,27.261619,86503.76982,39.137899,904,72.041439,checksum-only://selected_weather/ssp585/Guangzhou/guangzhou_ssp585_late_2080s_heatwave_extreme_2086.epw,8760,2086,0,bbe77402449ca1ad211b9a4871f9eb6673bd74141992af627c86468284b1666c,171837fe9aad9a20ff17a3674ca3691a94818f5a27447b73da22a7b563269b57,27.261615296803654,-0.17,39.14,86503.79000000001,909,72.0513698630137,45.0,90.0,0,99621.0,103811.0,1874.719,899.0,447.0,785.0,8.74,0,-3.70319634512839e-06,0.002101000000003239,0.02018000000680331,5,0.00993086301370738
guangzhou_ssp585_late_2080s_hot_2086,Guangzhou,ssp585,late_2080s,hot,2086,27.261619,86503.76982,39.137899,904,72.041439,checksum-only://selected_weather/ssp585/Guangzhou/guangzhou_ssp585_late_2080s_hot_2086.epw,8760,2086,0,bbe77402449ca1ad211b9a4871f9eb6673bd74141992af627c86468284b1666c,171837fe9aad9a20ff17a3674ca3691a94818f5a27447b73da22a7b563269b57,27.261615296803654,-0.17,39.14,86503.79000000001,909,72.0513698630137,45.0,90.0,0,99621.0,103811.0,1874.719,899.0,447.0,785.0,8.74,0,-3.70319634512839e-06,0.002101000000003239,0.02018000000680331,5,0.00993086301370738
guangzhou_ssp585_late_2080s_typical_2087,Guangzhou,ssp585,late_2080s,typical,2087,26.621425,79110.158598,37.143297,239,72.029404,checksum-only://selected_weather/ssp585/Guangzhou/guangzhou_ssp585_late_2080s_typical_2087.epw,8760,2087,0,06c0abc22bb6005fad99ea9270dccc647783a63293e80291b72a45f61b90c0d0,bea4da9cd332e05e6bb12667c7039b08dc1bf1566969ef80f2ce62919a7d69bb,26.621422374429223,3.67,37.14,79110.01,240,72.02568493150685,45.0,90.0,0,99467.0,103568.0,1703.59,836.0,446.0,687.0,9.82,0,-2.625570775904862e-06,-0.0032969999999963306,-0.1485979999997653,1,-0.0037190684931545093
guangzhou_ssp585_mid_2050s_heatwave_extreme_2059,Guangzhou,ssp585,mid_2050s,heatwave_extreme,2059,24.858082,66711.613399,36.188511,72,72.031042,checksum-only://selected_weather/ssp585/Guangzhou/guangzhou_ssp585_mid_2050s_heatwave_extreme_2059.epw,8760,2059,0,124f09586e9eca3c62ab18f29ed8bccf25f10b671f907ac6a7a270309b271513,ac2839ee5953558e993589d42c8d4d5f128e9f7be5e129088f9d9f3223164e4a,24.85802625570776,2.55,36.19,66711.24,73,72.03253424657534,45.0,90.0,0,99449.0,103258.0,1667.483,927.0,446.0,825.0,9.79,0,-5.574429223997868e-05,0.0014889999999994075,-0.37339899998914916,1,0.0014922465753386405
guangzhou_ssp585_mid_2050s_hot_2057,Guangzhou,ssp585,mid_2050s,hot,2057,25.297334,70027.558385,35.762095,17,72.038973,checksum-only://selected_weather/ssp585/Guangzhou/guangzhou_ssp585_mid_2050s_hot_2057.epw,8760,2057,0,9b9473aedcd53d90e23a09e41c26db1a9fb61369bff65402e514147a62f84163,781603c02b0662df3abf5e0a994684f687a16305364443bdb343061776cf7549,25.297344748858446,0.5,35.76,70027.76,17,72.03356164383561,45.0,90.0,0,99761.0,103202.0,1649.492,828.0,446.0,632.0,8.9,0,1.074885844687401e-05,-0.002095000000004177,0.20161499999812804,0,-0.005411356164387371
guangzhou_ssp585_mid_2050s_typical_2050,Guangzhou,ssp585,mid_2050s,typical,2050,24.027006,62479.564271,36.017723,41,72.04314,checksum-only://selected_weather/ssp585/Guangzhou/guangzhou_ssp585_mid_2050s_typical_2050.epw,8760,2050,0,030357a742e1aced7e6ebc9194ba884d9914eb7f405e13b19c92d6884b492d0c,d90421fdbcf81d40b5c5b40f6ef8f12b9eb7e4a9079e9cc1342460c75df3bade,24.02700114155251,3.67,36.02,62479.57,41,72.04463470319635,45.0,90.0,0,99629.0,103534.0,1648.008,841.0,446.0,707.0,9.21,0,-4.858447489652917e-06,0.002277000000006524,0.005728999996790662,0,0.00149470319635725
guangzhou_ssp585_near_2030s_heatwave_extreme_2033,Guangzhou,ssp585,near_2030s,heatwave_extreme,2033,23.934567,60325.235809,35.4307,9,72.050393,checksum-only://selected_weather/ssp585/Guangzhou/guangzhou_ssp585_near_2030s_heatwave_extreme_2033.epw,8760,2033,0,174baa9b9617ee21aa825f459d2931e2079eb4f1a3cd407c3274dcf6560d1031,1519351cd3f1bc41bf253309b56cf9426defe37a5c150bf0334defe7046d3bf5,23.934550228310503,2.9,35.43,60325.03,9,72.05513698630136,45.0,90.0,0,99855.0,103777.0,1589.095,831.0,446.0,729.0,8.9,0,-1.6771689498540354e-05,-0.0007000000000019213,-0.20580899999913527,0,0.004743986301363634
guangzhou_ssp585_near_2030s_hot_2033,Guangzhou,ssp585,near_2030s,hot,2033,23.934567,60325.235809,35.4307,9,72.050393,checksum-only://selected_weather/ssp585/Guangzhou/guangzhou_ssp585_near_2030s_hot_2033.epw,8760,2033,0,174baa9b9617ee21aa825f459d2931e2079eb4f1a3cd407c3274dcf6560d1031,1519351cd3f1bc41bf253309b56cf9426defe37a5c150bf0334defe7046d3bf5,23.934550228310503,2.9,35.43,60325.03,9,72.05513698630136,45.0,90.0,0,99855.0,103777.0,1589.095,831.0,446.0,729.0,8.9,0,-1.6771689498540354e-05,-0.0007000000000019213,-0.20580899999913527,0,0.004743986301363634
guangzhou_ssp585_near_2030s_typical_2039,Guangzhou,ssp585,near_2030s,typical,2039,23.586146,57982.795143,34.811663,0,72.050004,checksum-only://selected_weather/ssp585/Guangzhou/guangzhou_ssp585_near_2030s_typical_2039.epw,8760,2039,0,c7eb6c73ac06467c37f16178af8ece5ea488092e59ce146fc785d8246f150c58,888a0732e23bfecb7a50fc0c328ad2db97ddfd2e9a8cde32fd6e4ec7987f800a,23.58611415525114,2.19,34.81,57982.42,0,72.05182648401826,45.0,90.0,0,99388.0,103388.0,1563.47,749.0,446.0,659.0,9.56,0,-3.1844748860976324e-05,-0.0016630000000006362,-0.37514300000475487,0,0.0018224840182625712
houston_ssp245_baseline_2020s_heatwave_extreme_2026,Houston,ssp245,baseline_2020s,heatwave_extreme,2026,22.016051,52506.86743,36.077124,34,74.051801,checksum-only://selected_weather/ssp245/Houston/houston_ssp245_baseline_2020s_heatwave_extreme_2026.epw,8760,2026,0,73cd61f2c3ce16cd2bdcc7ba1c2c8672ff3bb595e4ed7c4603d16cf7767ad8d1,edf891f497a4097e90652092b21114f1e0b98d8fb1a0869dc5342708a9ec9ad4,22.0160901826484,0.19,36.08,52506.96,34,74.05022831050228,53.0,94.0,0,100132.0,103748.0,1820.064,875.0,691.0,502.0,12.34,0,3.918264840052643e-05,0.002876000000000545,0.09257000000070548,0,-0.001572689497720603
houston_ssp245_baseline_2020s_hot_2026,Houston,ssp245,baseline_2020s,hot,2026,22.016051,52506.86743,36.077124,34,74.051801,checksum-only://selected_weather/ssp245/Houston/houston_ssp245_baseline_2020s_hot_2026.epw,8760,2026,0,73cd61f2c3ce16cd2bdcc7ba1c2c8672ff3bb595e4ed7c4603d16cf7767ad8d1,edf891f497a4097e90652092b21114f1e0b98d8fb1a0869dc5342708a9ec9ad4,22.0160901826484,0.19,36.08,52506.96,34,74.05022831050228,53.0,94.0,0,100132.0,103748.0,1820.064,875.0,691.0,502.0,12.34,0,3.918264840052643e-05,0.002876000000000545,0.09257000000070548,0,-0.001572689497720603
houston_ssp245_baseline_2020s_typical_2027,Houston,ssp245,baseline_2020s,typical,2027,21.975982,47710.30446,35.741696,14,74.039855,checksum-only://selected_weather/ssp245/Houston/houston_ssp245_baseline_2020s_typical_2027.epw,8760,2027,0,f02b0a102d7199a5ee742ff1a3df437c05286005d29b1a16657869ca81e1a681,a04242ca3a61615092868f6f5e16aadbbef853da1c0e0197f4953bf327a2fb79,21.97594292237443,-0.24,35.74,47709.91,14,74.0412100456621,53.0,94.0,0,99889.0,103875.0,1802.215,852.0,691.0,450.0,11.88,0,-3.907762556920602e-05,-0.001695999999995479,-0.3944599999958882,0,0.001355045662094767
houston_ssp245_late_2080s_heatwave_extreme_2081,Houston,ssp245,late_2080s,heatwave_extreme,2081,22.265508,54808.557669,38.59699,363,74.039843,checksum-only://selected_weather/ssp245/Houston/houston_ssp245_late_2080s_heatwave_extreme_2081.epw,8760,2081,0,927a98917a75a7725ae6a73f1df78533a59b565d9b3fa275c66df2ef87886d30,f02528da635222e0e0ebbdcc82c5f43c52a1266cb1b8b2f7a51132984fc0d47f,22.265526255707762,-1.33,38.6,54808.62,364,74.03835616438356,53.0,94.0,0,99094.0,103732.0,1791.782,847.0,691.0,444.0,12.53,0,1.825570776148311e-05,0.003010000000003288,0.06233100000099512,1,-0.0014868356164470242
houston_ssp245_late_2080s_hot_2085,Houston,ssp245,late_2080s,hot,2085,23.50112,59495.179019,37.505636,276,74.032064,checksum-only://selected_weather/ssp245/Houston/houston_ssp245_late_2080s_hot_2085.epw,8760,2085,0,43dca971885bd46e069a030644a045ee97e32bfc627ca876e7224c5eb0733229,909736b795eccf11a9e6edb00db2abdbae77a3432b1079e8c8982e7bccb43680,23.501143835616435,-1.61,37.51,59495.45,279,74.03824200913242,53.0,94.0,0,99776.0,103660.0,1816.825,873.0,691.0,481.0,11.12,0,2.3835616435263773e-05,0.004363999999995372,0.2709809999942081,3,0.006178009132412399
houston_ssp245_late_2080s_typical_2086,Houston,ssp245,late_2080s,typical,2086,22.645292,52968.132561,36.163264,104,74.031674,checksum-only://selected_weather/ssp245/Houston/houston_ssp245_late_2080s_typical_2086.epw,8760,2086,0,c300d09204ecbaf191b6772309ac6fb939da35572eed2f7060c8876d5e1b4b0b,ba08980c85d8ad8f05b30fabe90faa97598547dc6b824bc144e85c35dd06b36a,22.645329908675798,-0.36,36.16,52968.35,105,74.03356164383561,53.0,94.0,0,99799.0,104135.0,1801.98,882.0,691.0,422.0,11.5,0,3.790867579667179e-05,-0.003264000000001488,0.21743900000001304,1,0.0018876438356159042
houston_ssp245_mid_2050s_heatwave_extreme_2058,Houston,ssp245,mid_2050s,heatwave_extreme,2058,21.644799,49711.621038,36.670214,218,74.029557,checksum-only://selected_weather/ssp245/Houston/houston_ssp245_mid_2050s_heatwave_extreme_2058.epw,8760,2058,0,60c5fcf96aa14dbee7405241f6d78accf10da2447c33410327e5849bdb5599c2,8adc8bd82437411b7b51386e439f88dbec61dd0dd0062a368741bd9defc3c4e1,21.64481506849315,-5.56,36.67,49711.7,219,74.03127853881278,53.0,94.0,0,99262.0,103650.0,1765.205,870.0,691.0,450.0,11.48,0,1.6068493149390406e-05,-0.00021399999999971442,0.07896199999959208,1,0.001721538812788026
houston_ssp245_mid_2050s_hot_2056,Houston,ssp245,mid_2050s,hot,2056,23.846014,57130.049119,36.080721,60,74.033774,checksum-only://selected_weather/ssp245/Houston/houston_ssp245_mid_2050s_hot_2056.epw,8784,2056,0,c1697c40ebe6add96a7be6a0fa4367d514da06894a527e18c07045ef32c13d13,22966c462db1650dfaa1316b6c8a43beb2a1eddf6576cd308cb9f0cd70bd7db3,23.846024590163932,2.45,36.08,57130.10999999999,61,74.03802367941712,53.0,94.0,0,99950.0,103440.0,1840.066,903.0,691.0,455.0,13.24,0,1.0590163931567531e-05,-0.0007209999999986394,0.060880999990331475,1,0.004249679417128505
houston_ssp245_mid_2050s_typical_2052,Houston,ssp245,mid_2050s,typical,2052,22.776828,53420.549269,37.890924,160,74.022174,checksum-only://selected_weather/ssp245/Houston/houston_ssp245_mid_2050s_typical_2052.epw,8784,2052,0,40a6d3a776ec0c4252ca89f52474798cc1e8cc94c3ecedc8913b93dd1d153007,3e8eb0c7a6145a43c2d916cd972b07e915569ac4b3c66045cd1baa00a870b633,22.776839708561024,0.71,37.89,53420.759999999995,160,74.02755009107469,53.0,94.0,0,99626.0,103842.0,1743.191,855.0,691.0,490.0,11.49,0,1.1708561025614017e-05,-0.0009239999999977044,0.210730999991938,0,0.005376091074680289
houston_ssp245_near_2030s_heatwave_extreme_2039,Houston,ssp245,near_2030s,heatwave_extreme,2039,21.794397,49450.231615,36.988107,93,74.028067,checksum-only://selected_weather/ssp245/Houston/houston_ssp245_near_2030s_heatwave_extreme_2039.epw,8760,2039,0,bf9759440ae424f2dc2fc422658cc7e0162e0f23e468d3faaba7f01d0cdbd9b0,fb3dc84bdff18611db6e92e76cb1f79e4a22cf03c0a4714210e5a22578cb449d,21.794448630136987,-1.06,36.99,49450.54,94,74.02876712328766,53.0,94.0,0,100070.0,103669.0,1816.708,866.0,691.0,437.0,11.32,0,5.163013698705754e-05,0.001893000000002587,0.3083850000039092,1,0.0007001232876717722
houston_ssp245_near_2030s_hot_2038,Houston,ssp245,near_2030s,hot,2038,23.716286,56529.489626,36.120463,76,74.033975,checksum-only://selected_weather/ssp245/Houston/houston_ssp245_near_2030s_hot_2038.epw,8760,2038,0,c59e593170b885590963a450393a139e37ee43e6f4c93fc2d80ce81b9c7b56b4,343e025ec9358fd946b09990ec973a182bb6d15c655062143e24f4d1ab30b468,23.716302511415527,4.51,36.12,56529.62999999999,76,74.03595890410959,53.0,94.0,0,99664.0,103405.0,1874.751,868.0,691.0,515.0,10.79,0,1.6511415527276085e-05,-0.0004630000000034329,0.1403739999877871,0,0.0019839041095934817
houston_ssp245_near_2030s_typical_2033,Houston,ssp245,near_2030s,typical,2033,21.467283,48579.932455,36.213632,75,74.045544,checksum-only://selected_weather/ssp245/Houston/houston_ssp245_near_2030s_typical_2033.epw,8760,2033,0,ba06bc939ec64c5432932450359cc848a4ff1e4e8f9315979df395ffaae6c287,fcdc0f27b14064d8488ac6affcd24c19ffc4a2c77d3dc2432b9f40e3c1cdca41,21.46728424657534,-3.45,36.21,48579.83,76,74.03778538812786,53.0,94.0,0,99342.0,103809.0,1766.14,869.0,691.0,446.0,12.09,0,1.2465753407298052e-06,-0.003631999999996083,-0.10245500000019092,1,-0.007758611872148435
houston_ssp585_baseline_2020s_heatwave_extreme_2025,Houston,ssp585,baseline_2020s,heatwave_extreme,2025,21.306139,48976.900791,36.651984,97,73.934033,checksum-only://selected_weather/ssp585/Houston/houston_ssp585_baseline_2020s_heatwave_extreme_2025.epw,8760,2025,0,bd726b1a25a86a295efefe0abdd3737d00821f926fa519dd614827b7afe53b78,754220bc4ae31e3e5c34451fbb4e07e553ebb3295f40621eaddc384afd2902e8,21.306101598173512,-4.63,36.65,48976.67,97,73.93344748858448,40.0,94.0,0,100090.0,104208.0,1792.174,857.0,691.0,435.0,9.59,0,-3.740182648925838e-05,-0.001984000000000208,-0.23079100000177277,0,-0.0005855114155224328
houston_ssp585_baseline_2020s_hot_2026,Houston,ssp585,baseline_2020s,hot,2026,21.498924,51515.730925,37.109821,50,74.051801,checksum-only://selected_weather/ssp585/Houston/houston_ssp585_baseline_2020s_hot_2026.epw,8760,2026,0,d4f07153612838a5cd607b7750e13b73cc42cfdf29668e0a6aa23e3c9e18f62b,d967e32cc82d3b28641c4c9e027c4159da771d201bfaabb0ed9f2d60ed8f21e0,21.498971461187217,-3.42,37.11,51515.969999999994,51,74.05022831050228,53.0,94.0,0,99521.0,103866.0,1826.937,860.0,691.0,476.0,10.81,0,4.7461187218544865e-05,0.0001790000000028158,0.23907499999040738,1,-0.001572689497720603
houston_ssp585_baseline_2020s_typical_2025,Houston,ssp585,baseline_2020s,typical,2025,21.306139,48976.900791,36.651984,97,73.934033,checksum-only://selected_weather/ssp585/Houston/houston_ssp585_baseline_2020s_typical_2025.epw,8760,2025,0,bd726b1a25a86a295efefe0abdd3737d00821f926fa519dd614827b7afe53b78,754220bc4ae31e3e5c34451fbb4e07e553ebb3295f40621eaddc384afd2902e8,21.306101598173512,-4.63,36.65,48976.67,97,73.93344748858448,40.0,94.0,0,100090.0,104208.0,1792.174,857.0,691.0,435.0,9.59,0,-3.740182648925838e-05,-0.001984000000000208,-0.23079100000177277,0,-0.0005855114155224328
houston_ssp585_late_2080s_heatwave_extreme_2086,Houston,ssp585,late_2080s,heatwave_extreme,2086,23.906846,63687.861784,38.656594,725,74.031674,checksum-only://selected_weather/ssp585/Houston/houston_ssp585_late_2080s_heatwave_extreme_2086.epw,8760,2086,0,456ac9090f099ca2729115b82f2d1299c41844e023397cc378f2f6098e18d343,81129966618f57d769046f07e07cde5903cb3ab7d93b1c70c1beb6c585d6c2a8,23.906840182648402,1.86,38.66,63687.7,725,74.03356164383561,53.0,94.0,0,99731.0,103789.0,1811.911,871.0,691.0,462.0,11.4,0,-5.817351599546328e-06,0.0034059999999982438,-0.16178400000353577,0,0.0018876438356159042
houston_ssp585_late_2080s_hot_2080,Houston,ssp585,late_2080s,hot,2080,24.850574,68048.905924,38.571642,656,74.039013,checksum-only://selected_weather/ssp585/Houston/houston_ssp585_late_2080s_hot_2080.epw,8784,2080,0,6093571170bd3ee0ac7e9197e87e133651def4e6a88f72c33eba3232ef2e8dc2,9442666ff68d0735be6ab32e7e51c1feb7e8e820e27a4020b750f364405edb4f,24.850593123861564,-0.95,38.57,68048.92,656,74.0389344262295,53.0,94.0,0,98665.0,103282.0,1814.709,854.0,691.0,498.0,12.71,0,1.9123861562775346e-05,-0.0016419999999968127,0.014075999992201105,0,-7.857377049447223e-05
houston_ssp585_late_2080s_typical_2088,Houston,ssp585,late_2080s,typical,2088,24.197236,64961.207128,39.935992,709,74.031558,checksum-only://selected_weather/ssp585/Houston/houston_ssp585_late_2080s_typical_2088.epw,8784,2088,0,4b72294fb85943c9cd9c02afa519f562da079804ca82daa29a7d9e5ccbdb3212,61008910646d8c0beecd607ebe60c47f817ebdcbbd73c03d054a65492f5fffce,24.197217668488157,3.13,39.94,64961.2,711,74.03654371584699,53.0,94.0,0,99468.0,104075.0,1793.572,884.0,691.0,473.0,9.6,0,-1.833151184271742e-05,0.004007999999998901,-0.0071280000047408976,2,0.004985715846984817
houston_ssp585_mid_2050s_heatwave_extreme_2059,Houston,ssp585,mid_2050s,heatwave_extreme,2059,22.709335,55983.736241,37.350455,263,74.041194,checksum-only://selected_weather/ssp585/Houston/houston_ssp585_mid_2050s_heatwave_extreme_2059.epw,8760,2059,0,ce0bb182ac33fbcfe603bad9d9790f6f55884d4cfd97d5edcb2cd76c69bdf3e2,34cea4f1d009c13a501b8d55f9245a84e6e6129870fd777e39f01d1dbc7c1090,22.709285388127853,-4.23,37.35,55983.36,265,74.04486301369863,53.0,94.0,0,99831.0,103786.0,1762.719,868.0,691.0,420.0,10.19,0,-4.9611872146471114e-05,-0.00045499999999520924,-0.37624099999811733,2,0.0036690136986265998
houston_ssp585_mid_2050s_hot_2058,Houston,ssp585,mid_2050s,hot,2058,22.997088,58012.747999,37.367442,229,74.029557,checksum-only://selected_weather/ssp585/Houston/houston_ssp585_mid_2050s_hot_2058.epw,8760,2058,0,a359fd079de8e50f2d08eb7b2ed5abede8acc6269a7d834f3f133a5d673c78b7,79124e2bfdb1410ada05ce431b42c0eb6a33c0d584af5bc8ab9ed35da9f7b092,22.997067351598172,-3.25,37.37,58012.49,229,74.03127853881278,53.0,94.0,0,100565.0,104026.0,1855.031,861.0,691.0,472.0,11.45,0,-2.064840182924854e-05,0.0025580000000005043,-0.2579990000012913,0,0.001721538812788026
houston_ssp585_mid_2050s_typical_2055,Houston,ssp585,mid_2050s,typical,2055,22.476906,53399.664922,36.309401,108,74.017853,checksum-only://selected_weather/ssp585/Houston/houston_ssp585_mid_2050s_typical_2055.epw,8760,2055,0,6c40f24ba73d9f21cd57b9f9d19d3fa6de786c5eedd96fafa8ed1aa70df83596,050de1b3cc1444bbc63758f4d5c427faa57f83087714210e8041949565da3b32,22.476905251141556,-0.28,36.31,53399.69999999999,109,74.02602739726028,53.0,94.0,0,99871.0,103536.0,1819.935,877.0,691.0,443.0,10.74,0,-7.488584436998735e-07,0.0005990000000011264,0.0350779999862425,1,0.008174397260276578
houston_ssp585_near_2030s_heatwave_extreme_2037,Houston,ssp585,near_2030s,heatwave_extreme,2037,23.133251,54920.728954,37.216136,158,74.046504,checksum-only://selected_weather/ssp585/Houston/houston_ssp585_near_2030s_heatwave_extreme_2037.epw,8760,2037,0,ad1393191f35ac909a51f23f8c3d58e668d30bbe1681f7fc0b41ed998f059ad4,c71654a3358c12774971b78e130a19bddb12326ec0a41f5a5baf95b7189efb52,23.1332294520548,2.32,37.22,54920.61,159,74.04440639269406,53.0,94.0,0,99972.0,103408.0,1822.176,852.0,691.0,475.0,10.12,0,-2.1547945202371466e-05,0.0038640000000000896,-0.11895399999775691,1,-0.002097607305941551
houston_ssp585_near_2030s_hot_2035,Houston,ssp585,near_2030s,hot,2035,23.35509,55712.890218,36.268063,73,74.038756,checksum-only://selected_weather/ssp585/Houston/houston_ssp585_near_2030s_hot_2035.epw,8760,2035,0,0a324963ca2a7caf8b34ea2323e378a8a2290108d22fd622543db16021443f80,c07e79a7b206d07db3e69bc3ddb80331ecd9b0b5b5928186fdffdbd7b2f79561,23.355051369863016,-5.42,36.27,55712.73,73,74.04178082191781,53.0,94.0,0,99790.0,103449.0,1810.089,872.0,691.0,475.0,11.36,0,-3.863013698435225e-05,0.0019370000000051846,-0.16021799999725772,0,0.003024821917804843
houston_ssp585_near_2030s_typical_2038,Houston,ssp585,near_2030s,typical,2038,21.397709,50529.802341,36.461778,61,74.033975,checksum-only://selected_weather/ssp585/Houston/houston_ssp585_near_2030s_typical_2038.epw,8760,2038,0,c5e97e6e258a40a7187b103c653cfa17e1234e7e2c2a7b83dc51f6c16c63855d,4de07c7d18023631010dcc681eb83444fcbba1ec6d7737581d40e2b492041289,21.39776484018265,-3.23,36.46,50529.95999999999,63,74.03595890410959,53.0,94.0,0,99885.0,104337.0,1769.869,861.0,691.0,488.0,10.83,0,5.5840182650257475e-05,-0.0017780000000016116,0.15765899998950772,2,0.0019839041095934817
kolkata_ssp245_baseline_2020s_heatwave_extreme_2027,Kolkata,ssp245,baseline_2020s,heatwave_extreme,2027,26.240966,76148.349605,43.689881,509,75.425648,checksum-only://selected_weather/ssp245/Kolkata/kolkata_ssp245_baseline_2020s_heatwave_extreme_2027.epw,8760,2027,0,8cd29f20d76b43dfb25d8ce3516a80f3f023c74ab35987ad5e827b7568e24184,3652383524600dd9f5f8244f82cd502b8d3c90387dce96ba180bc2dbfd6af5b7,26.241002283105022,8.53,43.69,76148.83,509,75.42385844748858,41.0,94.0,0,99085.0,102276.0,1691.348,871.0,679.0,594.0,5.9,0,3.628310502179488e-05,0.00011899999999798183,0.4803950000059558,0,-0.0017895525114113298
kolkata_ssp245_baseline_2020s_hot_2028,Kolkata,ssp245,baseline_2020s,hot,2028,26.736344,78961.08606,40.971973,363,75.429266,checksum-only://selected_weather/ssp245/Kolkata/kolkata_ssp245_baseline_2020s_hot_2028.epw,8784,2028,0,36d0c6d4fc871c986b20c8daaa64b77e2a3aadee383219cd016b3f7e042af356,889b61afbbfe32e449dd0641ef46d14a8b65fae4f52554b9566c2ad30d991add,26.73635245901639,9.55,40.97,78961.21999999999,365,75.42998633879782,41.0,94.0,0,99091.0,102493.0,1695.046,870.0,679.0,581.0,5.08,0,8.459016392237118e-06,-0.0019729999999995584,0.13393999998515937,2,0.0007203387978194087
kolkata_ssp245_baseline_2020s_typical_2026,Kolkata,ssp245,baseline_2020s,typical,2026,25.724295,71040.660226,39.709949,369,75.436668,checksum-only://selected_weather/ssp245/Kolkata/kolkata_ssp245_baseline_2020s_typical_2026.epw,8760,2026,0,79dd9d04914e697174ed85a53c1097c16a6ac61c9408aa2c8085da25ec13d9ee,c2d77d4983833e2354860d932f2e9843eb7e9565e67c1ca99f2e8e6baf8e1caa,25.72428767123288,7.8,39.71,71040.5,371,75.43127853881279,41.0,94.0,0,99432.0,102275.0,1685.674,864.0,679.0,589.0,5.92,0,-7.328767122061208e-06,5.099999999913507e-05,-0.16022600000724196,2,-0.005389461187206734
kolkata_ssp245_late_2080s_heatwave_extreme_2086,Kolkata,ssp245,late_2080s,heatwave_extreme,2086,27.606172,85415.250552,41.591316,776,75.43428,checksum-only://selected_weather/ssp245/Kolkata/kolkata_ssp245_late_2080s_heatwave_extreme_2086.epw,8760,2086,0,3e673299901167bf897b0c78e87175e86456ee2be29781749415fb0dbd012fa3,89de7221cb467f27c1ce972234a47eabb776a259fa4f952f636a01133c30677e,27.606182648401827,11.28,41.59,85415.21,776,75.43162100456621,40.0,94.0,0,99195.0,102202.0,1734.245,890.0,679.0,611.0,5.85,0,1.0648401826074405e-05,-0.001315999999995654,-0.040551999991294,0,-0.0026589954337907784
kolkata_ssp245_late_2080s_hot_2087,Kolkata,ssp245,late_2080s,hot,2087,27.785327,86862.975452,39.711374,575,75.444353,checksum-only://selected_weather/ssp245/Kolkata/kolkata_ssp245_late_2080s_hot_2087.epw,8760,2087,0,13530d5d5cc6369d2e46fea1032f2ab49db75a91c475576f230ef97a52416228,66f1a5ab6234ae2637da9d6ff528af0bf86fe90df1b2e3218ca9cf0941be4cac,27.785376712328766,10.53,39.71,86863.31,575,75.44372146118721,41.0,93.0,0,99386.0,102355.0,1713.831,846.0,679.0,594.0,5.25,0,4.971232876727072e-05,-0.001373999999998432,0.33454799999890383,0,-0.0006315388127973165
kolkata_ssp245_late_2080s_typical_2084,Kolkata,ssp245,late_2080s,typical,2084,27.099785,82081.956589,41.619387,732,75.417819,checksum-only://selected_weather/ssp245/Kolkata/kolkata_ssp245_late_2080s_typical_2084.epw,8784,2084,0,a7e1610838d4cf9a8729edfd297286f2af50e1c20d6d0e2f8f44dfaa6165e530,89f37f45779f72bdee804ac7d1407c2dfc136b34025dea0dd80ae4b3fb46fc7e,27.099805327868857,9.51,41.62,82082.0,732,75.41427595628416,41.0,93.0,0,99120.0,102536.0,1701.284,878.0,679.0,591.0,4.63,0,2.0327868856639952e-05,0.0006129999999942015,0.043411000006017275,0,-0.0035430437158368022
kolkata_ssp245_mid_2050s_heatwave_extreme_2053,Kolkata,ssp245,mid_2050s,heatwave_extreme,2053,26.946932,80269.526266,39.804015,568,75.449434,checksum-only://selected_weather/ssp245/Kolkata/kolkata_ssp245_mid_2050s_heatwave_extreme_2053.epw,8760,2053,0,0f15ec003a246377b68e47921189f1c434a56ad38aea5d8e03b63d02a2fe8b57,673e0a14f9eaf350fb73b166582bf20cdd4259b321588f22224f73ceab12427a,26.94689497716895,10.05,39.8,80269.1,568,75.45433789954338,41.0,94.0,0,99189.0,102207.0,1738.81,884.0,679.0,604.0,6.59,0,-3.702283105155857e-05,-0.004015000000002544,-0.4262659999949392,0,0.004903899543378998
kolkata_ssp245_mid_2050s_hot_2053,Kolkata,ssp245,mid_2050s,hot,2053,26.946932,80269.526266,39.804015,568,75.449434,checksum-only://selected_weather/ssp245/Kolkata/kolkata_ssp245_mid_2050s_hot_2053.epw,8760,2053,0,0f15ec003a246377b68e47921189f1c434a56ad38aea5d8e03b63d02a2fe8b57,673e0a14f9eaf350fb73b166582bf20cdd4259b321588f22224f73ceab12427a,26.94689497716895,10.05,39.8,80269.1,568,75.45433789954338,41.0,94.0,0,99189.0,102207.0,1738.81,884.0,679.0,604.0,6.59,0,-3.702283105155857e-05,-0.004015000000002544,-0.4262659999949392,0,0.004903899543378998
kolkata_ssp245_mid_2050s_typical_2058,Kolkata,ssp245,mid_2050s,typical,2058,26.423007,75435.176249,41.710524,431,75.426683,checksum-only://selected_weather/ssp245/Kolkata/kolkata_ssp245_mid_2050s_typical_2058.epw,8760,2058,0,aac02000b7d6a0c7b84819a18dc7baafaedb0ef27c084f506d09fe1e3798afba,bfaf0fc0c49f485f63b593771896522b9485d2db4bc0147447b2e1c676a85376,26.42298858447489,9.63,41.71,75435.12,431,75.42328767123287,40.0,93.0,0,99323.0,102373.0,1725.526,872.0,679.0,596.0,5.27,0,-1.841552510839506e-05,-0.0005239999999986367,-0.056249000001116656,0,-0.0033953287671266708
kolkata_ssp245_near_2030s_heatwave_extreme_2039,Kolkata,ssp245,near_2030s,heatwave_extreme,2039,25.991091,73640.33792,39.627456,410,75.425608,checksum-only://selected_weather/ssp245/Kolkata/kolkata_ssp245_near_2030s_heatwave_extreme_2039.epw,8760,2039,0,65ea2d0e189d3ab2c5bf91782007270e304ea07bbfb09c532c94c1fd40b209a9,f4a94f137d3b8fd481bb55061d1613e145826f7a6f9b61ac40943dd5178bc3f3,25.99110388127854,9.34,39.63,73640.22,410,75.42397260273972,40.0,94.0,0,99026.0,102365.0,1687.134,857.0,679.0,582.0,5.55,0,1.288127853982246e-05,0.0025440000000003238,-0.11792000000423286,0,-0.0016353972602729527
kolkata_ssp245_near_2030s_hot_2031,Kolkata,ssp245,near_2030s,hot,2031,26.868903,80008.022775,37.705896,190,75.430294,checksum-only://selected_weather/ssp245/Kolkata/kolkata_ssp245_near_2030s_hot_2031.epw,8760,2031,0,f048600e107d3173126e85da0a89ac55813c8bbf00ef033ada4eb40110b05b3b,7f6290014eecce7a360e0eb5121ee942f857833eb3161f857d8f715182b2d817,26.868886986301373,7.27,37.71,80007.81,192,75.42648401826484,41.0,94.0,0,99207.0,102229.0,1691.882,829.0,679.0,582.0,5.55,0,-1.601369862669344e-05,0.004103999999998109,-0.21277500000724103,2,-0.00380998173515934
kolkata_ssp245_near_2030s_typical_2036,Kolkata,ssp245,near_2030s,typical,2036,25.598567,69999.549434,39.584368,202,75.417257,checksum-only://selected_weather/ssp245/Kolkata/kolkata_ssp245_near_2030s_typical_2036.epw,8784,2036,0,3292ef4b594a06edb5cab1e71a875a6f3ed3ee8cedc6f47ec3215783ebb2baab,de113339fd1030340f3ae5b55da544658d2ee342c0e09655b3a62278e708ea5b,25.598522313296904,8.93,39.58,69999.24,202,75.4143897996357,41.0,93.0,0,98780.0,102498.0,1661.186,851.0,679.0,577.0,8.26,0,-4.468670309520917e-05,-0.004367999999999483,-0.30943399999523535,0,-0.0028672003643066546
kolkata_ssp585_baseline_2020s_heatwave_extreme_2027,Kolkata,ssp585,baseline_2020s,heatwave_extreme,2027,25.48185,68898.125349,39.650146,280,75.425648,checksum-only://selected_weather/ssp585/Kolkata/kolkata_ssp585_baseline_2020s_heatwave_extreme_2027.epw,8760,2027,0,5a3b9c49e2be9cd99bb25335b8b91576c19cab3823bd589d20597830e99ff85b,6fb4f7a8ca010695e975d408d8b0e96ca0cc892b5772b9855cb210ab77a2eb3a,25.481834474885847,9.3,39.65,68897.88,280,75.42385844748858,41.0,94.0,0,99175.0,102235.0,1639.925,851.0,679.0,571.0,5.31,0,-1.5525114154257835e-05,-0.00014600000000086766,-0.2453489999898011,0,-0.0017895525114113298
kolkata_ssp585_baseline_2020s_hot_2026,Kolkata,ssp585,baseline_2020s,hot,2026,26.046112,73213.520978,38.998067,235,75.436668,checksum-only://selected_weather/ssp585/Kolkata/kolkata_ssp585_baseline_2020s_hot_2026.epw,8760,2026,0,1fbc80cc15fc47b906c5e8651c3035538a31d5ddc79e2f4047acca698afff72d,6c811fba979a5f39069c94446eb660f5863f6ad33cf2d4b57bf1a8f77957fdb2,26.046144977168947,9.3,39.0,73213.84000000001,237,75.43127853881279,41.0,94.0,0,99184.0,102160.0,1664.789,858.0,679.0,582.0,5.15,0,3.297716894579139e-05,0.0019330000000010727,0.319022000010591,2,-0.005389461187206734
kolkata_ssp585_baseline_2020s_typical_2029,Kolkata,ssp585,baseline_2020s,typical,2029,25.246182,67733.113473,38.356587,104,75.415999,checksum-only://selected_weather/ssp585/Kolkata/kolkata_ssp585_baseline_2020s_typical_2029.epw,8760,2029,0,3550d9d7c1350e979982ca94fd0e78a84f381aa2921f39fba5a34e3bf5e99c4e,1c5fb090909245fed28fed64fa746706abc87f40c85790114c6f55de56501758,25.246216894977167,9.54,38.36,67733.41,104,75.41461187214612,40.0,94.0,0,99281.0,102246.0,1631.999,833.0,679.0,558.0,6.22,0,3.489497716557821e-05,0.0034130000000018867,0.2965269999986049,0,-0.0013871278538744036
kolkata_ssp585_late_2080s_heatwave_extreme_2080,Kolkata,ssp585,late_2080s,heatwave_extreme,2080,29.845818,104410.475404,42.83983,1106,75.428341,checksum-only://selected_weather/ssp585/Kolkata/kolkata_ssp585_late_2080s_heatwave_extreme_2080.epw,8784,2080,0,c872d0260a9bd4ca16a799445ce3fccd15ac9dc280d7eef3ba658f4b6338a5b8,f0face5b95a4616ae2f2b4913c32bb370def21a9c0bbd0d99870908877da946c,29.845851548269582,13.09,42.84,104410.73,1109,75.42930327868852,41.0,93.0,0,99335.0,102201.0,1775.42,892.0,679.0,611.0,5.49,0,3.354826958101853e-05,0.00017000000000422233,0.2545959999988554,3,0.0009622786885188361
kolkata_ssp585_late_2080s_hot_2080,Kolkata,ssp585,late_2080s,hot,2080,29.845818,104410.475404,42.83983,1106,75.428341,checksum-only://selected_weather/ssp585/Kolkata/kolkata_ssp585_late_2080s_hot_2080.epw,8784,2080,0,c872d0260a9bd4ca16a799445ce3fccd15ac9dc280d7eef3ba658f4b6338a5b8,f0face5b95a4616ae2f2b4913c32bb370def21a9c0bbd0d99870908877da946c,29.845851548269582,13.09,42.84,104410.73,1109,75.42930327868852,41.0,93.0,0,99335.0,102201.0,1775.42,892.0,679.0,611.0,5.49,0,3.354826958101853e-05,0.00017000000000422233,0.2545959999988554,3,0.0009622786885188361
kolkata_ssp585_late_2080s_typical_2088,Kolkata,ssp585,late_2080s,typical,2088,28.570697,93279.44852,42.952133,691,75.414756,checksum-only://selected_weather/ssp585/Kolkata/kolkata_ssp585_late_2080s_typical_2088.epw,8784,2088,0,4c2dfbe9d49d3b6585497b8167c564b917af5860e19d25bbd6eb2d5877fdf13c,1f5671c9676ef2bce2f2d4223f035fa985196335a4532cea2bfc78b1632585fa,28.570694444444445,13.22,42.95,93279.39,691,75.41746357012751,41.0,94.0,0,99478.0,102254.0,1743.575,874.0,679.0,610.0,5.36,0,-2.5555555538403496e-06,-0.0021330000000006066,-0.05852000000595581,0,0.0027075701275123265
kolkata_ssp585_mid_2050s_heatwave_extreme_2059,Kolkata,ssp585,mid_2050s,heatwave_extreme,2059,29.378027,100314.774345,40.690338,961,75.443652,checksum-only://selected_weather/ssp585/Kolkata/kolkata_ssp585_mid_2050s_heatwave_extreme_2059.epw,8760,2059,0,db4a33da8c78b1c9405f7680e4f5f24c7d523fb5b382d3fcbed250f3a3e4ef5e,a9514009e4e1c5f756d7d59a93dd97df90b5d174ed5e376732f2bc24b72e546c,29.378026255707763,11.6,40.69,100314.68999999999,961,75.44577625570776,41.0,93.0,0,99223.0,102111.0,1728.296,870.0,679.0,596.0,5.4,0,-7.442922367317806e-07,-0.0003379999999992833,-0.08434500001021661,0,0.002124255707755651
kolkata_ssp585_mid_2050s_hot_2059,Kolkata,ssp585,mid_2050s,hot,2059,29.378027,100314.774345,40.690338,961,75.443652,checksum-only://selected_weather/ssp585/Kolkata/kolkata_ssp585_mid_2050s_hot_2059.epw,8760,2059,0,db4a33da8c78b1c9405f7680e4f5f24c7d523fb5b382d3fcbed250f3a3e4ef5e,a9514009e4e1c5f756d7d59a93dd97df90b5d174ed5e376732f2bc24b72e546c,29.378026255707763,11.6,40.69,100314.68999999999,961,75.44577625570776,41.0,93.0,0,99223.0,102111.0,1728.296,870.0,679.0,596.0,5.4,0,-7.442922367317806e-07,-0.0003379999999992833,-0.08434500001021661,0,0.002124255707755651
kolkata_ssp585_mid_2050s_typical_2057,Kolkata,ssp585,mid_2050s,typical,2057,26.459367,76080.320371,40.913649,473,75.435626,checksum-only://selected_weather/ssp585/Kolkata/kolkata_ssp585_mid_2050s_typical_2057.epw,8760,2057,0,9417e611777848bac825c68e640578764e6ab223814d1b48a928ba3e7f8264db,d1e81dd4494f9b5a256e30ecb26f67ad8c3ed9d0a8788633ad4c8f924e92ccd5,26.459329908675798,10.04,40.91,76080.08,473,75.43401826484018,41.0,93.0,0,98954.0,102079.0,1671.38,866.0,679.0,589.0,7.17,0,-3.709132420226524e-05,-0.0036490000000029,-0.24037099999259226,0,-0.0016077351598227096
kolkata_ssp585_near_2030s_heatwave_extreme_2032,Kolkata,ssp585,near_2030s,heatwave_extreme,2032,25.031005,65640.381845,38.346068,313,75.413962,checksum-only://selected_weather/ssp585/Kolkata/kolkata_ssp585_near_2030s_heatwave_extreme_2032.epw,8784,2032,0,10457a9a5e69c3075f1dba04baaae27b062383372caa0c1a3354939269710b40,95cacd87fc26ec2e35fe0aa22dfa10701ecd86c746247a4545d519fc83b42c1e,25.03100068306011,8.58,38.35,65640.21,313,75.41188524590164,41.0,94.0,0,99407.0,102391.0,1555.754,823.0,679.0,548.0,4.68,0,-4.316939890003368e-06,0.003931999999998936,-0.17184499998984393,0,-0.002076754098354172
kolkata_ssp585_near_2030s_hot_2030,Kolkata,ssp585,near_2030s,hot,2030,25.765888,72092.918343,39.523241,265,75.438233,checksum-only://selected_weather/ssp585/Kolkata/kolkata_ssp585_near_2030s_hot_2030.epw,8760,2030,0,d8d5af555ea767be8f72c08cb229d2cc0d0bf5d4341bf257c37a842a9f000ebe,871dceaf01b051b9cdc91390ad6240a457d9953b73e81b5551daf6de3681bb02,25.76586529680365,7.5,39.52,72092.87,265,75.4337899543379,41.0,93.0,0,99034.0,102444.0,1649.85,821.0,679.0,552.0,4.59,0,-2.2703196350448707e-05,-0.0032409999999956085,-0.04834300000220537,0,-0.004443045662100076
kolkata_ssp585_near_2030s_typical_2038,Kolkata,ssp585,near_2030s,typical,2038,24.86027,64616.926824,39.969712,233,75.429458,checksum-only://selected_weather/ssp585/Kolkata/kolkata_ssp585_near_2030s_typical_2038.epw,8760,2038,0,21ac3684c23ae0ee63decd2b2d4fd3ebc8f5c89190829808ee71fba3d70044a3,f19fff3050c9e9c529b7e7ab0408b15e3e402cf69394eab3abf08ab587eadc68,24.860190639269405,8.26,39.97,64616.64000000001,233,75.43230593607306,41.0,94.0,0,99125.0,102372.0,1604.213,814.0,679.0,558.0,7.1,0,-7.936073059511273e-05,0.0002879999999976235,-0.2868239999952493,0,0.0028479360730671033
phoenix_ssp245_baseline_2020s_heatwave_extreme_2025,Phoenix,ssp245,baseline_2020s,heatwave_extreme,2025,24.411948,71605.855553,44.727355,1535,33.49459,checksum-only://selected_weather/ssp245/Phoenix/phoenix_ssp245_baseline_2020s_heatwave_extreme_2025.epw,8760,2025,0,42ac910f9f150e84c2c3db9b10f7e10d7258b391a97fd574d91836e2a52a24ac,7d66ecab3aebd6b97fa52bfb13c32f11bab848c7ca091cc4c236701e2d4bcd85,24.41192808219178,-2.57,44.73,71605.74,1535,33.48972602739726,10.0,62.0,0,99741.0,103445.0,2106.722,1036.0,915.0,371.0,11.37,0,-1.9917808220526467e-05,0.0026449999999940133,-0.1155529999959981,0,-0.00486397260274174
phoenix_ssp245_baseline_2020s_hot_2028,Phoenix,ssp245,baseline_2020s,hot,2028,25.185899,74823.600944,45.26742,1518,33.696174,checksum-only://selected_weather/ssp245/Phoenix/phoenix_ssp245_baseline_2020s_hot_2028.epw,8784,2028,0,b9d381afdc984c653b12fe2fea4a1b8cfffd0515044bebb8f6bdf2ec56ebdfd6,2a27ad5f9479799f9e839ecd48f2e950eaac1ace719113e080d1ff5abb78810e,25.18585496357013,2.94,45.27,74823.27000000002,1520,33.69467213114754,11.0,62.0,0,99815.0,103251.0,2102.805,987.0,914.0,329.0,10.23,0,-4.403642986972045e-05,0.002580000000001803,-0.33094399998662993,2,-0.0015018688524577328
phoenix_ssp245_baseline_2020s_typical_2026,Phoenix,ssp245,baseline_2020s,typical,2026,24.539072,71184.114389,44.22628,1335,33.624821,checksum-only://selected_weather/ssp245/Phoenix/phoenix_ssp245_baseline_2020s_typical_2026.epw,8760,2026,0,5b7f2c881e01fe46cf784e7a843b60f5e7447539393e269719b792b9501ad621,8afeeda853e89953116cbe9f59f65d1acd1daf6a310942484454e1f74bc5c99a,24.539092465753427,-0.01,44.23,71184.23999999999,1337,33.62910958904109,10.0,62.0,0,99664.0,103013.0,2190.613,1064.0,915.0,375.0,10.96,0,2.0465753426179845e-05,0.0037199999999941724,0.12561099999584258,2,0.004288589041095747
phoenix_ssp245_late_2080s_heatwave_extreme_2086,Phoenix,ssp245,late_2080s,heatwave_extreme,2086,27.016198,88651.441811,47.308803,2253,33.601588,checksum-only://selected_weather/ssp245/Phoenix/phoenix_ssp245_late_2080s_heatwave_extreme_2086.epw,8760,2086,0,b95f5d8a97cb3d7dca82ed05f76ff8e41d6997ffd2ce9e65479a1fc9e3aaa9a1,9083cdccdb3c6b8edc344a3580af73f89cab97bf20845c5fd83f6afbf2d1266a,27.016212328767125,2.86,47.31,88651.57,2255,33.604109589041094,11.0,62.0,0,99797.0,103194.0,2218.056,1063.0,914.0,363.0,9.36,0,1.432876712570419e-05,0.0011970000000047776,0.12818900001002476,2,0.002521589041094785
phoenix_ssp245_late_2080s_hot_2086,Phoenix,ssp245,late_2080s,hot,2086,27.016198,88651.441811,47.308803,2253,33.601588,checksum-only://selected_weather/ssp245/Phoenix/phoenix_ssp245_late_2080s_hot_2086.epw,8760,2086,0,b95f5d8a97cb3d7dca82ed05f76ff8e41d6997ffd2ce9e65479a1fc9e3aaa9a1,9083cdccdb3c6b8edc344a3580af73f89cab97bf20845c5fd83f6afbf2d1266a,27.016212328767125,2.86,47.31,88651.57,2255,33.604109589041094,11.0,62.0,0,99797.0,103194.0,2218.056,1063.0,914.0,363.0,9.36,0,1.432876712570419e-05,0.0011970000000047776,0.12818900001002476,2,0.002521589041094785
phoenix_ssp245_late_2080s_typical_2081,Phoenix,ssp245,late_2080s,typical,2081,25.969207,79219.739395,46.901102,1870,33.604888,checksum-only://selected_weather/ssp245/Phoenix/phoenix_ssp245_late_2080s_typical_2081.epw,8760,2081,0,7995a16e91791ea2e067d3110ed6d377fde394064a2fbdc398852daf36abe908,fd03dead43238e5a1e331197c52cee75d045bb618c9e7b712cc93f27230c3bf1,25.969208904109596,1.44,46.9,79219.67,1871,33.60331050228311,10.0,62.0,0,99720.0,103276.0,2047.87,1068.0,915.0,337.0,9.16,0,1.9041095953298282e-06,-0.001102000000003045,-0.06939499999862164,1,-0.001577497716894527
phoenix_ssp245_mid_2050s_heatwave_extreme_2051,Phoenix,ssp245,mid_2050s,heatwave_extreme,2051,25.948845,79759.73184,48.40026,1945,33.608246,checksum-only://selected_weather/ssp245/Phoenix/phoenix_ssp245_mid_2050s_heatwave_extreme_2051.epw,8760,2051,0,46171916791f96e09183f3d15854469ce74bd699e55371bb3ff0c76d2780bceb,2c2b32ed2ceb872560ffd60cf3e5febcb295b120de902955846d217f167c1ef9,25.94887785388128,3.85,48.4,79759.95,1948,33.60353881278539,10.0,62.0,0,99706.0,103123.0,2083.35,1030.0,915.0,366.0,10.61,0,3.2853881283045894e-05,-0.00026000000000436785,0.21816000000399072,3,-0.004707187214613384
phoenix_ssp245_mid_2050s_hot_2058,Phoenix,ssp245,mid_2050s,hot,2058,26.193468,79853.399059,45.418481,1921,33.577987,checksum-only://selected_weather/ssp245/Phoenix/phoenix_ssp245_mid_2050s_hot_2058.epw,8760,2058,0,7da15f6004f8d5c700e8ea93f237e77047575258410ff20add0c53318203d768,7e125249e51521e5833c3e7cc0d37fa43c15b6b1843f2b300fca53027f254617,26.193462328767126,1.43,45.42,79853.5,1923,33.576141552511416,10.0,62.0,0,99792.0,102956.0,2101.412,1030.0,915.0,346.0,11.65,0,-5.671232873538656e-06,0.0015190000000018244,0.10094099999696482,2,-0.0018454474885842842
phoenix_ssp245_mid_2050s_typical_2054,Phoenix,ssp245,mid_2050s,typical,2054,25.475446,76295.930138,49.096773,1771,33.566478,checksum-only://selected_weather/ssp245/Phoenix/phoenix_ssp245_mid_2050s_typical_2054.epw,8760,2054,0,e47aa5c1305aefffea0d6dd517f7197da0bead4506fcbd6f0a2b8a4601c115dc,b15f19b98b0388c4fc290b5e8832d0ace7a34a405b25a7fd16f1a2fa08d7337c,25.475519406392692,-0.44,49.1,76296.23999999999,1772,33.56860730593608,11.0,62.0,0,99636.0,102868.0,2121.124,1065.0,915.0,339.0,11.19,0,7.340639269060034e-05,0.0032270000000025334,0.3098619999946095,1,0.0021293059360800726
phoenix_ssp245_near_2030s_heatwave_extreme_2039,Phoenix,ssp245,near_2030s,heatwave_extreme,2039,25.913598,78473.175476,45.838799,1872,33.574899,checksum-only://selected_weather/ssp245/Phoenix/phoenix_ssp245_near_2030s_heatwave_extreme_2039.epw,8760,2039,0,d1af0d8c4fd91d0afa29a0e6e6d01cd2ca6c1b505e847c9e715f4bc78c4a127e,40fe8ebf867f5fe11f445d64e46aac7938cfacdecaddd285bfa6abcb29fe09aa,25.913566210045666,6.72,45.84,78472.91,1872,33.57511415525114,11.0,62.0,0,99337.0,102894.0,2106.122,1006.0,914.0,389.0,13.18,0,-3.1789954334726644e-05,0.001201000000001784,-0.2654760000004899,0,0.00021515525114068623
phoenix_ssp245_near_2030s_hot_2039,Phoenix,ssp245,near_2030s,hot,2039,25.913598,78473.175476,45.838799,1872,33.574899,checksum-only://selected_weather/ssp245/Phoenix/phoenix_ssp245_near_2030s_hot_2039.epw,8760,2039,0,d1af0d8c4fd91d0afa29a0e6e6d01cd2ca6c1b505e847c9e715f4bc78c4a127e,40fe8ebf867f5fe11f445d64e46aac7938cfacdecaddd285bfa6abcb29fe09aa,25.913566210045666,6.72,45.84,78472.91,1872,33.57511415525114,11.0,62.0,0,99337.0,102894.0,2106.122,1006.0,914.0,389.0,13.18,0,-3.1789954334726644e-05,0.001201000000001784,-0.2654760000004899,0,0.00021515525114068623
phoenix_ssp245_near_2030s_typical_2034,Phoenix,ssp245,near_2030s,typical,2034,25.014287,73921.16468,44.107186,1617,33.648513,checksum-only://selected_weather/ssp245/Phoenix/phoenix_ssp245_near_2030s_typical_2034.epw,8760,2034,0,47b14444d835d321ebad5563a859b52684ba356fc3fd52f24efef21ec56e4329,cf11ed53f0934145d674cd840f8a8f99a35472931c2a619de5f8905985558641,25.014326484018262,0.19,44.11,73921.33,1618,33.64920091324201,11.0,62.0,0,99565.0,103441.0,2175.499,1080.0,914.0,391.0,11.25,0,3.948401826292525e-05,0.0028140000000007603,0.1653200000000652,1,0.0006879132420110068
phoenix_ssp585_baseline_2020s_heatwave_extreme_2025,Phoenix,ssp585,baseline_2020s,heatwave_extreme,2025,25.640416,78622.580501,48.569826,1894,33.49459,checksum-only://selected_weather/ssp585/Phoenix/phoenix_ssp585_baseline_2020s_heatwave_extreme_2025.epw,8760,2025,0,84c76e9a1df479ff453b0875cebfae0f606c4ea7f93fba4c8d8cc08ab61b78a6,cd5f2178ac06cf126c0d9993432ed4313db89885490ab23cfb02baa8ed18aeee,25.64042123287671,2.8,48.57,78622.45999999999,1896,33.48972602739726,10.0,62.0,0,99660.0,103404.0,2066.167,1039.0,915.0,337.0,12.58,0,5.232876713279211e-06,0.00017400000000122873,-0.12050100001215469,2,-0.00486397260274174
phoenix_ssp585_baseline_2020s_hot_2025,Phoenix,ssp585,baseline_2020s,hot,2025,25.640416,78622.580501,48.569826,1894,33.49459,checksum-only://selected_weather/ssp585/Phoenix/phoenix_ssp585_baseline_2020s_hot_2025.epw,8760,2025,0,84c76e9a1df479ff453b0875cebfae0f606c4ea7f93fba4c8d8cc08ab61b78a6,cd5f2178ac06cf126c0d9993432ed4313db89885490ab23cfb02baa8ed18aeee,25.64042123287671,2.8,48.57,78622.45999999999,1896,33.48972602739726,10.0,62.0,0,99660.0,103404.0,2066.167,1039.0,915.0,337.0,12.58,0,5.232876713279211e-06,0.00017400000000122873,-0.12050100001215469,2,-0.00486397260274174
phoenix_ssp585_baseline_2020s_typical_2029,Phoenix,ssp585,baseline_2020s,typical,2029,25.016553,74420.787043,44.905296,1628,33.556126,checksum-only://selected_weather/ssp585/Phoenix/phoenix_ssp585_baseline_2020s_typical_2029.epw,8760,2029,0,6b61e1dc71fb3e88f344ccbcff1ad1f5a0ee142e85b3b0e5df4b4de10f02fd4e,09b256691ba2f212457b7c0107252bc877c434a45a624503ab37f52cbac5759f,25.01650913242009,-0.81,44.91,74420.48,1630,33.55582191780822,10.0,62.0,0,99685.0,102973.0,2144.489,1046.0,915.0,375.0,14.88,0,-4.3867579908152265e-05,0.004703999999996711,-0.30704300000797957,2,-0.00030408219178212903
phoenix_ssp585_late_2080s_heatwave_extreme_2085,Phoenix,ssp585,late_2080s,heatwave_extreme,2085,28.533525,98583.505737,50.015845,2961,33.582353,checksum-only://selected_weather/ssp585/Phoenix/phoenix_ssp585_late_2080s_heatwave_extreme_2085.epw,8760,2085,0,92a7c51002b75939f8663277f90d95980bccc20f1c1354af68cd20471eead7c5,68919a4d48eb7170591899a89fc0f34eff392aab1f2b20aba212221abfbd00c7,28.533441780821917,8.0,50.02,98583.01,2961,33.57979452054794,10.0,62.0,0,99955.0,102933.0,2047.289,1017.0,915.0,339.0,10.54,0,-8.321917808373769e-05,0.00415500000000435,-0.49573700000473764,0,-0.002558479452055451
phoenix_ssp585_late_2080s_hot_2089,Phoenix,ssp585,late_2080s,hot,2089,28.691407,100416.173126,49.815548,2950,33.58935,checksum-only://selected_weather/ssp585/Phoenix/phoenix_ssp585_late_2080s_hot_2089.epw,8760,2089,0,77f504c2516a5487bcae250047e3d87b4d6c31e11657f87a69487209752304b3,823b65d29fdfdefcc12d2edcfebeca9ec168803e35a37444c042c8765054a754,28.691406392694066,3.89,49.82,100415.99999999999,2950,33.58881278538813,10.0,62.0,0,99858.0,103154.0,2055.314,1021.0,916.0,361.0,9.45,0,-6.073059353184362e-07,0.004452000000000567,-0.17312600000877865,0,-0.0005372146118745036
phoenix_ssp585_late_2080s_typical_2081,Phoenix,ssp585,late_2080s,typical,2081,28.69478,98388.791575,51.126026,2713,33.604888,checksum-only://selected_weather/ssp585/Phoenix/phoenix_ssp585_late_2080s_typical_2081.epw,8760,2081,0,558cf65dcbed838d757374ab58e8ce1b323bb8299a4682bcef7aaa201ce5bfbe,8a2aa513251d82a35825fd9b6de21c0ecfa405f6f6dc43349510b5afa03e6676,28.69482191780822,6.33,51.13,98389.00000000001,2713,33.60331050228311,10.0,62.0,0,98882.0,102740.0,2062.47,1029.0,915.0,407.0,10.32,0,4.191780821827251e-05,0.003973999999999478,0.20842500001890585,0,-0.001577497716894527
phoenix_ssp585_mid_2050s_heatwave_extreme_2057,Phoenix,ssp585,mid_2050s,heatwave_extreme,2057,27.039852,87912.98681,48.190054,2145,33.606312,checksum-only://selected_weather/ssp585/Phoenix/phoenix_ssp585_mid_2050s_heatwave_extreme_2057.epw,8760,2057,0,65b82990a42c0bfd5b51013ab413084e80eaea1816640737a1a0e73ead8ed033,4c563141be61d8ddf7a74b4ad6666fd1a64113322df8536c517b221b1009805b,27.039867579908673,-0.57,48.19,87913.37999999999,2146,33.603995433789954,10.0,62.0,0,99661.0,103479.0,2090.706,986.0,915.0,336.0,9.47,0,1.5579908673402088e-05,-5.400000000577165e-05,0.39318999998795334,1,-0.0023165662100481654
phoenix_ssp585_mid_2050s_hot_2057,Phoenix,ssp585,mid_2050s,hot,2057,27.039852,87912.98681,48.190054,2145,33.606312,checksum-only://selected_weather/ssp585/Phoenix/phoenix_ssp585_mid_2050s_hot_2057.epw,8760,2057,0,65b82990a42c0bfd5b51013ab413084e80eaea1816640737a1a0e73ead8ed033,4c563141be61d8ddf7a74b4ad6666fd1a64113322df8536c517b221b1009805b,27.039867579908673,-0.57,48.19,87913.37999999999,2146,33.603995433789954,10.0,62.0,0,99661.0,103479.0,2090.706,986.0,915.0,336.0,9.47,0,1.5579908673402088e-05,-5.400000000577165e-05,0.39318999998795334,1,-0.0023165662100481654
phoenix_ssp585_mid_2050s_typical_2050,Phoenix,ssp585,mid_2050s,typical,2050,25.588838,76954.190981,46.5043,1889,33.594741,checksum-only://selected_weather/ssp585/Phoenix/phoenix_ssp585_mid_2050s_typical_2050.epw,8760,2050,0,b96e0c8b8acb89d21cf145789d229b57921e2d0b9a29e5fea6cc32678f6cc0ce,b006b997c290aa201fa6e73bedc6339abf4da00a97e8787259dc7f92627b2de5,25.58886529680365,3.81,46.5,76954.51,1890,33.586643835616435,10.0,62.0,0,99553.0,103055.0,2050.309,1000.0,916.0,305.0,12.52,0,2.729680365121112e-05,-0.004300000000000637,0.3190189999877475,1,-0.008097164383563893
phoenix_ssp585_near_2030s_heatwave_extreme_2033,Phoenix,ssp585,near_2030s,heatwave_extreme,2033,26.034553,80932.709053,46.648872,1953,33.602182,checksum-only://selected_weather/ssp585/Phoenix/phoenix_ssp585_near_2030s_heatwave_extreme_2033.epw,8760,2033,0,8b61b87b981065a1c56e49218af783939b15bddd26a04fbd6d167adf1bbdad0f,c4bde549452988dc8c8df1fadff3cc3436bd66223ce69bd9f7c303d3368a9cd1,26.034513698630136,3.57,46.65,80932.43000000001,1955,33.602511415525115,10.0,61.0,0,99785.0,102779.0,2143.932,1040.0,915.0,403.0,8.7,0,-3.9301369863409263e-05,0.0011280000000013501,-0.27905299999110866,2,0.0003294155251154507
phoenix_ssp585_near_2030s_hot_2033,Phoenix,ssp585,near_2030s,hot,2033,26.034553,80932.709053,46.648872,1953,33.602182,checksum-only://selected_weather/ssp585/Phoenix/phoenix_ssp585_near_2030s_hot_2033.epw,8760,2033,0,8b61b87b981065a1c56e49218af783939b15bddd26a04fbd6d167adf1bbdad0f,c4bde549452988dc8c8df1fadff3cc3436bd66223ce69bd9f7c303d3368a9cd1,26.034513698630136,3.57,46.65,80932.43000000001,1955,33.602511415525115,10.0,61.0,0,99785.0,102779.0,2143.932,1040.0,915.0,403.0,8.7,0,-3.9301369863409263e-05,0.0011280000000013501,-0.27905299999110866,2,0.0003294155251154507
phoenix_ssp585_near_2030s_typical_2034,Phoenix,ssp585,near_2030s,typical,2034,25.208201,74176.572764,49.303614,1591,33.648513,checksum-only://selected_weather/ssp585/Phoenix/phoenix_ssp585_near_2030s_typical_2034.epw,8760,2034,0,d91bdc4d2d263ac6f9d436e85618550452705ac9c42f40fdba3deff4e3ab76e0,433c1f7abe031b6c0b8f9f0cec0e5522eb5870dcf08e53d99c5276f363512746,25.2081301369863,1.46,49.3,74176.05,1594,33.64920091324201,11.0,62.0,0,98664.0,103360.0,2121.79,1043.0,914.0,388.0,9.81,0,-7.086301370051729e-05,-0.0036140000000060013,-0.5227639999939129,3,0.0006879132420110068
