city,mu_bin,year_a,weather_a,month_a,day_a,time_a,expected_tsv_a,p_tail_a,d_tail_a,year_b,weather_b,month_b,day_b,time_b,expected_tsv_b,p_tail_b,d_tail_b,mu_gap,tail_gap,d_tail_gap
phoenix,0.42,2025,phoenix_ssp585_cmip_direct_2025,3,26,6.0,0.4116454895404314,0.115367378069681,0.0766618775387246,2075,phoenix_ssp585_cmip_direct_2075,8,2,8.0,0.4112688232857071,0.217317750854178,0.1595550219462906,0.0003766662547243227,0.101950372784497,0.082893144407566
houston,0.86,2025,houston_ssp585_cmip_direct_2025,8,20,8.75,0.853617287028161,0.2465000616326176,0.2182202399929512,2075,houston_ssp585_cmip_direct_2075,11,26,6.0,0.8655781500036858,0.3476651171233681,0.3133229510435519,0.011960862975524789,0.10116505549075053,0.0951027110506007
phoenix,0.2,2025,phoenix_ssp585_cmip_direct_2025,3,23,13.75,0.1901116901964709,0.0713151974869805,0.007458773195239,2075,phoenix_ssp585_cmip_direct_2075,10,4,12.75,0.2083855469327171,0.1719754058068664,0.0756043051492484,0.018273856736246208,0.10066020831988591,0.06814553195400941
beijing,0.06,2025,beijing_ssp585_cmip_direct_2025,6,28,18.0,0.0513934033217083,0.051114825473535,-0.0030753682479425,2075,beijing_ssp585_cmip_direct_2075,1,1,13.5,0.0648457772627678,0.1490941714487086,0.0776720916033436,0.013452373941059498,0.0979793459751736,0.08074745985128609
phoenix,1.44,2025,phoenix_ssp585_cmip_direct_2025,9,3,6.0,1.4327572458067392,0.4445887972618939,0.4373529898402015,2075,phoenix_ssp585_cmip_direct_2075,7,30,13.5,1.4403174158483467,0.5425385950981351,0.524087583419837,0.007560170041607472,0.09794979783624119,0.08673459357963548
phoenix,0.56,2025,phoenix_ssp585_cmip_direct_2025,11,12,6.0,0.5523126988898,0.1584892403082891,0.1229572586195045,2075,phoenix_ssp585_cmip_direct_2075,8,1,7.25,0.554212475350541,0.2553025405029689,0.2073932204926782,0.0018997764607410206,0.09681330019467982,0.08443596187317369
phoenix,0.28,2025,phoenix_ssp585_cmip_direct_2025,11,19,17.0,0.2776809669314696,0.0825485302084973,0.0447209930847613,2075,phoenix_ssp585_cmip_direct_2075,10,3,13.5,0.2787491629493742,0.1791846724696709,0.0928507809707256,0.001068196017904588,0.0966361422611736,0.0481297878859643
phoenix,0.64,2025,phoenix_ssp585_cmip_direct_2025,4,2,6.0,0.6329054389149519,0.1799965231284125,0.1444793364886409,2075,phoenix_ssp585_cmip_direct_2075,8,1,7.5,0.6374994817512977,0.2759871495363652,0.2323947798011304,0.004594042836345791,0.09599062640795272,0.08791544331248952
phoenix,0.36,2025,phoenix_ssp585_cmip_direct_2025,3,5,14.0,0.351889093686704,0.1140367166402528,0.0829468248708514,2075,phoenix_ssp585_cmip_direct_2075,8,2,7.75,0.367852820445928,0.2085783064217586,0.1489957553226752,0.015963726759223973,0.09454158978150579,0.0660489304518238
phoenix,0.26,2025,phoenix_ssp585_cmip_direct_2025,4,24,17.0,0.2502328693138254,0.0780762329115587,0.0383016457657125,2075,phoenix_ssp585_cmip_direct_2075,10,4,13.75,0.2678903428140328,0.1718793537816377,0.0857489605769298,0.01765747350020741,0.09380312087007901,0.04744731481121729
beijing,0.08,2025,beijing_ssp585_cmip_direct_2025,5,14,6.75,0.0794316080632251,0.054873487079462,-0.0008196293671252,2075,beijing_ssp585_cmip_direct_2075,12,25,14.0,0.0751226053835159,0.1477107668513818,0.079852059527316,0.004309002679709212,0.0928372797719198,0.0806716888944412
phoenix,1.2,2025,phoenix_ssp585_cmip_direct_2025,9,24,6.0,1.1963138699462514,0.357566581628666,0.3400959457544536,2075,phoenix_ssp585_cmip_direct_2075,8,20,11.0,1.2040540463770866,0.4503898936216406,0.4218078870615626,0.007740176430835133,0.09282331199297461,0.08171194130710896
phoenix,0.46,2025,phoenix_ssp585_cmip_direct_2025,4,23,6.0,0.4503266531875326,0.1216698960122463,0.0947033351394803,2075,phoenix_ssp585_cmip_direct_2075,9,28,9.5,0.4693755893390772,0.2144756035824769,0.1509551231051235,0.01904893615154457,0.09280570757023059,0.05625178796564319
phoenix,0.24,2025,phoenix_ssp585_cmip_direct_2025,11,19,17.75,0.2382674210397265,0.0789174490691671,0.0396451481293031,2075,phoenix_ssp585_cmip_direct_2075,10,4,13.25,0.2492400675214894,0.1710396395573055,0.0839755723175073,0.010972646481762882,0.0921221904881384,0.044330424188204196
phoenix,0.8,2025,phoenix_ssp585_cmip_direct_2025,10,29,6.0,0.8018911159931411,0.218001879771207,0.1893009201972904,2075,phoenix_ssp585_cmip_direct_2075,7,26,8.75,0.8092939599872083,0.3099167147955547,0.2726238935417264,0.00740284399406721,0.09191483502434772,0.083322973344436
phoenix,0.86,2025,phoenix_ssp585_cmip_direct_2025,10,22,6.0,0.8515224142864569,0.2479817854564248,0.2230746919701335,2075,phoenix_ssp585_cmip_direct_2075,7,31,6.75,0.8510758490733016,0.339552423520601,0.3037512772832443,0.0004465652131553366,0.0915706380641762,0.08067658531311081
phoenix,0.12,2025,phoenix_ssp585_cmip_direct_2025,4,2,18.75,0.11343089236234,0.058862641653916,-0.0006270962777291,2075,phoenix_ssp585_cmip_direct_2075,10,5,11.75,0.1229393450818923,0.1503213234052561,0.0507528736672823,0.009508452719552307,0.09145868175134012,0.0513799699450114
beijing,0.04,2025,beijing_ssp585_cmip_direct_2025,5,9,6.75,0.0475969624851294,0.0512855985006062,-0.0083663965329429,2075,beijing_ssp585_cmip_direct_2075,1,1,14.25,0.0439835996279565,0.1426560822303543,0.0737173025806797,0.003613362857172904,0.09137048372974811,0.0820836991136226
phoenix,0.16,2025,phoenix_ssp585_cmip_direct_2025,4,26,13.5,0.1554975641143033,0.0596828053661512,0.0033610961088793,2075,phoenix_ssp585_cmip_direct_2075,10,4,12.25,0.1676259767065817,0.1495414699788579,0.0507847868783579,0.012128412592278398,0.0898586646127067,0.047423690769478596
phoenix,0.18,2025,phoenix_ssp585_cmip_direct_2025,3,22,16.25,0.1704168623702155,0.0699394497912698,-0.0006158424246209,2075,phoenix_ssp585_cmip_direct_2075,10,3,11.75,0.1860485784306891,0.1590388182506082,0.0616843057115762,0.01563171606047359,0.0890993684593384,0.0623001481361971
phoenix,0.14,2025,phoenix_ssp585_cmip_direct_2025,4,26,13.0,0.1437162526505375,0.0636520468069167,0.0004264735604889,2075,phoenix_ssp585_cmip_direct_2075,10,5,12.75,0.1432424594832154,0.1526825432918679,0.049811533744626,0.00047379316732210075,0.08903049648495119,0.049385060184137096
phoenix,0.22,2025,phoenix_ssp585_cmip_direct_2025,4,25,21.5,0.2157289660045188,0.0753952236661604,0.0365497419373418,2075,phoenix_ssp585_cmip_direct_2075,10,4,13.0,0.2259474158467966,0.1638669100817822,0.0759510208828306,0.010218449842277794,0.0884716864156218,0.039401278945488796
phoenix,0.8200000000000001,2025,phoenix_ssp585_cmip_direct_2025,5,7,6.0,0.8129081964621427,0.2358359832888588,0.220844097366734,2075,phoenix_ssp585_cmip_direct_2075,8,1,8.75,0.8155787134416902,0.3221732463394658,0.2809136088767588,0.002670516979547455,0.08633726305060702,0.06006951151002482
beijing,0.02,2025,beijing_ssp585_cmip_direct_2025,7,26,21.5,0.0284227251992389,0.0516771874506784,-0.0165843321275141,2075,beijing_ssp585_cmip_direct_2075,1,1,12.75,0.0237314535618029,0.137620232679322,0.0809245273667779,0.004691271637436,0.0859430452286436,0.097508859494292
phoenix,0.54,2025,phoenix_ssp585_cmip_direct_2025,11,19,6.0,0.5400019257167449,0.1640353966714039,0.1376976827720323,2075,phoenix_ssp585_cmip_direct_2075,8,2,21.5,0.5321602380311904,0.2491780081630168,0.1983655552790069,0.007841687685554488,0.0851426114916129,0.06066787250697461
phoenix,0.92,2025,phoenix_ssp585_cmip_direct_2025,10,8,6.0,0.9255341559681722,0.2633177674453381,0.2441925355310676,2075,phoenix_ssp585_cmip_direct_2075,7,27,19.25,0.9286812201783848,0.3471733505731849,0.3164570852595531,0.0031470642102126023,0.0838555831278468,0.07226454972848548
phoenix,-0.06,2025,phoenix_ssp585_cmip_direct_2025,10,4,8.25,-0.0620029106415992,0.0480192208943967,-0.0233877812821079,2075,phoenix_ssp585_cmip_direct_2075,10,1,20.75,-0.0555739807108757,0.1310587608141628,-0.0099215884484368,0.006428929930723498,0.08303953991976609,0.0134661928336711
phoenix,0.84,2025,phoenix_ssp585_cmip_direct_2025,5,21,6.0,0.8369390604062671,0.2442667925352097,0.2322293783608419,2075,phoenix_ssp585_cmip_direct_2075,8,1,9.25,0.842287348092755,0.3273008033087624,0.289704541294997,0.005348287686487874,0.08303401077355269,0.05747516293415511
phoenix,1.22,2025,phoenix_ssp585_cmip_direct_2025,6,18,6.0,1.2187182807448491,0.3688827840704675,0.3573117881791025,2075,phoenix_ssp585_cmip_direct_2075,8,15,14.75,1.2179475521976897,0.4516385512588228,0.4318686403218253,0.0007707285471594272,0.08275576718835531,0.07455685214272284
phoenix,0.4,2025,phoenix_ssp585_cmip_direct_2025,8,14,21.5,0.4044413608132233,0.120971116349693,0.0744959982491422,2075,phoenix_ssp585_cmip_direct_2075,8,2,6.5,0.4066185334376739,0.2030035812345297,0.1519365826933734,0.0021771726244506073,0.08203246488483669,0.0774405844442312
phoenix,0.3,2025,phoenix_ssp585_cmip_direct_2025,11,19,16.75,0.2914426805475757,0.089738243417133,0.0515823271017846,2075,phoenix_ssp585_cmip_direct_2075,8,2,7.5,0.2966632818818684,0.1712904869080731,0.1044118022414943,0.005220601334292696,0.0815522434909401,0.052829475139709696
phoenix,0.34,2025,phoenix_ssp585_cmip_direct_2025,4,23,13.25,0.3350107388772342,0.0996223748109533,0.0675989387526253,2075,phoenix_ssp585_cmip_direct_2075,9,26,8.75,0.3458558437690145,0.1810205482041371,0.1093631948528034,0.01084510489178031,0.0813981733931838,0.04176425610017809
phoenix,0.44,2025,phoenix_ssp585_cmip_direct_2025,10,22,16.25,0.4369556602509093,0.1337350832976601,0.0895130515694203,2075,phoenix_ssp585_cmip_direct_2075,8,2,8.25,0.43757945972236,0.2150480611398882,0.1573147426502487,0.0006237994714506923,0.0813129778422281,0.0678016910808284
phoenix,0.32,2025,phoenix_ssp585_cmip_direct_2025,4,23,15.5,0.3201217983759579,0.0955108767393232,0.058995473898261,2075,phoenix_ssp585_cmip_direct_2075,10,3,14.25,0.3222220971498705,0.1764234805451718,0.0988083929846063,0.002100298773912601,0.0809126038058486,0.039812919086345294
phoenix,1.12,2025,phoenix_ssp585_cmip_direct_2025,9,17,6.0,1.1119439034433078,0.3417954551918113,0.3209065086361227,2075,phoenix_ssp585_cmip_direct_2075,8,20,10.0,1.128098602277453,0.4204544317301326,0.3919901669130396,0.01615469883414522,0.07865897653832127,0.07108365827691693
beijing,-0.02,2025,beijing_ssp585_cmip_direct_2025,7,27,21.5,-0.0238845022214434,0.0453975840617983,-0.0214218728393099,2075,beijing_ssp585_cmip_direct_2075,1,15,14.5,-0.016688987192074,0.1238277697589572,0.0618584161097692,0.007195515029369399,0.0784301856971589,0.0832802889490791
beijing,-0.0,2025,beijing_ssp585_cmip_direct_2025,7,12,18.0,-0.009674081924186,0.0485116000043302,-0.0145720215819954,2075,beijing_ssp585_cmip_direct_2075,1,23,12.75,-0.003754263567131,0.1269259539964449,0.0573370994679814,0.005919818357055,0.07841435399211472,0.07190912104997679
phoenix,1.3,2025,phoenix_ssp585_cmip_direct_2025,6,4,6.0,1.306696740736942,0.4053817595637818,0.3954002549742908,2075,phoenix_ssp585_cmip_direct_2075,7,30,19.5,1.3029381503917414,0.4835245412085758,0.4628825576955185,0.003758590345200652,0.07814278164479399,0.06748230272122768
phoenix,1.08,2025,phoenix_ssp585_cmip_direct_2025,5,28,6.0,1.0894883980160113,0.3289521922176489,0.3165112821493017,2075,phoenix_ssp585_cmip_direct_2075,9,24,10.5,1.089882960688576,0.4064060424401095,0.3778407736455159,0.00039456267256476885,0.07745385022246065,0.061329491496214195
phoenix,1.32,2025,phoenix_ssp585_cmip_direct_2025,9,10,6.0,1.3259236255630364,0.4161936347654191,0.4049812527633643,2075,phoenix_ssp585_cmip_direct_2075,7,31,11.0,1.3184351886859662,0.4932411809124408,0.4678561647571052,0.007488436877070237,0.0770475461470217,0.0628749119937409
phoenix,0.38,2025,phoenix_ssp585_cmip_direct_2025,9,27,6.0,0.3735440822554861,0.1151880312620442,0.0680809114529308,2075,phoenix_ssp585_cmip_direct_2075,9,26,9.0,0.3864356643454003,0.1921440542503425,0.1208591945431369,0.0128915820899142,0.0769560229882983,0.0527782830902061
phoenix,0.48,2025,phoenix_ssp585_cmip_direct_2025,11,5,6.0,0.4884032144752523,0.1422477313429812,0.1089736108663308,2075,phoenix_ssp585_cmip_direct_2075,8,2,9.5,0.4835193493453568,0.2191941466413741,0.1616747690116985,0.004883865129895526,0.07694641529839291,0.0527011581453677
phoenix,-0.0,2025,phoenix_ssp585_cmip_direct_2025,10,31,6.5,-0.0077681413172198,0.0499947174695176,-0.0181248504485725,2075,phoenix_ssp585_cmip_direct_2075,6,14,8.25,0.0085623490219851,0.1259439900949976,0.0271210602352622,0.0163304903392049,0.07594927262548,0.0452459106838347
phoenix,0.68,2025,phoenix_ssp585_cmip_direct_2025,4,30,6.0,0.6895105038162705,0.2005544569928803,0.1681319757082862,2075,phoenix_ssp585_cmip_direct_2075,9,20,11.0,0.6888187023486415,0.2752902012540561,0.2268880424805957,0.0006918014676290385,0.07473574426117582,0.05875606677230949
phoenix,-0.1,2025,phoenix_ssp585_cmip_direct_2025,10,4,7.75,-0.0928973692141315,0.0478333083595989,-0.0238575971371104,2075,phoenix_ssp585_cmip_direct_2075,10,2,7.0,-0.104276188086207,0.1224338652481897,-0.0228548409390885,0.011378818872075508,0.0746005568885908,0.0010027561980219014
phoenix,0.1,2025,phoenix_ssp585_cmip_direct_2025,4,2,19.0,0.1037509479055358,0.0598553358492126,-0.0015023197398238,2075,phoenix_ssp585_cmip_direct_2075,6,15,18.0,0.1064657962595702,0.1341100070388126,0.0461046012538118,0.002714848354034405,0.0742546711896,0.0476069209936356
phoenix,0.52,2025,phoenix_ssp585_cmip_direct_2025,5,28,13.0,0.513039469128264,0.1652159384476181,0.1276800412114205,2075,phoenix_ssp585_cmip_direct_2075,8,1,7.0,0.527525990496102,0.2393962096553184,0.1911554024022428,0.014486521367838012,0.07418027120770032,0.06347536119082231
phoenix,1.24,2025,phoenix_ssp585_cmip_direct_2025,8,6,6.0,1.2460324920777353,0.3911520810730183,0.3784113384698008,2075,phoenix_ssp585_cmip_direct_2075,7,31,10.25,1.2387858986357865,0.4652019576348838,0.4386815828387234,0.007246593441948779,0.07404987656186551,0.06027024436892259
phoenix,-0.02,2025,phoenix_ssp585_cmip_direct_2025,10,12,6.25,-0.0124720287524427,0.0483887962244884,-0.021456737690891,2075,phoenix_ssp585_cmip_direct_2075,6,15,9.0,-0.0131036886772761,0.122277019402986,0.0217882954117506,0.0006316599248334005,0.07388822317849761,0.043245033102641606
phoenix,0.02,2025,phoenix_ssp585_cmip_direct_2025,10,12,21.5,0.0104702072273842,0.0533771127071095,-0.0151683101912876,2075,phoenix_ssp585_cmip_direct_2075,6,29,9.0,0.0224651838229348,0.1268649092320337,0.0346109538952917,0.0119949765955506,0.0734877965249242,0.0497792640865793
