strategy,bin_width,mu_bin_left,mu_bin_right,mu_bin_center,rows,p_tail_q05,p_tail_q25,p_tail_median,p_tail_q75,p_tail_q95,p_tail_iqr,p_tail_90pct_spread,high_tail_pct
ordinal,0.05,-0.35000000000000003,-0.30000000000000004,-0.325,104,0.06426903069648325,0.07883682950225038,0.0825448972400789,0.08454022951790856,0.08712893805707544,0.0057034000156581804,0.022859907360592194,0.0
ordinal,0.05,-0.30000000000000004,-0.25000000000000006,-0.275,212,0.06471459780525718,0.07690454216245618,0.0819514513769856,0.08861717937053484,0.0963207857100126,0.011712637208078663,0.03160618790475542,0.0
ordinal,0.05,-0.25,-0.2,-0.225,431,0.06284943136637039,0.07476017994878326,0.08243986740364731,0.08965601474224386,0.10201963065555494,0.0148958347934606,0.039170199289184554,0.0
ordinal,0.05,-0.2,-0.15000000000000002,-0.17500000000000002,1434,0.05611358274832955,0.06298184569963577,0.07459266787291399,0.08726621125784187,0.09907671818116333,0.024284365558206095,0.042963135432833775,0.0
ordinal,0.05,-0.15000000000000002,-0.10000000000000002,-0.12500000000000003,5516,0.04526496362719538,0.047644356948007296,0.055612975115652996,0.06972140193423382,0.0949287535534179,0.02207704498622652,0.04966378992622252,0.0
ordinal,0.05,-0.1,-0.05,-0.07500000000000001,10395,0.047149941920235694,0.049741673206123604,0.055517630859849,0.066824322067672,0.09516959382431935,0.017082648861548394,0.04801965190408365,0.0
ordinal,0.05,-0.05,0.0,-0.025,15642,0.05135791900868878,0.056017142354914756,0.06496400599648441,0.07851406473725903,0.09891007269501452,0.02249692238234427,0.04755215368632574,0.0
ordinal,0.05,0.0,0.05,0.025,23365,0.05534661990531558,0.059379288994460794,0.0672511282305024,0.0815136217829753,0.10107956359136303,0.02213433278851451,0.045732943686047446,0.0
ordinal,0.05,0.05,0.1,0.07500000000000001,25687,0.05839253901972009,0.06230015352206125,0.06785655433416321,0.08025456746138834,0.09453717697948939,0.01795441393932709,0.036144637959769306,0.0
ordinal,0.05,0.1,0.15000000000000002,0.125,17487,0.06159683556705804,0.06829469595961915,0.07689462823789431,0.08578363879542285,0.10021538033532189,0.017488942835803697,0.038618544768263846,0.0
ordinal,0.05,0.15000000000000002,0.2,0.17500000000000002,10728,0.06508561967320703,0.07669312377879922,0.08398878473918636,0.09366207270928055,0.11574755972929482,0.01696894893048133,0.05066194005608779,0.0
ordinal,0.05,0.2,0.25,0.225,6947,0.07907052629590909,0.0871625444392165,0.09548883650128859,0.10885664588706251,0.13083160768787633,0.021694101447846004,0.05176108139196724,0.0
ordinal,0.05,0.25,0.3,0.275,4682,0.08863748486248108,0.09854942077828453,0.1078321004833895,0.1208606656143463,0.14691164662147535,0.02231124483606177,0.058274161758994275,0.0
ordinal,0.05,0.30000000000000004,0.35000000000000003,0.32500000000000007,3328,0.10104549711197851,0.11125258891682663,0.1190074883685929,0.13194874640657964,0.16084701571110416,0.02069615748975301,0.05980151859912565,0.030048076923076924
ordinal,0.05,0.35000000000000003,0.4,0.37500000000000006,2580,0.1159522188573275,0.12445555128760416,0.13317485077610225,0.14774765101153903,0.17426664772385095,0.023292099723934867,0.05831442886652345,0.15503875968992248
ordinal,0.05,0.4,0.45,0.42500000000000004,1990,0.1281574313841373,0.13986705888519502,0.14939740156979558,0.16870654825701836,0.19044791119152737,0.028839489371823346,0.06229047980739008,1.507537688442211
ordinal,0.05,0.45,0.5,0.47500000000000003,1872,0.14041146351320866,0.15224188251859277,0.16256053275178778,0.18024328826275357,0.20196018253511447,0.028001405744160796,0.06154871902190581,6.570512820512821
ordinal,0.05,0.5,0.55,0.525,1860,0.1557613922148154,0.1664174825246452,0.17756138554122225,0.19667442480458086,0.21763069377353533,0.030256942279935667,0.06186930155871995,20.483870967741936
ordinal,0.05,0.55,0.6000000000000001,0.5750000000000001,1744,0.1684869547168347,0.17998382666318458,0.19262782962454295,0.21222114326469926,0.23355345071804423,0.03223731660151469,0.06506649600120953,39.162844036697244
ordinal,0.05,0.6000000000000001,0.6500000000000001,0.6250000000000001,1659,0.18407750175874604,0.19556534606444545,0.207458988565427,0.22697827689303374,0.24735832450314452,0.03141293082858829,0.06328082274439847,65.03918022905366
ordinal,0.05,0.65,0.7000000000000001,0.675,1509,0.19992676575565765,0.2126282810132719,0.2271587199954137,0.2468958816365091,0.26254818612146236,0.03426760062323719,0.0626214203658047,94.83101391650099
ordinal,0.05,0.7000000000000001,0.7500000000000001,0.7250000000000001,1409,0.21678523161665197,0.229229368895573,0.24142029290699518,0.2611119638672019,0.27772524397845655,0.03188259497162893,0.060940012361804574,100.0
ordinal,0.05,0.75,0.8,0.775,1380,0.23270294982320108,0.24522537276052928,0.2567518418629714,0.2752313958541752,0.2919809480633483,0.030006023093645945,0.059277998240147206,100.0
ordinal,0.05,0.8,0.8500000000000001,0.8250000000000001,1368,0.2487716656223751,0.26091359350948584,0.2728971828470455,0.2910783182187099,0.30776158438693124,0.030164724709224044,0.05898991876455614,100.0
ordinal,0.05,0.8500000000000001,0.9000000000000001,0.8750000000000001,1278,0.2637013513872806,0.2773383336998997,0.28882722295836083,0.3082358326024288,0.326016052480188,0.03089749890252913,0.062314701092907376,100.0
ordinal,0.05,0.9,0.9500000000000001,0.925,1322,0.27970274686898694,0.2922443649648492,0.30297908931663886,0.32487496865196236,0.3418198993634051,0.03263060368711318,0.06211715249441818,100.0
ordinal,0.05,0.9500000000000001,1.0,0.9750000000000001,1072,0.2917596501033299,0.30474491272022314,0.31624615457607297,0.3430152203619868,0.36015044288644726,0.038270307641763646,0.06839079278311738,100.0
ordinal,0.05,1.0,1.05,1.025,969,0.30586869175950454,0.3196994700971478,0.3338582665106293,0.3607682276007235,0.37572089768044287,0.04106875750357575,0.06985220592093833,100.0
ordinal,0.05,1.05,1.1,1.075,742,0.3177011400917692,0.33442974987645535,0.35526671693027434,0.38199773947611615,0.3951180776984241,0.0475679895996608,0.07741693760665491,100.0
ordinal,0.05,1.1,1.1500000000000001,1.125,491,0.3357244734124454,0.3507851995172854,0.38243646308563223,0.40189421627063193,0.4145275708694372,0.05110901675334656,0.07880309745699182,100.0
ordinal,0.05,1.1500000000000001,1.2000000000000002,1.175,330,0.36104047438766246,0.3940130133362584,0.41016313478342553,0.42082575318415094,0.43402657917347626,0.026812739847892564,0.0729861047858138,100.0
ordinal,0.05,1.2000000000000002,1.2500000000000002,1.225,253,0.3680464304825631,0.41021868087330066,0.4279440280452458,0.4378052198909087,0.4500533231423127,0.027586539017608047,0.08200689265974964,100.0
ordinal,0.05,1.25,1.3,1.275,169,0.40012964235067816,0.4349717362578847,0.4481581653493797,0.4566114797960139,0.46997033657140075,0.021639743538129197,0.06984069422072259,100.0
ordinal,0.05,1.3,1.35,1.325,144,0.4182426335616454,0.45086355876646866,0.4671343402279502,0.4802428254317194,0.49004588644041863,0.02937926666525076,0.0718032528787732,100.0
ordinal,0.05,1.35,1.4000000000000001,1.375,89,0.385732636084139,0.45447249690072317,0.47544073083574745,0.4887204266818347,0.50592719281955,0.03424792978111152,0.12019455673541102,100.0
ordinal,0.05,1.4000000000000001,1.4500000000000002,1.425,63,0.4451557759523634,0.4863731061448295,0.5051458237406156,0.514935830833424,0.5370219296158623,0.0285627246885945,0.09186615366349887,100.0
ordinal,0.05,1.4500000000000002,1.5000000000000002,1.475,30,0.4810852397479809,0.4949139788414477,0.5112580593949696,0.5339862272049796,0.5431176564398134,0.03907224836353185,0.06203241669183246,100.0
ordinal,0.05,1.5,1.55,1.525,21,0.5026459536798696,0.5312461715618283,0.5421449597628781,0.5528775491355279,0.5572931769715536,0.021631377573699595,0.05464722329168392,100.0
ordinal,0.1,-0.4,-0.30000000000000004,-0.35000000000000003,119,0.06430161085803497,0.07966905475121255,0.0826816952361714,0.0845879490177326,0.08789790916797056,0.004918894266520049,0.023596298309935593,0.0
ordinal,0.1,-0.30000000000000004,-0.20000000000000004,-0.25000000000000006,643,0.06347321391751133,0.07585724778546954,0.08231543366428709,0.0892273371086192,0.10003616576797247,0.013370089323149661,0.03656295185046114,0.0
ordinal,0.1,-0.2,-0.1,-0.15000000000000002,6950,0.04539561582798755,0.048235187261343904,0.06044147215940665,0.07710571811923331,0.0957341660437897,0.028870530857889404,0.05033855021580216,0.0
ordinal,0.1,-0.1,0.0,-0.05,26037,0.04825205960315476,0.05309425992548,0.0607035690243624,0.0752799607107786,0.09754890017939831,0.022185700785298593,0.04929684057624355,0.0
ordinal,0.1,0.0,0.1,0.05,49052,0.0565322043262023,0.061012152992164524,0.06759709443208994,0.08088079545459625,0.09838451636826225,0.01986864246243173,0.04185231204205995,0.0
ordinal,0.1,0.1,0.2,0.15000000000000002,28215,0.06237931523695764,0.07125829761648439,0.079730832824404,0.08864001760521115,0.10795229351009604,0.017381719988726757,0.0455729782731384,0.0
ordinal,0.1,0.2,0.30000000000000004,0.25,11629,0.08100439935175484,0.0906719180435127,0.1012978380083628,0.1143548388019765,0.13899040426108,0.023682920758463802,0.057986004909325164,0.0
ordinal,0.1,0.30000000000000004,0.4,0.35000000000000003,5908,0.10436453299817348,0.11585810792457271,0.1258205724022069,0.13935855194524144,0.16843993135037305,0.023500444020668726,0.06407539835219957,0.08463100880162493
ordinal,0.1,0.4,0.5,0.45,3862,0.13120936515702297,0.14487495966105346,0.15696924271393445,0.17456929903845583,0.1979606581973125,0.029694339377402373,0.06675129304028954,3.961677887105127
ordinal,0.1,0.5,0.6,0.55,3604,0.15889997483759064,0.17214655259365505,0.1853067876988902,0.20435859882730445,0.22754447355459545,0.0322120462336494,0.06864449871700481,29.52275249722531
ordinal,0.1,0.6000000000000001,0.7000000000000001,0.6500000000000001,3168,0.18721197775272153,0.20302515559258827,0.21770514183824535,0.2372073786963159,0.25764891587697436,0.03418222310372762,0.07043693812425283,79.22979797979798
ordinal,0.1,0.7000000000000001,0.8,0.7500000000000001,2789,0.22052105523606377,0.23627623659922312,0.25046453675935043,0.2681801525157734,0.2873147635525084,0.03190391591655026,0.06679370831644463,100.0
ordinal,0.1,0.8,0.9,0.8500000000000001,2646,0.252694896003116,0.26795374862336596,0.28179445025802397,0.29841879290791556,0.3210114449756384,0.030465044284549603,0.06831654897252237,100.0
ordinal,0.1,0.9,1.0,0.9500000000000001,2394,0.28198108456255383,0.2972307961644233,0.31025413538005264,0.3314602429735473,0.3548142208169817,0.03422944680912399,0.07283313625442789,100.0
ordinal,0.1,1.0,1.1,1.05,1711,0.3079546637697901,0.32537049117647465,0.3444612868648654,0.36961229240686855,0.3895888720631589,0.044241801230393896,0.08163420829336882,100.0
ordinal,0.1,1.1,1.2000000000000002,1.1500000000000001,821,0.3373336691185207,0.36351472809903007,0.39554448695531624,0.4110354773803153,0.4279020558142117,0.047520749281285246,0.090568386695691,100.0
ordinal,0.1,1.2000000000000002,1.3000000000000003,1.2500000000000002,422,0.3756687837468343,0.42009505926746804,0.4338737597907478,0.44798391312318253,0.4632682457740723,0.02788885385571449,0.08759946202723795,100.0
ordinal,0.1,1.3,1.4000000000000001,1.35,233,0.3996845882967964,0.4511343860979154,0.4715240524153082,0.4828525146945876,0.4984468524635938,0.031718128596672224,0.09876226416679745,100.0
ordinal,0.1,1.4000000000000001,1.5000000000000002,1.4500000000000002,93,0.44958507863353375,0.4896405247813652,0.5087195336929149,0.5208994888195861,0.5407014696549585,0.03125896403822093,0.09111639102142471,100.0
ordinal,0.1,1.5,1.6,1.55,26,0.5061623051509547,0.5322218646204421,0.5441650866536769,0.5559606134857917,0.569889001801291,0.023738748865349657,0.06372669665033626,100.0
