group_scope,event,threshold,aggregator,n_steps,stored_high_count,corrected_high_count,both_high_count,union_high_count,stored_only_count,corrected_only_count,disagreement_count,stored_high_pct,corrected_high_pct,corrected_minus_stored_pp,disagreement_pct,jaccard
global,broad_tail,0.05,any_zone,2405376,2405160,2405109,2405042,2405227,118,67,185,99.99102011494253,99.98889986430396,-0.002120250638569604,0.007691105257556407,0.9999230841829067
global,broad_tail,0.05,area_weighted_mean,2405376,2398030,2397251,2395177,2400104,2853,2074,4927,99.69460076096212,99.66221497179652,-0.032385789165602384,0.20483284110259684,0.9979471722892008
global,broad_tail,0.05,equal_zone_mean,2405376,2393875,2392685,2389407,2397153,4468,3278,7746,99.52186269423159,99.47239017933163,-0.04947251489995743,0.3220286558109834,0.9967686668310283
global,broad_tail,0.05,zone_p90,2405376,2403896,2403652,2403070,2404478,826,582,1408,99.93847115793955,99.92832721370796,-0.01014394423158791,0.05853554704129416,0.9994144259169766
global,broad_tail,0.06,any_zone,2405376,2380222,2377098,2370062,2387258,10160,7036,17196,98.95425912622392,98.82438338122606,-0.12987574499787144,0.7148986270753512,0.9927967567812109
global,broad_tail,0.06,area_weighted_mean,2405376,2202226,2190050,2161058,2231218,41168,28992,70160,91.55433495636441,91.04813550979141,-0.5061994465730097,2.9167997020008514,0.9685552913251865
global,broad_tail,0.06,equal_zone_mean,2405376,2178383,2166441,2138621,2206203,39762,27820,67582,90.56309699606216,90.0666257583014,-0.49647123776074925,2.8096231108982543,0.9693672794389274
global,broad_tail,0.06,zone_p90,2405376,2319150,2311984,2293900,2337234,25250,18084,43334,96.41527977330779,96.1173637718178,-0.29791600148999575,1.8015478661132396,0.9814592804999414
global,broad_tail,0.07,any_zone,2405376,2284059,2274612,2251615,2307056,32444,22997,55441,94.9564226133461,94.56367736270754,-0.39274525063856963,2.3048787382928904,0.9759689405025279
global,broad_tail,0.07,area_weighted_mean,2405376,1735541,1718754,1671652,1782643,63889,47102,110991,72.15258653948489,71.45469149106003,-0.6978950484248616,4.61428899265645,0.9377379542622948
global,broad_tail,0.07,equal_zone_mean,2405376,1794297,1780360,1733842,1840815,60455,46518,106973,74.5952815692848,74.01587111536824,-0.5794104539165602,4.447246501170711,0.9418882397199067
global,broad_tail,0.07,zone_p90,2405376,2169024,2154925,2123577,2200372,45447,31348,76795,90.17401021711366,89.587864849404,-0.5861453677096636,3.1926401527245636,0.9650990832459239
global,broad_tail,0.08,any_zone,2405376,1925781,1910354,1844362,1991773,81419,65992,147411,80.06153715676884,79.42018212537249,-0.6413550313963389,6.128397389846743,0.9259900601122718
global,broad_tail,0.08,area_weighted_mean,2405376,1278673,1263696,1217891,1324478,60782,45805,106587,53.15896558375904,52.53631864623244,-0.622646937526607,4.431199113984674,0.9195252771280459
global,broad_tail,0.08,equal_zone_mean,2405376,1332586,1320730,1272821,1380495,59765,47909,107674,55.400319949978716,54.90742403682418,-0.4928959131545338,4.47638955406556,0.9220033393818884
global,broad_tail,0.08,zone_p90,2405376,1675933,1660434,1590215,1746152,85718,70219,155937,69.67447085195828,69.03012252554278,-0.644348326415496,6.482853408365262,0.9106967778291924
global,broad_tail,0.09,any_zone,2405376,1702642,1686900,1623518,1766024,79124,63382,142506,70.78485858343976,70.13040788633461,-0.6544506971051511,5.924479166666666,0.9193068723867852
global,broad_tail,0.09,area_weighted_mean,2405376,980492,967310,930092,1017710,50400,37218,87618,40.7625252767135,40.21450284695615,-0.5480224297573435,3.6425905970625796,0.9139067121282094
global,broad_tail,0.09,equal_zone_mean,2405376,1036037,1025309,984447,1076899,51590,40862,92452,43.07172766336739,42.62572670551298,-0.4460009578544062,3.843557098765432,0.914149794920415
global,broad_tail,0.09,zone_p90,2405376,1406823,1393718,1339289,1461252,67534,54429,121963,58.486614982439335,57.94179371541082,-0.5448212670285227,5.070433894742444,0.9165352724923559
global,broad_tail,0.1,any_zone,2405376,1462083,1447519,1405806,1503796,56277,41713,97990,60.783968909642404,60.178491844934015,-0.6054770647083866,4.073791373988931,0.9348382360373348
global,broad_tail,0.1,area_weighted_mean,2405376,794298,782724,750950,826072,43348,31774,75122,33.0217812100894,32.5406090357599,-0.4811721743295019,3.123087617071094,0.9090611956342789
global,broad_tail,0.1,equal_zone_mean,2405376,859598,849210,816451,892357,43147,32759,75906,35.73653349829715,35.304667544699875,-0.4318659535972755,3.1556812739463607,0.9149376314636407
global,broad_tail,0.1,zone_p90,2405376,1222136,1209035,1166256,1264915,55880,42779,98659,50.80852224350788,50.26386727064709,-0.5446549728607918,4.101604073541933,0.9220034547775937
global,broad_tail,0.11,any_zone,2405376,1412993,1398722,1353389,1458326,59604,45333,104937,58.74312373616433,58.14982771924223,-0.5932960169220944,4.362602769795658,0.9280428381582719
global,broad_tail,0.11,area_weighted_mean,2405376,655791,645109,619475,681425,36316,25634,61950,27.263554637611747,26.81946606268625,-0.4440885749255002,2.5754809227330777,0.9090875738342444
global,broad_tail,0.11,equal_zone_mean,2405376,749614,739695,711643,777666,37971,28052,66023,31.16410906236696,30.75174109993614,-0.41236796243082163,2.744809959025117,0.9151010845272907
global,broad_tail,0.11,zone_p90,2405376,1128929,1116575,1073242,1172262,55687,43333,99020,46.93357712058322,46.41997758354619,-0.5135995370370371,4.116612122179651,0.9155308284325517
global,broad_tail,0.12,any_zone,2405376,1317092,1303519,1260348,1360263,56744,43171,99915,54.75617949127288,54.19190180661984,-0.5642776846530438,4.153820442209451,0.9265472926926631
global,broad_tail,0.12,area_weighted_mean,2405376,561194,550968,530767,581395,30427,20201,50628,23.330822291400597,22.905691251596423,-0.425131039804172,2.104785280970626,0.9129197877518727
global,broad_tail,0.12,equal_zone_mean,2405376,659761,650343,625462,684642,34299,24881,59180,27.42860159908472,27.037061981162196,-0.39153961792252023,2.4603222115793955,0.913560663821384
global,broad_tail,0.12,zone_p90,2405376,1028342,1016848,979071,1066119,49271,37777,87048,42.75181925819498,42.27397296722009,-0.4778462909748829,3.6188936781609193,0.918350578124956
global,broad_tail,0.13,any_zone,2405376,1163038,1151616,1112394,1202260,50644,39222,89866,48.35160906236696,47.87675606641124,-0.4748529959557259,3.7360479193273735,0.9252524412356729
global,broad_tail,0.13,area_weighted_mean,2405376,494629,484680,468585,510724,26044,16095,42139,20.563479472647934,20.14986430395913,-0.4136151686888037,1.7518674835036183,0.9174916393198674
global,broad_tail,0.13,equal_zone_mean,2405376,584015,574833,553132,605716,30883,21701,52584,24.279572091847594,23.8978438298212,-0.3817282620263942,2.18610312899106,0.913187038149892
global,broad_tail,0.13,zone_p90,2405376,936202,926264,893367,969099,42835,32897,75732,38.92123310451256,38.50807524478502,-0.4131578597275436,3.148447477650064,0.9218531852782843
global,broad_tail,0.14,any_zone,2405376,1140381,1129241,1091291,1178331,49090,37950,87040,47.40967732279693,46.94654806566624,-0.46312925713069386,3.6185610898254574,0.9261328098810945
global,broad_tail,0.14,area_weighted_mean,2405376,450422,440662,427174,463910,23248,13488,36736,18.725637904427415,18.3198801351639,-0.4057577692635164,1.5272456364410387,0.9208122265094523
global,broad_tail,0.14,equal_zone_mean,2405376,524542,515476,496539,543479,28003,18937,46940,21.807068832481907,21.43016310131971,-0.37690573116219667,1.9514620583226905,0.9136305174624962
global,broad_tail,0.14,zone_p90,2405376,904096,894279,862188,936187,41908,32091,73999,37.58647296722009,37.178345506066414,-0.40812746115368237,3.07640052948063,0.920957031020512
global,broad_tail,0.15,any_zone,2405376,1085129,1074090,1036367,1122852,48762,37723,86485,45.112655983929336,44.653725654533844,-0.45893032939548745,3.5954877740527884,0.9229773825936098
global,broad_tail,0.15,area_weighted_mean,2405376,417273,407659,395903,429029,21370,11756,33126,17.347516562899106,16.947828530757768,-0.39968803214133675,1.377165150063857,0.9227884362129366
global,broad_tail,0.15,equal_zone_mean,2405376,476078,467177,450090,493165,25988,17087,43075,19.792248696253726,19.42220259951043,-0.370046096743295,1.790780318752661,0.9126560076242232
global,broad_tail,0.15,zone_p90,2405376,875274,865554,834919,905909,40355,30635,70990,36.388240341634734,35.984145514048535,-0.4040948275862069,2.9513057418050237,0.9216367206860733
global,broad_tail,0.16,any_zone,2405376,1047365,1036868,1002574,1081659,44791,34294,79085,43.54267274638144,43.1062752767135,-0.4363974696679438,3.2878435637505325,0.9268854602051109
global,broad_tail,0.16,area_weighted_mean,2405376,389937,380524,369698,400763,20239,10826,31065,16.2110622206258,15.81973047041294,-0.39133175021285654,1.2914820801404852,0.9224853591773692
global,broad_tail,0.16,equal_zone_mean,2405376,436054,427344,411825,451573,24229,15519,39748,18.128309253937847,17.766203703703702,-0.36210555023414215,1.6524651447424437,0.9119787941263096
global,broad_tail,0.16,zone_p90,2405376,848654,839210,809953,877911,38701,29257,67958,35.28155265538527,34.8889321253725,-0.39262053001277136,2.825254762664964,0.9225912421646385
global,broad_tail,0.17,any_zone,2405376,1044994,1034538,1000569,1078963,44425,33969,78394,43.444101878458916,43.009408924010216,-0.43469295444870154,3.2591162462750107,0.9273431989790196
global,broad_tail,0.17,area_weighted_mean,2405376,365244,356233,346015,375462,19229,10218,29447,15.184486749680715,14.809867563324818,-0.37461918635589614,1.2242160892933163,0.9215712908363562
global,broad_tail,0.17,equal_zone_mean,2405376,401631,393230,378784,416077,22847,14446,37293,16.69722321998723,16.347963894210302,-0.34925932577692637,1.5504020992975736,0.9103699555611101
global,broad_tail,0.17,zone_p90,2405376,812369,803030,774114,841285,38255,28916,67171,33.77305668635589,33.38480137824606,-0.388255308109834,2.7925363851638996,0.9201566651016005
global,broad_tail,0.18,any_zone,2405376,1016428,1006333,970612,1052149,45816,35721,81537,42.25651207960834,41.83682717379736,-0.4196849058109834,3.389781888569604,0.9225043221064697
global,broad_tail,0.18,area_weighted_mean,2405376,342294,333618,323791,352121,18503,9827,28330,14.230373962324395,13.869681912515963,-0.3606920498084291,1.1777784429544487,0.9195447019632456
global,broad_tail,0.18,equal_zone_mean,2405376,372083,364046,350879,385250,21204,13167,34371,15.468808202958705,15.134681646445298,-0.33412655651340994,1.428924209770115,0.9107826086956522
global,broad_tail,0.18,zone_p90,2405376,782815,773551,744638,811728,38177,28913,67090,32.54439222807577,32.159254935610896,-0.3851372924648787,2.789168928267348,0.9173491612954093
global,broad_tail,0.19,any_zone,2405376,937445,927806,885609,979642,51836,42197,94033,38.97290901713495,38.572181646445294,-0.4007273706896552,3.90928486856109,0.9040128945063605
global,broad_tail,0.19,area_weighted_mean,2405376,320450,312197,302643,330004,17807,9554,27361,13.322241512345679,12.979135070774797,-0.3431064415708812,1.1374936808216263,0.9170888837711058
global,broad_tail,0.19,equal_zone_mean,2405376,346597,338980,326682,358895,19915,12298,32213,14.409264913260964,14.092599244359302,-0.31666566890166026,1.3392085062792678,0.9102439432145892
global,broad_tail,0.19,zone_p90,2405376,721029,711882,682094,750817,38935,29788,68723,29.975729366219667,29.595456178160916,-0.38027318805874843,2.857058522243508,0.9084690410579409
global,broad_tail,0.2,any_zone,2405376,890763,881406,836568,935601,54195,44838,99033,37.03217293263091,36.64316930076628,-0.3890036318646233,4.117152578224776,0.8941503910320746
global,broad_tail,0.2,area_weighted_mean,2405376,299378,291773,282186,308965,17192,9587,26779,12.446203836739038,12.13003705034057,-0.3161667863984674,1.1132978794167732,0.9133267522211254
global,broad_tail,0.2,equal_zone_mean,2405376,323481,316242,304512,335211,18969,11730,30699,13.448250917943804,13.14730004789272,-0.30095087005108556,1.2762661637931034,0.908418876468851
global,broad_tail,0.2,zone_p90,2405376,678168,669417,640972,706613,37196,28445,65641,28.19384578544061,27.83003571998723,-0.3638100654533844,2.7289288660068114,0.9071047376711155
global,broad_tail,0.21,any_zone,2405376,820857,811934,769018,863773,51839,42916,94755,34.12593291028097,33.75497219561516,-0.37096071466581526,3.9393009658365266,0.8903010397407652
global,broad_tail,0.21,area_weighted_mean,2405376,278696,271505,262016,288185,16680,9489,26169,11.586379842486165,11.28742450244785,-0.2989553400383142,1.0879380188378034,0.9091937470721932
global,broad_tail,0.21,equal_zone_mean,2405376,301755,294923,283758,312920,17997,11165,29162,12.545024145913155,12.260993707428693,-0.28403043848446147,1.2123676298424861,0.9068068515914611
global,broad_tail,0.21,zone_p90,2405376,645352,637299,609567,673084,35785,27732,63517,26.829568433375904,26.49477670019157,-0.33479173318433375,2.6406266629416772,0.9056328779171693
global,broad_tail,0.22,any_zone,2405376,820825,811904,768991,863738,51834,42913,94747,34.124602556939124,33.753724989357174,-0.3708775675819498,3.938968377501064,0.8903058566370821
global,broad_tail,0.22,area_weighted_mean,2405376,259364,252581,243534,268411,15830,9047,24877,10.782680129842486,10.50068679491273,-0.2819933349297573,1.0342250026607067,0.9073175093420165
global,broad_tail,0.22,equal_zone_mean,2405376,281475,274939,264098,292316,17377,10841,28218,11.701912715517242,11.43018804544487,-0.2717246700723712,1.173122206257982,0.9034674803979256
global,broad_tail,0.22,zone_p90,2405376,638878,630903,603712,666069,35166,27191,62357,26.560421322903366,26.228872325989784,-0.33154899691358025,2.592401354299702,0.9063805701811675
global,broad_tail,0.23,any_zone,2405376,820672,811753,768877,863548,51795,42876,94671,34.118241805023416,33.74744738452533,-0.3707944204980843,3.935808788314176,0.8903697304608429
global,broad_tail,0.23,area_weighted_mean,2405376,240660,234151,225223,249588,15437,8928,24365,10.005088601532568,9.734486417092379,-0.2706021844401873,1.0129393491911451,0.9023791207910636
global,broad_tail,0.23,equal_zone_mean,2405376,261544,255259,244829,271974,16715,10430,27145,10.873310451255854,10.6120207402086,-0.2612897110472542,1.128513795764155,0.9001926654753764
global,broad_tail,0.23,zone_p90,2405376,631812,623854,596727,658939,35085,27127,62212,26.26666267560664,25.935820428905913,-0.3308422467007237,2.586373190719455,0.9055876188842973
global,broad_tail,0.24,any_zone,2405376,820547,811629,768802,863374,51745,42827,94572,34.11304511228182,33.742292265325666,-0.3707528469561515,3.931693007662835,0.8904623025479109
global,broad_tail,0.24,area_weighted_mean,2405376,222219,216130,207390,230959,14829,8740,23569,9.238430914750957,8.98528961792252,-0.25314129682843767,0.9798468098126862,0.8979515844803623
global,broad_tail,0.24,equal_zone_mean,2405376,242335,236428,226327,252436,16008,10101,26109,10.074724284269902,9.829149372073223,-0.24557491219667943,1.0854436063218391,0.8965718043385255
global,broad_tail,0.24,zone_p90,2405376,586338,578754,552903,612189,33435,25851,59286,24.376147429757346,24.060853687739463,-0.31529374201787996,2.464729007024266,0.9031573582668098
global,broad_tail,0.25,any_zone,2405376,816740,807854,765007,859587,51733,42847,94580,33.95477463814389,33.58535214452959,-0.36942249361430396,3.9320255959982973,0.8899704160253703
global,broad_tail,0.25,area_weighted_mean,2405376,203580,197814,189425,211969,14155,8389,22544,8.463541666666668,8.223828623882504,-0.2397130427841635,0.9372339293316305,0.8936448254225854
global,broad_tail,0.25,equal_zone_mean,2405376,223760,218168,208443,233485,15317,9725,25042,9.302495742869306,9.070016496381438,-0.23247924648786716,1.0410846370796083,0.892746857399833
global,broad_tail,0.25,zone_p90,2405376,576912,569331,544276,601967,32636,25055,57691,23.984275223499363,23.66910620210728,-0.3151690213920817,2.39841920764155,0.9041625205368401
global,broad_tail,0.26,any_zone,2405376,720922,712840,667554,766208,53368,45286,98654,29.971280997232864,29.63528363133248,-0.33599736590038315,4.101396205832269,0.87124383979285
global,broad_tail,0.26,area_weighted_mean,2405376,184663,179294,171132,192825,13531,8162,21693,7.677094973925075,7.453886627288207,-0.22320834663686673,0.9018548451468711,0.8874990276157138
global,broad_tail,0.26,equal_zone_mean,2405376,204990,199724,190227,214487,14763,9497,24260,8.522160360791826,8.303234088974031,-0.2189262718177948,1.0085741272882076,0.8868929119247321
global,broad_tail,0.26,zone_p90,2405376,523666,516775,490849,549592,32817,25926,58743,21.77065040974883,21.484167132290334,-0.286483277458493,2.4421545737547894,0.8931152564083902
global,broad_tail,0.27,any_zone,2405376,693290,685550,646302,732538,46988,39248,86236,28.822520886547466,28.500741671988077,-0.32177921455938696,3.585135962111537,0.882277779446254
global,broad_tail,0.27,area_weighted_mean,2405376,165351,160428,152688,173091,12663,7740,20403,6.874226732120051,6.669560185185184,-0.20466654693486588,0.8482249760536399,0.8821255871189143
global,broad_tail,0.27,equal_zone_mean,2405376,186560,181636,172546,195650,14014,9090,23104,7.755959982971477,7.551251862494679,-0.20470812047679865,0.9605151128139634,0.8819115767952977
global,broad_tail,0.27,zone_p90,2405376,504828,498239,474168,528899,30660,24071,54731,20.98748802681992,20.713559959025115,-0.2739280677948063,2.275361523520647,0.8965189951200513
global,broad_tail,0.28,any_zone,2405376,658132,650791,612034,696889,46098,38757,84855,27.360878299276287,27.055686927948063,-0.30519137132822477,3.5277229007024262,0.8782374237504108
global,broad_tail,0.28,area_weighted_mean,2405376,146020,141377,133902,153495,12118,7475,19593,6.070568593018306,5.8775426378246065,-0.19302595519369944,0.8145504070881225,0.8723541483435943
global,broad_tail,0.28,equal_zone_mean,2405376,168071,163512,154655,176928,13416,8857,22273,6.987306766177097,6.797772988505748,-0.18953377767134952,0.9259674994678587,0.8741126333875927
global,broad_tail,0.28,zone_p90,2405376,474326,468084,444668,497742,29658,23416,53074,19.71941185078757,19.459909802043423,-0.25950204874414645,2.2064741645381014,0.8933704610018846
global,broad_tail,0.29,any_zone,2405376,641414,634218,596719,678913,44695,37499,82194,26.665851825244786,26.36668861749681,-0.2991632077479779,3.417095705619413,0.8789329413341621
global,broad_tail,0.29,area_weighted_mean,2405376,127920,123614,116842,134692,11078,6772,17850,5.31808748403576,5.139071812473393,-0.17901567156236697,0.7420877234993615,0.867475425415021
global,broad_tail,0.29,equal_zone_mean,2405376,149989,145788,137204,158573,12785,8584,21369,6.23557398094934,6.060923531289911,-0.17465044965942955,0.8883850175606641,0.8652418759814092
global,broad_tail,0.29,zone_p90,2405376,448505,442513,419700,471318,28805,22813,51618,18.645941424542357,18.396832761281395,-0.2491086632609621,2.145943087484036,0.8904815856810052
global,broad_tail,0.3,any_zone,2405376,579585,573248,537999,614834,41586,35249,76835,24.095401301085566,23.831949765857814,-0.2634515352277565,3.1943030944018727,0.8750313092639639
global,broad_tail,0.3,area_weighted_mean,2405376,111580,107633,101441,117772,10139,6192,16331,4.638775808854832,4.474685038846317,-0.16409077000851427,0.6789375133035334,0.8613337635431172
global,broad_tail,0.3,equal_zone_mean,2405376,131377,127578,119352,139603,12025,8226,20251,5.461807218497232,5.303869332694764,-0.15793788580246915,0.8419057976798637,0.8549386474502697
global,broad_tail,0.3,zone_p90,2405376,414911,409338,386273,437976,28638,23065,51703,17.24931985685398,17.017630507662833,-0.23168934919114517,2.1494768385483183,0.8819501525197728
global,broad_tail,0.31,any_zone,2405376,546681,540678,503654,583705,43027,37024,80051,22.72746547733078,22.477899505108557,-0.2495659722222222,3.328003605257556,0.8628570939087381
global,broad_tail,0.31,area_weighted_mean,2405376,96656,93156,87262,102550,9394,5894,15288,4.01833226905066,3.8728248722860794,-0.14550739676458066,0.6355763090676884,0.8509215017064846
global,broad_tail,0.31,equal_zone_mean,2405376,113038,109583,101800,120821,11238,7783,19021,4.699390032992763,4.555753445615155,-0.14363658737760748,0.7907703411025969,0.8425687587422717
global,broad_tail,0.31,zone_p90,2405376,376175,371142,347881,399436,28294,23261,51555,15.638927136547467,15.4296875,-0.209239636547467,2.1433239543422733,0.8709305120219509
global,broad_tail,0.32,any_zone,2405376,450779,446173,416855,480097,33924,29318,63242,18.740479658897403,18.548991924755214,-0.19148773414218817,2.6291939389101744,0.8682724532750673
global,broad_tail,0.32,area_weighted_mean,2405376,81993,78864,73185,87672,8808,5679,14487,3.4087394236909327,3.278655810983397,-0.13008361270753513,0.6022759019795658,0.8347591021078565
global,broad_tail,0.32,equal_zone_mean,2405376,94817,91562,84178,102201,10639,7384,18023,3.9418785254363558,3.8065566464452956,-0.13532187899106002,0.749279946253725,0.8236514319820746
global,broad_tail,0.32,zone_p90,2405376,338435,334335,311953,360817,26482,22382,48864,14.069941664005961,13.899490142081735,-0.17045152192422308,2.031449553001277,0.8645740084308666
global,broad_tail,0.33,any_zone,2405376,440441,435874,407301,469014,33140,28573,61713,18.310692382396766,18.120826016389955,-0.18986636600681142,2.565627993295019,0.8684197060215687
global,broad_tail,0.33,area_weighted_mean,2405376,67815,64982,59451,73346,8364,5531,13895,2.8193097461685825,2.701531901873137,-0.11777784429544487,0.5776643651553853,0.8105554495132659
global,broad_tail,0.33,equal_zone_mean,2405376,76596,73649,66634,83611,9962,7015,16977,3.1843670178799486,3.061849789804172,-0.12251722807577693,0.7057940213920817,0.7969525540897728
global,broad_tail,0.33,zone_p90,2405376,329269,325239,303277,351231,25992,21962,47954,13.68887857865049,13.521337204661558,-0.16754137398893146,1.9936176298424861,0.8634687712644954
global,broad_tail,0.34,any_zone,2405376,440402,435830,407253,468979,33149,28577,61726,18.309071014261388,18.11899678054491,-0.19007423371647508,2.566168449340145,0.8683821663656581
global,broad_tail,0.34,area_weighted_mean,2405376,53162,50693,45386,58469,7776,5307,13083,2.2101326362281823,2.107487561196254,-0.10264507503192848,0.5439066491060025,0.7762404008962014
global,broad_tail,0.34,equal_zone_mean,2405376,60273,57675,51567,66381,8706,6108,14814,2.5057620929118776,2.397754030970626,-0.1080080619412516,0.6158704501915708,0.7768337325439508
global,broad_tail,0.34,zone_p90,2405376,317546,313537,291734,339349,25812,21803,47615,13.20151194657301,13.034843616964666,-0.166668329608344,1.979524199127288,0.859687224656622
global,broad_tail,0.35,any_zone,2405376,440402,435829,407253,468978,33149,28576,61725,18.309071014261388,18.11895520700298,-0.19011580725840782,2.566126875798212,0.8683840180136382
global,broad_tail,0.35,area_weighted_mean,2405376,39563,37407,32809,44161,6754,4598,11352,1.644774039484887,1.5551414830779053,-0.08963255640698169,0.4719428480204342,0.7429406037000974
global,broad_tail,0.35,equal_zone_mean,2405376,46914,44541,39387,52068,7527,5154,12681,1.9503811462324394,1.8517271312260535,-0.0986540150063857,0.5271940852490421,0.7564530997925789
global,broad_tail,0.35,zone_p90,2405376,280878,277088,256119,301847,24759,20969,45728,11.677093310983397,11.519529587058324,-0.1575637239250745,1.9010749255002128,0.8485060312012377
global,broad_tail,0.36,any_zone,2405376,440398,435825,407245,468978,33153,28580,61733,18.308904720093658,18.11878891283525,-0.19011580725840782,2.5664594641336738,0.8683669596441624
global,broad_tail,0.36,area_weighted_mean,2405376,28737,26874,23238,32373,5499,3636,9135,1.194698874521073,1.1172473659003832,-0.07745150862068965,0.3797743055555555,0.7178204058938004
global,broad_tail,0.36,equal_zone_mean,2405376,36295,34170,30000,40465,6295,4170,10465,1.5089117044487015,1.4205679278416348,-0.08834377660706683,0.43506711632609624,0.7413814407512666
global,broad_tail,0.36,zone_p90,2405376,270437,266641,246441,290637,23996,20200,44196,11.243023959663686,11.085210794487017,-0.1578131651766709,1.837384259259259,0.8479340207888191
global,broad_tail,0.37,any_zone,2405376,389112,384913,351532,422493,37580,33381,70961,16.17676404853129,16.002196745955725,-0.17456730257556408,2.950100109088974,0.8320421876812161
global,broad_tail,0.37,area_weighted_mean,2405376,20780,19183,16468,23495,4312,2715,7027,0.8638982013622818,0.7975052548957003,-0.06639294646658152,0.29213727916134524,0.7009150883166632
global,broad_tail,0.37,equal_zone_mean,2405376,28375,26535,23254,31656,5121,3281,8402,1.179649252341422,1.1031539351851851,-0.0764953171562367,0.3493008993188591,0.7345842810209755
global,broad_tail,0.37,zone_p90,2405376,228920,225445,202239,252126,26681,23206,49887,9.51701521924223,9.372547161025969,-0.14446805821626224,2.0739792863984676,0.8021346469622331
global,broad_tail,0.38,any_zone,2405376,298313,295159,264777,328695,33536,30382,63918,12.401928014580673,12.270805063324818,-0.13112295125585355,2.657297653256705,0.8055400903573221
global,broad_tail,0.38,area_weighted_mean,2405376,15227,13906,11970,17163,3257,1936,5193,0.6330403230097914,0.5781216741166454,-0.05491864889314602,0.21589140325670497,0.6974305191400105
global,broad_tail,0.38,equal_zone_mean,2405376,22636,21032,18452,25216,4184,2580,6764,0.9410586951894423,0.8743747339293317,-0.0666839612601107,0.28120343763303535,0.731757614213198
global,broad_tail,0.38,zone_p90,2405376,170263,167686,147194,190755,23069,20492,43561,7.078435970093657,6.971300952532992,-0.10713501756066413,1.810985060131971,0.7716390133941443
global,broad_tail,0.39,any_zone,2405376,252254,249422,218625,283051,33629,30797,64426,10.487092246700724,10.369355975947212,-0.11773627075351213,2.6784170125585356,0.7723873082942649
global,broad_tail,0.39,area_weighted_mean,2405376,11489,10349,8940,12898,2549,1409,3958,0.47763842326521927,0.4302445854618987,-0.047393837803320564,0.1645480789697744,0.693130717940766
global,broad_tail,0.39,equal_zone_mean,2405376,18406,17021,14903,20524,3503,2118,5621,0.7652026128139634,0.7076232572371222,-0.05757935557684121,0.23368487920391653,0.7261255115961801
global,broad_tail,0.39,zone_p90,2405376,145826,143461,125103,164184,20723,18358,39081,6.0625033258833545,5.964181899212431,-0.0983214266709238,1.624735592273308,0.7619682794913024
global,broad_tail,0.4,any_zone,2405376,244604,241883,211602,274885,33002,30281,63283,10.169054650915283,10.055933043316305,-0.11312160759897828,2.6308984541294165,0.7697837277406916
global,broad_tail,0.4,area_weighted_mean,2405376,8791,7840,6819,9812,1972,1021,2993,0.3654730071306939,0.3259365687526607,-0.0395364383780332,0.12442961100468285,0.6949653485527925
global,broad_tail,0.4,equal_zone_mean,2405376,15052,13815,12104,16763,2948,1711,4659,0.6257649531715623,0.5743384818007663,-0.05142647137079608,0.19369113186462325,0.7220664558849847
global,broad_tail,0.4,zone_p90,2405376,139281,136980,118758,157503,20523,18222,38745,5.790404493933589,5.69474377394636,-0.09566071998722861,1.610766882183908,0.7540046856250358
