group_scope,model,event,threshold,n_steps,n_zone_steps,area_zone_time_mass,unweighted_zone_high_count,equal_zone_mean_high_count,area_weighted_mean_high_count,zone_p90_high_count,any_zone_high_count,hidden_any_zone_count,hidden_p90_count,equal_zone_mean_high_pct,area_weighted_mean_high_pct,zone_p90_high_pct,any_zone_high_pct,hidden_any_zone_pct,hidden_p90_pct,area_weighted_zone_time_high_pct,unweighted_zone_time_high_pct
global,no_pmv_ordinal,broad_tail,0.05,2405376,36080640,2320781.236066868,34558157,2385859,2396519,2402846,2405340,19481,16992,99.18860918209876,99.63178313910174,99.89481893891018,99.99850335249042,0.809894170391656,0.7064176245210728,96.48309603433593,95.78033261050801
global,no_pmv_ordinal,broad_tail,0.06,2405376,36080640,1909257.669147504,29109900,2182267,2201430,2302919,2362038,179771,120678,90.72456863292891,91.52124241698594,95.74049961419753,98.19828583971902,7.473717206790123,5.017011893358876,79.3746037687041,80.68010988718603
global,no_pmv_ordinal,broad_tail,0.07,2405376,36080640,1881975.163036737,28725324,1917569,1853256,2254834,2359297,441728,337265,79.7201352304172,77.04641602809707,93.74143585036185,98.0843327612814,18.3641975308642,14.021300619944657,78.24037335687797,79.61423078969774
global,no_pmv_ordinal,broad_tail,0.08,2405376,36080640,1387780.579411864,21011756,1481467,1440402,2027871,2223176,741709,547155,61.589830446466586,59.88261294699873,84.305780052682,92.42530065985525,30.835470213388678,22.747171336206897,57.69495411161765,58.23554127642968
global,no_pmv_ordinal,broad_tail,0.09,2405376,36080640,853142.0194833993,13138404,1141684,1097671,1494998,1741172,599488,355997,47.46384764793529,45.63407134684972,62.152362042358455,72.38668715410813,24.92283950617284,14.800056207428694,35.468135521573316,36.41399930821626
global,no_pmv_ordinal,broad_tail,0.1,2405376,36080640,686253.1317994692,10731366,938706,860000,1318673,1571552,632846,380608,39.02533325351214,35.75324606215411,54.82190726106854,65.33498297147723,26.30964971796509,15.823222647935292,28.529973351337556,29.74272629310345
global,no_pmv_ordinal,broad_tail,0.11,2405376,36080640,638328.5131478326,10038184,796570,703133,1177998,1460408,663838,381499,33.11623629736058,29.2317292597914,48.973549249680715,60.71433322690507,27.598096929544486,15.860264673797362,26.537577208213293,27.821524230168865
global,no_pmv_ordinal,broad_tail,0.12,2405376,36080640,522872.85412037675,8329844,695642,597635,1041912,1283441,587799,346304,28.920301857173264,24.84580373297148,43.31597222222222,53.357188231694344,24.436886374521073,14.39708386547467,21.737676526263535,23.086741255144034
global,no_pmv_ordinal,broad_tail,0.13,2405376,36080640,502820.92907135206,8096375,619401,525901,979014,1229960,610559,359615,25.750693446679442,21.8635672759685,40.70107958173691,51.13379363558961,25.383100188910174,14.950469282141338,20.9040469794058,22.43966570437775
global,no_pmv_ordinal,broad_tail,0.14,2405376,36080640,469792.7351646563,7626102,557983,475446,927533,1160247,602264,369550,23.197329648254577,19.765974217752238,38.56083206949766,48.235577306832695,25.038247658578115,15.363502421243084,19.530947975063203,21.136271418688803
global,no_pmv_ordinal,broad_tail,0.15,2405376,36080640,430859.59535666066,7016961,504474,439362,884528,1084253,579779,380056,20.972770992975732,18.26583453065134,36.77296189868029,45.07623756119625,24.10346656822052,15.80027405278842,17.912359454682374,19.447994824925498
global,no_pmv_ordinal,broad_tail,0.16,2405376,36080640,423649.89472099615,6903582,459013,408200,851970,1066526,607513,392957,19.08279620317156,16.97031981694338,35.419410520434226,44.33926338335462,25.256467180183055,16.336614317262665,17.612626662983093,19.133757050872713
global,no_pmv_ordinal,broad_tail,0.17,2405376,36080640,419291.6838197661,6825748,418041,380159,815992,1038614,620573,397951,17.37944504310345,15.80455612760749,33.9236776287782,43.178862680928056,25.799417637824607,16.544232585674756,17.43144039932909,18.918034713353197
global,no_pmv_ordinal,broad_tail,0.18,2405376,36080640,387611.5300580666,6364095,386024,354348,785289,998817,612793,399265,16.048384951042998,14.73150143678161,32.64724517081737,41.52436043263091,25.47597548158791,16.598860219774373,16.11438419848151,17.638531356428267
global,no_pmv_ordinal,broad_tail,0.19,2405376,36080640,380794.0306772726,6271752,358487,329560,755403,973032,614545,396916,14.903574326841209,13.700976479352917,31.404778296615582,40.452386653895275,25.548812327054065,16.501203969774373,15.83095660209766,17.38259631758195
global,no_pmv_ordinal,broad_tail,0.2,2405376,36080640,316846.2036233062,5308014,333078,306881,699622,902527,569449,366545,13.847232199872286,12.758130121860367,29.08576455406556,37.52124407992763,23.674011880055343,15.238573927735208,13.172418932562152,14.711529507237122
global,no_pmv_ordinal,broad_tail,0.21,2405376,36080640,306764.54184404854,5164767,309944,285070,674830,889123,579179,364886,12.88546988080034,11.851369598765432,28.055073302469136,36.96399232386122,24.078522443060876,15.169603421668794,12.75328854383051,14.314510496487868
global,no_pmv_ordinal,broad_tail,0.22,2405376,36080640,304214.5135111265,5122116,288381,264511,633560,873648,585267,345179,11.989019596104725,10.996659150170284,26.339333226905065,36.320641762452105,24.331622166347383,14.35031363080034,12.647274834002106,14.196300287356323
global,no_pmv_ordinal,broad_tail,0.23,2405376,36080640,256790.61750756192,4398678,267599,243685,596863,794621,527022,329264,11.125038247658578,10.130848565879097,24.813708958599403,33.03520946413367,21.910171216475096,13.688670710940826,10.67569550488414,12.191241618773946
global,no_pmv_ordinal,broad_tail,0.24,2405376,36080640,247420.0484264952,4262823,247927,222616,580881,776494,528567,332954,10.30720353075777,9.254935610898254,24.149280611430395,32.28160586951894,21.974402338761177,13.842077080672627,10.2861277582588,11.814710049489143
global,no_pmv_ordinal,broad_tail,0.25,2405376,36080640,240600.38162735675,4157470,229256,202382,556824,760539,531283,327568,9.530983929331631,8.413736563431247,23.149145913154534,31.61830000798212,22.087316078650492,13.618161983822905,10.00261005461752,11.522716891939833
global,no_pmv_ordinal,broad_tail,0.26,2405376,36080640,215852.25246728858,3783227,211197,182827,532237,711371,500174,321040,8.780207335568328,7.6007659509365695,22.126977237654323,29.574212098233293,20.794004762664965,13.346769902085995,8.973742669224627,10.48547642170427
global,no_pmv_ordinal,broad_tail,0.27,2405376,36080640,215712.38435707978,3780721,193190,163865,510085,710370,517180,316895,8.031592565985527,6.812448448808003,21.206040136760322,29.53259698275862,21.501004416773096,13.174447570774797,8.96792785647981,10.478530868632042
global,no_pmv_ordinal,broad_tail,0.28,2405376,36080640,212353.3101166354,3706811,175154,145220,488312,702856,527702,313158,7.281772163686676,6.037309759472116,20.300859408258834,29.22021338867603,21.938441224989358,13.019087244572159,8.828279242689517,10.273684169682134
global,no_pmv_ordinal,broad_tail,0.29,2405376,36080640,147569.16542524475,2732894,158258,128718,427038,589697,431439,268780,6.579345599191146,5.351263170498084,17.753482199872288,24.515792957109408,17.936447357918265,11.174136600681141,6.134972886785465,7.574405553781752
global,no_pmv_ordinal,broad_tail,0.3,2405376,36080640,140006.87254199458,2614196,142216,114333,414620,565638,423422,272404,5.912422839506172,4.753227769795658,17.237221956151554,23.51557511174968,17.60315227224351,11.324799116645382,5.820581586496023,7.245425801759614
global,no_pmv_ordinal,broad_tail,0.31,2405376,36080640,136228.9251674465,2530039,126753,101962,387059,559745,432992,260306,5.269571160600255,4.238921482545764,16.09141356694338,23.27058222914006,18.001011068539803,10.821842406343125,5.6635189329005735,7.012178830530723
global,no_pmv_ordinal,broad_tail,0.32,2405376,36080640,112321.72837848421,2129156,112459,91063,362951,495561,383102,250492,4.675318952213708,3.7858114490208603,15.089158618028947,20.602226013729247,15.92690706151554,10.41383966581524,4.6696120847004465,5.90110374982262
global,no_pmv_ordinal,broad_tail,0.33,2405376,36080640,108104.66316017653,2057068,98817,81312,347574,481388,382571,248757,4.108172693167305,3.380427841634738,14.449882263729247,20.01300420391656,15.904831510749254,10.34170957056194,4.494293747014043,5.701306850432808
global,no_pmv_ordinal,broad_tail,0.34,2405376,36080640,103393.12781327094,1954760,85986,71983,333021,474145,388159,247035,3.5747425766283523,2.992588268944232,13.84486250798212,19.711887039697743,16.13714446306939,10.270119931353767,4.29841853470189,5.417753121895842
global,no_pmv_ordinal,broad_tail,0.35,2405376,36080640,88126.50937238437,1706705,73511,62722,312011,439692,366181,238500,3.056112641017454,2.607575697105151,12.971402391975309,18.279553799489147,15.22344115847169,9.915289750957855,3.6637311327785915,4.730251458954164
global,no_pmv_ordinal,broad_tail,0.36,2405376,36080640,86241.10219602226,1670996,62504,53534,295321,434018,371514,232817,2.598512664963814,2.2255979938271606,12.277539977117922,18.043665522562794,15.445152857598979,9.679027312154108,3.5853480784718172,4.63128148502909
global,no_pmv_ordinal,broad_tail,0.37,2405376,36080640,86172.18550677515,1669544,52327,45262,275448,433648,381321,223121,2.1754187287143467,1.8817016549595573,11.451348978288634,18.02828331204768,15.852864583333334,9.275930249574287,3.5824829676015373,4.6272571661700015
global,no_pmv_ordinal,broad_tail,0.38,2405376,36080640,79366.419245352,1521510,42909,37386,258685,422226,379317,215776,1.7838791107918264,1.554268438697318,10.754451694870157,17.55343031609195,15.769551205300129,8.970572584078331,3.2995431585478525,4.216970652405279
global,no_pmv_ordinal,broad_tail,0.39,2405376,36080640,58093.68861283892,1111624,34317,29562,213588,351017,316700,179285,1.426679238505747,1.228997046615581,8.879609674329501,14.59301996860366,13.166340730097915,7.453512465410814,2.4151603995732445,3.080943131829147
global,no_pmv_ordinal,broad_tail,0.4,2405376,36080640,42586.176438473856,859065,26872,22719,181787,299628,272756,154919,1.1171642188165176,0.9445092991698595,7.557529467326522,12.456597222222223,11.339433003405706,6.440531542677736,1.7704581919198437,2.3809583200298
global,nominal,broad_tail,0.05,2405376,36080640,2377901.1435914724,35500745,2403262,2405096,2405315,2405375,2113,2056,99.9121135323542,99.98835940825883,99.9974640139421,99.99995842645806,0.08784489410387399,0.08547520221370795,98.85777290500414,98.3927807267277
global,nominal,broad_tail,0.06,2405376,36080640,2309742.365714675,34222749,2371660,2388085,2403160,2405121,33461,31545,98.59830646019583,99.28115188644104,99.90787303107706,99.98939874680715,1.391092286611324,1.3114373802681993,96.02417109485897,94.85072604033631
global,nominal,broad_tail,0.07,2405376,36080640,1978947.2440212024,29348742,2147284,2192607,2346739,2389318,242034,199551,89.27020141549595,91.15443905651341,97.56225222169009,99.3324120636441,10.062210648148149,8.296041866219667,82.27184623199044,81.34207708067262
global,nominal,broad_tail,0.08,2405376,36080640,1300036.4422934498,19790241,1554321,1547331,1983961,2196407,642086,431274,64.61862927043423,64.32803021232439,82.4802858264155,91.31241851585781,26.69378924542358,17.929587723499363,54.04711954777339,54.850027604831844
global,nominal,broad_tail,0.09,2405376,36080640,986566.0095921675,15274531,1202029,1152760,1628175,1911531,709502,428276,49.97260303586633,47.924316198382286,67.68900163633461,79.46911418422732,29.496511148361005,17.804950244785015,41.015043369193315,42.334423668759754
global,nominal,broad_tail,0.1,2405376,36080640,788980.8904578107,12434809,975657,898001,1422237,1713351,737694,447771,40.56151720146871,37.33308222914006,59.12742955779054,71.23006964399745,30.668552442528735,18.61542644476373,32.80073013357623,34.46393689247198
global,nominal,broad_tail,0.11,2405376,36080640,651530.9126287842,10360224,808782,732117,1255250,1550111,741329,446601,33.62393239144317,30.43669679916986,52.18518851106854,64.4436046588974,30.819672267454234,18.566785400702425,27.08644771664738,28.714080459770113
global,nominal,broad_tail,0.12,2405376,36080640,535083.9540764203,8523160,696542,603164,1081435,1381726,685184,384954,28.957718044912728,25.075663846317582,44.959083320029805,57.443243800553425,28.4855257556407,16.003901261174967,22.245335202330956,23.622529977295304
global,nominal,broad_tail,0.13,2405376,36080640,464962.96639831096,7440112,620375,514925,950030,1221075,600700,329723,25.791186076521928,21.407256079714774,39.49611204235845,50.76441271551724,24.973226638995317,13.707752966687952,19.33015738073012,20.620787214417483
global,nominal,broad_tail,0.14,2405376,36080640,424991.95739825256,6842576,556976,458654,890421,1116148,559172,333458,23.15546509152831,19.067871301617707,37.01795478128991,46.40222568114091,23.2467605896126,13.863030145806727,17.668420961972373,18.964674684262807
global,nominal,broad_tail,0.15,2405376,36080640,410364.3986379486,6695428,500187,417364,851022,1078798,578611,350836,20.794545218710088,17.351299755214985,35.379998802681996,44.849453889953175,24.054908671243084,14.585495157513837,17.060301534477297,18.55684378104158
global,nominal,broad_tail,0.16,2405376,36080640,396832.69144693407,6540447,454408,386250,801897,1049291,594883,347489,18.891350042571307,16.057780571519796,33.33769855523627,43.62274338814389,24.731393345572585,14.446348512664963,16.49774053815013,18.127303174223076
global,nominal,broad_tail,0.17,2405376,36080640,372132.40511702694,6188716,418226,361448,767491,997698,579472,349265,17.387136148361005,15.026673584504044,31.90731927149851,41.47783963920818,24.09070349084717,14.520183123137507,15.470862148663118,17.152456275720166
global,nominal,broad_tail,0.18,2405376,36080640,331978.54873258556,5551007,388964,340876,716721,903243,514279,327757,16.170611164325244,14.17142267986377,29.796630547573432,37.551010735951465,21.380399571626224,13.626019383248192,13.80152411650343,15.385001485561231
global,nominal,broad_tail,0.19,2405376,36080640,319147.3001330741,5344986,365281,322935,690572,868551,503270,325291,15.186024970732227,13.425551764048532,28.709523999574287,36.10874141922095,20.922716448488718,13.523499028842059,13.268083664802264,14.813999973392933
global,nominal,broad_tail,0.2,2405376,36080640,310959.25966091204,5212103,344903,306403,670249,845751,500848,325346,14.338839333226904,12.73825796881652,27.864624906875267,35.160864663154534,20.82202532992763,13.52578557364836,12.927677820885883,14.44570550854974
global,nominal,broad_tail,0.21,2405376,36080640,304796.6710181666,5108654,326388,291119,650795,821670,495282,324407,13.569105204342275,12.10284795391656,27.055853222115793,34.15973219987228,20.590626995530013,13.48674801777352,12.671477183532495,14.158989419256422
global,nominal,broad_tail,0.22,2405376,36080640,295859.4120256352,4969563,308897,276824,633598,802269,493372,324701,12.841942382396764,11.50855417198808,26.34091302149851,33.35316391283525,20.511221530438483,13.498970639101746,12.299923672042757,13.773489051191998
global,nominal,broad_tail,0.23,2405376,36080640,288421.5239422823,4850604,292406,262968,615671,779972,487566,323265,12.156353102383994,10.93251117496807,25.595624135270327,32.426198648361,20.26984554597701,13.439271032886335,11.990704319918478,13.443785919540229
global,nominal,broad_tail,0.24,2405376,36080640,283615.4236630879,4769232,276648,249897,596214,762877,486229,319566,11.501237228607918,10.389103408365262,24.786727729885058,31.71549894902086,20.214261720412942,13.285490501277138,11.79089770842845,13.218257769263516
global,nominal,broad_tail,0.25,2405376,36080640,274035.7273387808,4619392,261635,237020,578848,741427,479792,317213,10.877093643571731,9.853760908897403,24.06476160068114,30.823746474563645,19.946652830991912,13.187667957109408,11.39263580158698,12.802965801050092
global,nominal,broad_tail,0.26,2405376,36080640,263867.88053245656,4470743,247352,224368,562290,725828,478476,314938,10.283298744146444,9.32777245636441,23.376386893358873,30.17524079395487,19.891942049808428,13.09308814921243,10.969922396018609,12.390974772066127
global,nominal,broad_tail,0.27,2405376,36080640,242615.21186466183,4157712,233204,212163,542575,695052,461848,309371,9.695116272882078,8.820367377075351,22.55676451415496,28.89577346743295,19.20065719455087,12.861648241272883,10.086373683975472,11.52338761174968
global,nominal,broad_tail,0.28,2405376,36080640,233331.2481017384,4015980,219254,200145,528493,674577,455323,309239,9.115165362920392,8.320736550127714,21.971325896658154,28.044555196360154,18.92938983343976,12.856160533737762,9.70040642717556,11.130567528735632
global,nominal,broad_tail,0.29,2405376,36080640,225908.9457929143,3897903,205651,188496,514977,655291,449640,309326,8.549640472009367,7.836446360153257,21.409417903895275,27.24276786664538,18.693127394636015,12.859777431885908,9.39183503090221,10.803308921349512
global,nominal,broad_tail,0.3,2405376,36080640,219795.3969258498,3798254,191965,176972,500650,640797,448832,308685,7.9806649771179226,7.357352862920391,20.813793768624947,26.640200949872284,18.659535972754362,12.833128791507024,9.137673150719463,10.527124796012489
global,nominal,broad_tail,0.31,2405376,36080640,214320.9654388933,3709437,178758,165866,486515,630353,451595,307757,7.431603208812261,6.8956371062154105,20.226151753405706,26.20600687792678,18.774403669114516,12.794548544593445,8.910081643738579,10.280962311089825
global,nominal,broad_tail,0.32,2405376,36080640,206904.16889962053,3587237,165938,154640,472275,612223,446285,306337,6.898630401234568,6.428932524478502,19.634144516283524,25.45227856268625,18.553648161451683,12.735514115048957,8.601739141806544,9.942276522811126
global,nominal,broad_tail,0.33,2405376,36080640,199777.6779187465,3477004,153504,143185,456341,598445,444941,302837,6.381704980842912,5.952707601638995,18.97171169912729,24.879478301936995,18.497773321094083,12.590006718284377,8.3054656701799,9.636758106286363
global,nominal,broad_tail,0.34,2405376,36080640,192980.225027548,3363610,141320,131946,440905,585930,444610,299585,5.87517294593444,5.48546256385696,18.329982505853554,24.359185424648786,18.484012478714344,12.454809559919115,8.022871477371854,9.322478758691641
global,nominal,broad_tail,0.35,2405376,36080640,185681.88536567253,3238825,129256,120739,423264,570663,441407,294008,5.3736297360578975,5.019547879416773,17.596583652618136,23.724482159961685,18.35085242390379,12.222953916560238,7.719453647399514,8.9766284633532
global,nominal,broad_tail,0.36,2405376,36080640,175592.25064881108,3058880,117355,109302,403271,542381,425026,285916,4.87886301351639,4.544071280332056,16.765403828756916,22.54869924702001,17.66983623350362,11.886540815240528,7.2999917954120725,8.477898396480771
global,nominal,broad_tail,0.37,2405376,36080640,159629.59323711065,2791473,105309,98167,382176,516366,411057,276867,4.378068127394636,4.081149890911026,15.888409961685824,21.46716355363985,17.08909542624521,11.510341834291188,6.636367588148824,7.73676132130694
global,nominal,broad_tail,0.38,2405376,36080640,138979.7123192813,2445533,93634,87534,356446,485836,392202,262812,3.8926970253299276,3.63909841954023,14.818722727756493,20.197923318433375,16.30522629310345,10.926025702426564,5.7778788979054125,6.777964581559528
global,nominal,broad_tail,0.39,2405376,36080640,122043.9401949744,2156888,81397,76717,324594,453343,371946,243197,3.383961592699021,3.1893974164538106,13.494522270114942,18.847074220412942,15.46311262771392,10.110560677415922,5.073798865332256,5.977964914147864
global,nominal,broad_tail,0.4,2405376,36080640,95934.38008787295,1713816,67050,64937,277352,401079,334029,210302,2.7875059865900385,2.6996610924861644,11.530505002128566,16.674274624840358,13.886768638250318,8.742999015538528,3.9883319733743474,4.749960089399745
global,nominal,outermost,0.025,2405376,36080640,839122.6930466323,13456266,1009591,888032,1485147,1821999,812408,476029,41.97227377341422,36.918635589612606,61.74282108077905,75.74695182790549,33.774678054491275,19.79021159269902,34.88530246608565,37.294975920604514
global,nominal,outermost,0.05,2405376,36080640,227488.1751157623,4035902,386613,303948,634080,782815,396202,247486,16.072871767241377,12.636194923371647,26.36095146871009,32.54439222807577,16.471520460834395,10.288869598765432,9.457489187377039,11.185782735561231
global,nominal,outermost,0.075,2405376,36080640,186336.56358749862,3376304,185435,152446,534427,694710,509275,348992,7.709189748297147,6.3377201734780755,22.218023294487015,28.881555316091955,21.172365567794806,14.508833546189868,7.746670939907051,9.357661061444587
global,nominal,outermost,0.1,2405376,36080640,124011.77213032825,2328473,88335,73668,397855,567391,479056,309520,3.6723988266283523,3.062639687100894,16.540241525649215,23.588453530757768,19.916054704129415,12.867842699020859,5.155608608813268,6.453524660316447
global,nominal,outermost,0.15,2405376,36080640,17676.0154269508,411907,2880,2256,107071,206139,203259,104191,0.11973180076628352,0.09378991060025542,4.451320708280119,8.569928360472542,8.450196559706258,4.331588907513836,0.7348545685560511,1.1416288624592026
global,nominal,outermost,0.2,2405376,36080640,2405.5168550376443,57684,827,446,6303,37321,36494,5476,0.034381319178373775,0.01854179970200085,0.26203803480204346,1.5515661584716902,1.5171848392933163,0.22765671562366965,0.10000585584281395,0.1598752128565347
global,ordinal,broad_tail,0.05,2405376,36080640,2361516.85593484,35271334,2392685,2397251,2403652,2405109,12424,10967,99.47239017933163,99.66221497179652,99.92832721370796,99.98889986430396,0.5165096849723286,0.4559370343763304,98.17662003507311,97.75695220483894
global,ordinal,broad_tail,0.06,2405376,36080640,1956290.3535814562,29511302,2166441,2190050,2311984,2377098,210657,145569,90.0666257583014,91.04813550979141,96.1173637718178,98.82438338122606,8.757757622924649,6.051818925606641,81.32991904722822,81.79262341244501
global,ordinal,broad_tail,0.07,2405376,36080640,1650564.5132361464,25273181,1780360,1718754,2154925,2274612,494252,374727,74.01587111536824,71.45469149106003,89.587864849404,94.56367736270754,20.54780624733929,15.578728647828862,68.61981300371112,70.04637667181069
global,ordinal,broad_tail,0.08,2405376,36080640,907816.7483737076,14225928,1320730,1263696,1660434,1910354,589624,346442,54.90742403682418,52.53631864623244,69.03012252554278,79.42018212537249,24.512758088548317,14.402821014261388,37.74115765575559,39.42814761600681
global,ordinal,broad_tail,0.09,2405376,36080640,778775.1355949889,11996466,1025309,967310,1393718,1686900,661591,369606,42.62572670551298,40.21450284695615,57.94179371541082,70.13040788633461,27.504681180821628,15.365830539591316,32.376440755831474,33.24903881971051
global,ordinal,broad_tail,0.1,2405376,36080640,653245.1193952862,10038031,849210,782724,1209035,1447519,598309,359975,35.304667544699875,32.5406090357599,50.26386727064709,60.178491844934015,24.873824300234144,14.965435757237122,27.15771336353594,27.821100180041153
global,ordinal,broad_tail,0.11,2405376,36080640,590177.6076223511,9233226,739695,645109,1116575,1398722,659027,376906,30.75174109993614,26.81946606268625,46.41997758354619,58.14982771924223,27.39808661930609,15.669317395700297,24.535773518250416,25.590527219029376
global,ordinal,broad_tail,0.12,2405376,36080640,532070.1678779816,8448342,650343,550968,1016848,1303519,653176,366513,27.037061981162196,22.905691251596423,42.27397296722009,54.19190180661984,27.154839825457643,15.237243574393359,22.12004143543386,23.415166693273733
global,ordinal,broad_tail,0.13,2405376,36080640,448665.860416805,7195613,574833,484680,926264,1151616,576783,351450,23.8978438298212,20.14986430395913,38.50807524478502,47.87675606641124,23.978912236590038,14.611021312260537,18.65262896182572,19.943141252483326
global,ordinal,broad_tail,0.14,2405376,36080640,442553.9001282567,7099220,515476,440662,894279,1129241,613765,378806,21.43016310131971,18.3198801351639,37.178345506066414,46.94654806566624,25.51638496434653,15.748307125372499,18.39853312447853,19.67598135731517
global,ordinal,broad_tail,0.15,2405376,36080640,425540.29698987753,6907251,467177,407659,865554,1074090,606913,398377,19.42220259951043,16.947828530757768,35.984145514048535,44.653725654533844,25.231523055023413,16.561942914538104,17.691217380978173,19.143925939229458
global,ordinal,broad_tail,0.16,2405376,36080640,416914.7898735295,6754560,427344,380524,839210,1036868,609524,411866,17.766203703703702,15.81973047041294,34.8889321253725,43.1062752767135,25.340071573009794,17.122728421668796,17.332624499185552,18.720732226479353
global,ordinal,broad_tail,0.17,2405376,36080640,415675.5590995126,6739501,393230,356233,803030,1034538,641308,409800,16.347963894210302,14.809867563324818,33.38480137824606,43.009408924010216,26.661445029799914,17.03683748403576,17.281105286637622,18.678995161948347
global,ordinal,broad_tail,0.18,2405376,36080640,406143.1693632721,6618966,364046,333618,773551,1006333,642287,409506,15.134681646445298,13.869681912515963,32.159254935610896,41.83682717379736,26.702145527352066,17.024614862707534,16.884810082218834,18.34492403682418
global,ordinal,broad_tail,0.19,2405376,36080640,332004.3579610571,5600851,338980,312197,711882,927806,588826,372902,14.092599244359302,12.979135070774797,29.595456178160916,38.572181646445294,24.479582402085995,15.502856933801617,13.802597097545544,15.523147593834254
global,ordinal,broad_tail,0.2,2405376,36080640,309636.7032028086,5254167,316242,291773,669417,881406,565164,353175,13.14730004789272,12.13003705034057,27.83003571998723,36.64316930076628,23.495869252873565,14.682735672094507,12.87269446451651,14.56228880640698
global,ordinal,broad_tail,0.21,2405376,36080640,269516.3506148902,4623072,294923,271505,637299,811934,517011,342376,12.260993707428693,11.28742450244785,26.49477670019157,33.75497219561516,21.493978488186464,14.233782992762878,11.204749303846476,12.813165176670923
global,ordinal,broad_tail,0.22,2405376,36080640,269502.08236137126,4622819,274939,252581,630903,811904,536965,355964,11.43018804544487,10.50068679491273,26.228872325989784,33.753724989357174,22.323536943912302,14.798684280544913,11.204156122010499,12.81246396959699
global,ordinal,broad_tail,0.23,2405376,36080640,269471.98814778234,4622116,255259,234151,623854,811753,556494,368595,10.6120207402086,9.734486417092379,25.935820428905913,33.74744738452533,23.13542664431673,15.323799688697317,11.202904998959927,12.810515556265079
global,ordinal,broad_tail,0.24,2405376,36080640,269463.3498300949,4621919,236428,216130,578754,811629,575201,342326,9.829149372073223,8.98528961792252,24.060853687739463,33.742292265325666,23.91314289325245,14.23170431566624,11.20254587349732,12.809969557081027
global,ordinal,broad_tail,0.25,2405376,36080640,268141.92197005724,4601376,218168,197814,569331,807854,589686,351163,9.070016496381438,8.223828623882504,23.66910620210728,33.58535214452959,24.51533564814815,14.59908970572584,11.147609436946958,12.753033205619413
global,ordinal,broad_tail,0.26,2405376,36080640,213501.6171844109,3727156,199724,179294,516775,712840,513116,317051,8.303234088974031,7.453886627288207,21.484167132290334,29.63528363133248,21.33204954235845,13.180933043316303,8.87601843472334,10.330071750390237
global,ordinal,broad_tail,0.27,2405376,36080640,204526.92712040283,3585017,181636,160428,498239,685550,503914,316603,7.551251862494679,6.669560185185184,20.713559959025115,28.500741671988077,20.9494898094934,13.16230809653044,8.50290878101398,9.93612363860508
global,ordinal,broad_tail,0.28,2405376,36080640,186257.07074198307,3305412,163512,141377,468084,650791,487279,304572,6.797772988505748,5.8775426378246065,19.459909802043423,27.055686927948063,20.257913939442314,12.662136813537675,7.743366140760657,9.161178959131545
global,ordinal,broad_tail,0.29,2405376,36080640,179146.71714647568,3169025,145788,123614,442513,634218,488430,296725,6.060923531289911,5.139071812473393,18.396832761281395,26.36668861749681,20.305765086206897,12.335909229991486,7.447763557401241,8.783172914892862
global,ordinal,broad_tail,0.3,2405376,36080640,146249.24156043827,2614652,127578,107633,409338,573248,445670,281766,5.303869332694764,4.474685038846317,17.017630507662833,23.831949765857814,18.528080433163048,11.714010616219667,6.080098976643912,7.24668963743437
global,ordinal,broad_tail,0.31,2405376,36080640,135254.2414078949,2413542,109583,93156,371142,540678,431095,261569,4.555753445615155,3.8728248722860794,15.4296875,22.477899505108557,17.9221460594934,10.874349789804171,5.622997876751698,6.68929930289485
global,ordinal,broad_tail,0.32,2405376,36080640,92271.87819011323,1753609,91562,78864,334335,446173,354611,242775,3.8065566464452956,3.278655810983397,13.899490142081735,18.548991924755214,14.742435278309918,10.093016642720306,3.8360687971491036,4.860249153008373
global,ordinal,broad_tail,0.33,2405376,36080640,89202.28406784966,1703432,73649,64982,325239,435874,362225,251590,3.061849789804172,2.701531901873137,13.521337204661558,18.120826016389955,15.058976226585782,10.459487414857387,3.708454897190695,4.721180112104442
global,ordinal,broad_tail,0.34,2405376,36080640,89179.70750011542,1703027,57675,50693,313537,435830,378155,255862,2.397754030970626,2.107487561196254,13.034843616964666,18.11899678054491,15.721242749574287,10.63708958599404,3.7075163093052983,4.720057626472258
global,ordinal,broad_tail,0.35,2405376,36080640,89179.09352312937,1703019,44541,37407,277088,435829,391288,232547,1.8517271312260535,1.5551414830779053,11.519529587058324,18.11895520700298,16.267228075776927,9.66780245583227,3.7074907841073235,4.7200354539165605
global,ordinal,broad_tail,0.36,2405376,36080640,89115.89117436307,1701751,34170,26874,266641,435825,401655,232471,1.4205679278416348,1.1172473659003832,11.085210794487017,18.11878891283525,16.698220984993615,9.664642866645382,3.70486323861064,4.716521103838513
global,ordinal,broad_tail,0.37,2405376,36080640,66364.17159120791,1265506,26535,19183,225445,384913,358378,198910,1.1031539351851851,0.7975052548957003,9.372547161025969,16.002196745955725,14.89904281077054,8.269393225840783,2.758993670478458,3.507437783808713
global,ordinal,broad_tail,0.38,2405376,36080640,38478.530664225946,816945,21032,13906,167686,295159,274127,146655,0.8743747339293317,0.5781216741166454,6.971300952532992,12.270805063324818,11.396430329395487,6.096967792145594,1.5996888080793168,2.2642198142826735
global,ordinal,broad_tail,0.39,2405376,36080640,29159.412960966958,653802,17021,10349,143461,249422,232401,126440,0.7076232572371222,0.4302445854618987,5.964181899212431,10.369355975947212,9.66173271871009,5.2565586419753085,1.2122600774667642,1.8120576575138356
global,ordinal,broad_tail,0.4,2405376,36080640,27912.15243698054,625338,13815,7840,136980,241883,228068,123165,0.5743384818007663,0.3259365687526607,5.69474377394636,10.055933043316305,9.48159456151554,5.120405292145594,1.160407039771767,1.7331677043422735
global,ordinal,outermost,0.025,2405376,36080640,711073.1840776853,11614766,801081,699806,1342748,1667695,866614,542756,33.30377454501915,29.093414085781184,55.82279028309919,69.3319880135164,36.028213468497235,22.564289325244786,29.561830835498704,32.19113075599546
global,ordinal,outermost,0.05,2405376,36080640,174149.87040638758,3247240,264274,174848,568416,729739,465465,304146,10.986806220732227,7.269050659855257,23.631066411238823,30.337834916453808,19.351028695721585,12.644426484674328,7.240026939920726,8.999951220377465
global,ordinal,outermost,0.075,2405376,36080640,110938.50922987683,2242217,91252,67221,402544,574255,483003,311292,3.7936688484461474,2.794615062260536,16.73517986377182,23.873814322584078,20.080145474137932,12.941511015325672,4.612106765423652,6.214460164786434
global,ordinal,outermost,0.1,2405376,36080640,79682.35168068658,1692471,34184,22274,299635,488277,454093,265451,1.4211499574286932,0.9260090730097915,12.45688823701575,20.29940433429119,18.878254376862493,11.035738279587058,3.3126775888961473,4.690800939229459
global,ordinal,outermost,0.15,2405376,36080640,14334.121318135196,354736,2906,1464,89493,184110,181204,86587,0.12081271285653469,0.060863665389527456,3.7205409881864626,7.654104805236271,7.533292092379735,3.5997282753299276,0.5959201936884377,0.9831754647367675
global,ordinal,outermost,0.2,2405376,36080640,1411.2025715598957,35578,1012,336,7390,17732,16720,6378,0.04207242443593018,0.013968710089399743,0.3072284748829289,0.7371820455512984,0.6951096211153682,0.26515605044699875,0.05866868928433209,0.09860689832552859
global,stored_ordinal,broad_tail,0.05,2405376,36080640,2363446.017399978,35303565,2393875,2398030,2403896,2405160,11285,10021,99.52186269423159,99.69460076096212,99.93847115793955,99.99102011494253,0.4691574207109408,0.41660846370796084,98.25682211013903,97.84628266017454
global,stored_ordinal,broad_tail,0.06,2405376,36080640,1967833.9097244386,29671810,2178383,2202226,2319150,2380222,201839,140791,90.56309699606216,91.55433495636441,96.41527977330779,98.95425912622392,8.39116213016177,5.853180542252022,81.8098255625914,82.237482483681
global,stored_ordinal,broad_tail,0.07,2405376,36080640,1665588.1950848922,25469573,1794297,1735541,2169024,2284059,489762,374889,74.5952815692848,72.15258653948489,90.17401021711366,94.9564226133461,20.361141044061306,15.585463561621967,69.24440067103406,70.59069074162764
global,stored_ordinal,broad_tail,0.08,2405376,36080640,921155.8543873278,14391592,1332586,1278673,1675933,1925781,593195,350053,55.400319949978716,53.15896558375904,69.67447085195828,80.06153715676884,24.661217206790123,14.552943074180503,38.29571153895806,39.88729689938981
global,stored_ordinal,broad_tail,0.09,2405376,36080640,791761.4531079703,12155644,1036037,980492,1406823,1702642,666605,371974,43.07172766336739,40.7625252767135,58.486614982439335,70.78485858343976,27.71313092007237,15.464276686888038,32.91632797150925,33.6902117035618
global,stored_ordinal,broad_tail,0.1,2405376,36080640,665056.8219297132,10194480,859598,794298,1222136,1462083,602485,362691,35.73653349829715,33.0217812100894,50.80852224350788,60.783968909642404,25.047435411345255,15.078349497126437,27.64876767414796,28.25470945083014
global,stored_ordinal,broad_tail,0.11,2405376,36080640,601885.7930147186,9386162,749614,655791,1128929,1412993,663379,379338,31.16410906236696,27.263554637611747,46.93357712058322,58.74312373616433,27.57901467379736,15.770424249680715,25.02252425461627,26.014399966297713
global,stored_ordinal,broad_tail,0.12,2405376,36080640,543168.817489899,8596344,659761,561194,1028342,1317092,657331,368586,27.42860159908472,23.330822291400597,42.75181925819498,54.75617949127288,27.327577892188167,15.323425526819923,22.581451610471667,23.825364516815668
global,stored_ordinal,broad_tail,0.13,2405376,36080640,458240.47729612864,7326840,584015,494629,936202,1163038,579023,352211,24.279572091847594,20.563479472647934,38.92123310451256,48.35160906236696,24.07203697051937,14.64265877767135,19.050679698148173,20.30684599829715
global,stored_ordinal,broad_tail,0.14,2405376,36080640,452026.00438160734,7229979,524542,450422,904096,1140381,615839,379557,21.807068832481907,18.725637904427415,37.58647296722009,47.40967732279693,25.602608490315028,15.779528855363983,18.79232204784646,20.038389008620687
global,stored_ordinal,broad_tail,0.15,2405376,36080640,434860.21651924145,7036343,476078,417273,875274,1085129,609051,399196,19.792248696253726,17.347516562899106,36.388240341634734,45.112655983929336,25.320407287675607,16.595991645381012,18.078679446341923,19.50171338424152
global,stored_ordinal,broad_tail,0.16,2405376,36080640,425841.9603507692,6880090,436054,389937,848654,1047365,611311,412600,18.128309253937847,16.2110622206258,35.28155265538527,43.54267274638144,25.41436349244359,17.153243401447423,17.703758595361773,19.06864734106712
global,stored_ordinal,broad_tail,0.17,2405376,36080640,424591.20502831077,6865171,401631,365244,812369,1044994,643363,410738,16.69722321998723,15.184486749680715,33.77305668635589,43.444101878458916,26.74687865847169,17.075833466368668,17.651760266515954,19.02729829626082
global,stored_ordinal,broad_tail,0.18,2405376,36080640,414947.89633474464,6743735,372083,342294,782815,1016428,644345,410733,15.468808202958705,14.230373962324395,32.54439222807577,42.25651207960834,26.787703876649637,17.075625598659002,17.250853768173652,18.690729987051228
global,stored_ordinal,broad_tail,0.19,2405376,36080640,339858.0289671811,5711720,346597,320450,721029,937445,590848,374432,14.409264913260964,13.322241512345679,29.975729366219667,38.97290901713495,24.563644103873987,15.566464452958705,14.129102018444565,15.830428728536965
global,stored_ordinal,broad_tail,0.2,2405376,36080640,316829.5923800575,5358006,323481,299378,678168,890763,567282,354687,13.448250917943804,12.446203836739038,28.19384578544061,37.03217293263091,23.5839220146871,14.74559486749681,13.171728344344396,14.85008580779055
global,stored_ordinal,broad_tail,0.21,2405376,36080640,275690.2678380391,4715845,301755,278696,645352,820857,519102,343597,12.545024145913155,11.586379842486165,26.829568433375904,34.12593291028097,21.580908764367816,14.284544287462749,11.461420910412306,13.070291990385979
global,stored_ordinal,broad_tail,0.22,2405376,36080640,275674.45543224964,4715580,281475,259364,638878,820825,539350,357403,11.701912715517242,10.782680129842486,26.560421322903366,34.124602556939124,22.42268984142188,14.858508607386122,11.460763532697161,13.069557524478501
global,stored_ordinal,broad_tail,0.23,2405376,36080640,275639.0842741847,4714833,261544,240660,631812,820672,559128,370268,10.873310451255854,10.005088601532568,26.26666267560664,34.118241805023416,23.244931353767562,15.393352224350787,11.45929302837414,13.067487162090252
global,stored_ordinal,broad_tail,0.24,2405376,36080640,275630.09735076345,4714631,242335,222219,586338,820547,578212,344003,10.074724284269902,9.238430914750957,24.376147429757346,34.11304511228182,24.03832082801192,14.30142314548744,11.458919410136438,13.06692730505889
global,stored_ordinal,broad_tail,0.25,2405376,36080640,274283.0423167322,4693775,223760,203580,576912,816740,592980,353152,9.302495742869306,8.463541666666668,23.984275223499363,33.95477463814389,24.652278895274584,14.681779480630055,11.402917561193433,13.009123452355611
global,stored_ordinal,broad_tail,0.26,2405376,36080640,218889.8731662181,3804785,204990,184663,523666,720922,515932,318676,8.522160360791826,7.677094973925075,21.77065040974883,29.971280997232864,21.449120636441037,13.248490048957004,9.100027320727325,10.545225916170002
global,stored_ordinal,broad_tail,0.27,2405376,36080640,209751.70012183383,3660464,186560,165351,504828,693290,506730,318268,7.755959982971477,6.874226732120051,20.98748802681992,28.822520886547466,21.06656090357599,13.231528043848446,8.720121100478005,10.145230239818362
global,stored_ordinal,broad_tail,0.28,2405376,36080640,191231.37223389716,3375725,168071,146020,474326,658132,490061,306255,6.987306766177097,6.070568593018306,19.71941185078757,27.360878299276287,20.37357153309919,12.732105084610474,7.950165472420825,9.356056322725982
global,stored_ordinal,broad_tail,0.29,2405376,36080640,183983.2550745756,3237663,149989,127920,448505,641414,491425,298516,6.23557398094934,5.31808748403576,18.645941424542357,26.665851825244786,20.430277844295443,12.410367443593017,7.648835569764378,8.973407899638145
global,stored_ordinal,broad_tail,0.3,2405376,36080640,150577.43921247474,2675495,131377,111580,414911,579585,448208,283540,5.461807218497232,4.638775808854832,17.24931985685398,24.095401301085566,18.63359408258834,11.787762079608344,6.260037483224027,7.4153202382219385
global,stored_ordinal,broad_tail,0.31,2405376,36080640,139024.9688630902,2467917,113038,96656,376175,546681,433643,263147,4.699390032992763,4.01833226905066,15.638927136547467,22.72746547733078,18.028075444338015,10.939952838974031,5.779760372727183,6.840003392401021
global,stored_ordinal,broad_tail,0.32,2405376,36080640,95111.83487984196,1795913,94817,81993,338435,450779,355962,243620,3.9418785254363558,3.4087394236909327,14.069941664005961,18.740479658897403,14.798601133461048,10.12814628565347,3.9541358556766992,4.977497627536541
global,stored_ordinal,broad_tail,0.33,2405376,36080640,91919.13898506477,1744564,76596,67815,329269,440441,363845,252673,3.1843670178799486,2.8193097461685825,13.68887857865049,18.310692382396766,15.126325364516816,10.50451156077054,3.8214041790167013,4.835180307222932
global,stored_ordinal,broad_tail,0.34,2405376,36080640,91895.7635638143,1744163,60273,53162,317546,440402,380129,257273,2.5057620929118776,2.2101326362281823,13.20151194657301,18.309071014261388,15.80330892134951,10.695749853661132,3.8204323799611495,4.8340689078685966
global,stored_ordinal,broad_tail,0.35,2405376,36080640,91895.1648572214,1744155,46914,39563,280878,440402,393488,233964,1.9503811462324394,1.644774039484887,11.677093310983397,18.309071014261388,16.358689868028947,9.726712164750957,3.8204074896075046,4.834046735312899
global,stored_ordinal,broad_tail,0.36,2405376,36080640,91831.70861609049,1742882,36295,28737,270437,440398,404103,234142,1.5089117044487015,1.194698874521073,11.243023959663686,18.308904720093658,16.799993015644954,9.734112255214985,3.817769388905954,4.830518527387541
global,stored_ordinal,broad_tail,0.37,2405376,36080640,68625.21683034969,1300289,28375,20780,228920,389112,360737,200545,1.179649252341422,0.8638982013622818,9.51701521924223,16.17676404853129,14.997114796189868,8.337365966900808,2.8529933295397347,3.6038412844118066
global,stored_ordinal,broad_tail,0.38,2405376,36080640,39801.830301534086,840497,22636,15227,170263,298313,275677,147628,0.9410586951894423,0.6330403230097914,7.078435970093657,12.401928014580673,11.46086931939123,6.137418848446147,1.6547030610405227,2.3294958182559955
global,stored_ordinal,broad_tail,0.39,2405376,36080640,30292.52610197522,674339,18406,11489,145826,252254,233848,127420,0.7652026128139634,0.47763842326521927,6.0625033258833545,10.487092246700724,9.72188963388676,5.297300713069391,1.2593676041490072,1.8689773795586773
global,stored_ordinal,broad_tail,0.4,2405376,36080640,28991.117530644136,645114,15052,8791,139281,244604,229552,124229,0.6257649531715623,0.3654730071306939,5.790404493933589,10.169054650915283,9.54328969774372,5.1646395407620265,1.2052634403371505,1.7879782620263942
