weather,city,scenario_raw,time_slice,severity,weather_year,rows,weather_cases,mean_mu,mean_abs_mu,mean_p_tail,p95_p_tail,high_tail_pct,near_mean_pct,near_mean_high_tail_pct,near_mean_directional_tail_pct,warm_tail_dominant_pct,cold_tail_dominant_pct,sign_conflict_pct_of_comparable,sign_comparable_rows
ahmedabad_ssp245_baseline_2020s_heatwave_extreme_2029,Ahmedabad,ssp245,baseline_2020s,heatwave_extreme,2029,16704,1,0.3576141618452844,0.3587617146349929,0.13506373814444114,0.2970939063911712,18.80387931034483,25.25742337164751,0.0,0.0,32.189894636015325,0.0,0.0,5377
ahmedabad_ssp245_baseline_2020s_hot_2029,Ahmedabad,ssp245,baseline_2020s,hot,2029,16704,1,0.3576141618452844,0.3587617146349929,0.13506373814444114,0.2970939063911712,18.80387931034483,25.25742337164751,0.0,0.0,32.189894636015325,0.0,0.0,5377
ahmedabad_ssp245_baseline_2020s_typical_2025,Ahmedabad,ssp245,baseline_2020s,typical,2025,16704,1,0.2819861706185884,0.2836507516628569,0.11374531147023607,0.24833810604436551,10.219109195402298,35.14727011494253,0.0,0.0,22.14439655172414,0.0,0.0,3699
ahmedabad_ssp245_late_2080s_heatwave_extreme_2081,Ahmedabad,ssp245,late_2080s,heatwave_extreme,2081,16704,1,0.36800438540019836,0.37140166489774606,0.14090964774487727,0.3124008737865723,20.402298850574713,26.80196360153257,0.0,0.0,35.769875478927204,0.0,0.0,5975
ahmedabad_ssp245_late_2080s_hot_2081,Ahmedabad,ssp245,late_2080s,hot,2081,16704,1,0.36800438540019836,0.37140166489774606,0.14090964774487727,0.3124008737865723,20.402298850574713,26.80196360153257,0.0,0.0,35.769875478927204,0.0,0.0,5975
ahmedabad_ssp245_late_2080s_typical_2086,Ahmedabad,ssp245,late_2080s,typical,2086,16704,1,0.31783527244109355,0.32008434967769234,0.12640237323696626,0.330106087434926,14.75095785440613,34.27322796934866,0.0,0.0,25.514846743295017,0.0,0.0,4262
ahmedabad_ssp245_mid_2050s_heatwave_extreme_2059,Ahmedabad,ssp245,mid_2050s,heatwave_extreme,2059,16704,1,0.3636538770808689,0.36554384596651757,0.13964299071865346,0.33844675155844417,20.480124521072796,31.19612068965517,0.0,0.0,30.615421455938694,0.0,0.0,5114
ahmedabad_ssp245_mid_2050s_hot_2059,Ahmedabad,ssp245,mid_2050s,hot,2059,16704,1,0.3636538770808689,0.36554384596651757,0.13964299071865346,0.33844675155844417,20.480124521072796,31.19612068965517,0.0,0.0,30.615421455938694,0.0,0.0,5114
ahmedabad_ssp245_mid_2050s_typical_2058,Ahmedabad,ssp245,mid_2050s,typical,2058,16704,1,0.282255511935501,0.28348202277736134,0.11302657378538512,0.2525030785689411,9.099616858237548,33.27945402298851,0.0,0.0,20.833333333333336,0.0,0.0,3480
ahmedabad_ssp245_near_2030s_heatwave_extreme_2034,Ahmedabad,ssp245,near_2030s,heatwave_extreme,2034,16704,1,0.29390637809858006,0.2964406972217682,0.11906631104126718,0.27951886990721636,12.990900383141762,35.14727011494253,0.0,0.0,23.162116858237546,0.0,0.0,3869
ahmedabad_ssp245_near_2030s_hot_2034,Ahmedabad,ssp245,near_2030s,hot,2034,16704,1,0.29390637809858006,0.2964406972217682,0.11906631104126718,0.27951886990721636,12.990900383141762,35.14727011494253,0.0,0.0,23.162116858237546,0.0,0.0,3869
ahmedabad_ssp245_near_2030s_typical_2032,Ahmedabad,ssp245,near_2030s,typical,2032,16704,1,0.2727795803542668,0.27377515568932315,0.109795452487168,0.23907477903045152,8.477011494252872,32.95617816091954,0.0,0.0,18.558429118773947,0.0,0.0,3100
ahmedabad_ssp585_baseline_2020s_heatwave_extreme_2027,Ahmedabad,ssp585,baseline_2020s,heatwave_extreme,2027,16704,1,0.4030114551248708,0.40632898205515844,0.14811917097575975,0.3273111046196904,24.060105363984675,23.233955938697317,0.0,0.0,36.003352490421456,0.0,0.0,6014
ahmedabad_ssp585_baseline_2020s_hot_2027,Ahmedabad,ssp585,baseline_2020s,hot,2027,16704,1,0.4030114551248708,0.40632898205515844,0.14811917097575975,0.3273111046196904,24.060105363984675,23.233955938697317,0.0,0.0,36.003352490421456,0.0,0.0,6014
ahmedabad_ssp585_baseline_2020s_typical_2025,Ahmedabad,ssp585,baseline_2020s,typical,2025,16704,1,0.3068542567542258,0.30971822243973257,0.12164078006596803,0.31682287447832863,13.990660919540229,36.70378352490422,0.0,0.0,23.03639846743295,0.0,0.0,3848
ahmedabad_ssp585_late_2080s_heatwave_extreme_2088,Ahmedabad,ssp585,late_2080s,heatwave_extreme,2088,16704,1,0.4429851351238486,0.44679516968717725,0.16769929980347942,0.389769481184363,30.070641762452105,29.681513409961685,0.0,0.0,39.99640804597701,0.0,0.0,6681
ahmedabad_ssp585_late_2080s_hot_2088,Ahmedabad,ssp585,late_2080s,hot,2088,16704,1,0.4429851351238486,0.44679516968717725,0.16769929980347942,0.389769481184363,30.070641762452105,29.681513409961685,0.0,0.0,39.99640804597701,0.0,0.0,6681
ahmedabad_ssp585_late_2080s_typical_2087,Ahmedabad,ssp585,late_2080s,typical,2087,16704,1,0.34538948330110536,0.3477142838086058,0.1359633749340694,0.34918291224532144,18.36685823754789,33.075909961685824,0.0,0.0,30.513649425287355,0.0,0.0,5097
ahmedabad_ssp585_mid_2050s_heatwave_extreme_2051,Ahmedabad,ssp585,mid_2050s,heatwave_extreme,2051,16704,1,0.3535509727487397,0.356246039052414,0.1352635843534086,0.31625406062151035,18.13936781609195,27.580220306513407,0.0,0.0,31.968390804597703,0.0,0.0,5340
ahmedabad_ssp585_mid_2050s_hot_2050,Ahmedabad,ssp585,mid_2050s,hot,2050,16704,1,0.3432930067793473,0.34538533155509377,0.13366461922035347,0.32381006083978703,17.64248084291188,29.950909961685824,0.0,0.0,29.837164750957857,0.0,0.0,4984
ahmedabad_ssp585_mid_2050s_typical_2055,Ahmedabad,ssp585,mid_2050s,typical,2055,16704,1,0.2536766143172598,0.2563883945360919,0.10831349969821462,0.24061347232492095,7.95617816091954,40.64894636015325,0.0,0.0,18.259099616858236,0.0,0.0,3050
ahmedabad_ssp585_near_2030s_heatwave_extreme_2037,Ahmedabad,ssp585,near_2030s,heatwave_extreme,2037,16704,1,0.30363630251625995,0.3055216539276095,0.1199428821858967,0.27606704868861365,11.907327586206897,32.38146551724138,0.0,0.0,23.299808429118773,0.0,0.0,3892
ahmedabad_ssp585_near_2030s_hot_2037,Ahmedabad,ssp585,near_2030s,hot,2037,16704,1,0.30363630251625995,0.3055216539276095,0.1199428821858967,0.27606704868861365,11.907327586206897,32.38146551724138,0.0,0.0,23.299808429118773,0.0,0.0,3892
ahmedabad_ssp585_near_2030s_typical_2031,Ahmedabad,ssp585,near_2030s,typical,2031,16704,1,0.3061254512841087,0.3079196584427984,0.12131784259927529,0.29962965246271167,14.499521072796934,35.207136015325666,0.0,0.0,23.904454022988507,0.0,0.0,3993
beijing_ssp245_baseline_2020s_heatwave_extreme_2025,Beijing,ssp245,baseline_2020s,heatwave_extreme,2025,16704,1,0.15673064569965428,0.1837886651314765,0.0895118129686419,0.15442219331369914,3.5380747126436782,47.21024904214559,0.0,0.005986590038314176,5.998563218390805,0.0,0.0,1001
beijing_ssp245_baseline_2020s_hot_2025,Beijing,ssp245,baseline_2020s,hot,2025,16704,1,0.15673064569965428,0.1837886651314765,0.0895118129686419,0.15442219331369914,3.5380747126436782,47.21024904214559,0.0,0.005986590038314176,5.998563218390805,0.0,0.0,1001
beijing_ssp245_baseline_2020s_typical_2026,Beijing,ssp245,baseline_2020s,typical,2026,16704,1,0.10149509754329968,0.13840501297012842,0.08064578766594828,0.11490229224780868,0.44300766283524906,57.77658045977011,0.0,0.0,1.5146072796934866,0.0,0.0,253
beijing_ssp245_late_2080s_heatwave_extreme_2084,Beijing,ssp245,late_2080s,heatwave_extreme,2084,16704,1,0.234165968171892,0.24901333804656095,0.10729017202675344,0.3239773722947801,10.075431034482758,45.2705938697318,0.0,0.005986590038314176,13.014846743295019,0.0,0.0,2173
beijing_ssp245_late_2080s_hot_2084,Beijing,ssp245,late_2080s,hot,2084,16704,1,0.234165968171892,0.24901333804656095,0.10729017202675344,0.3239773722947801,10.075431034482758,45.2705938697318,0.0,0.005986590038314176,13.014846743295019,0.0,0.0,2173
beijing_ssp245_late_2080s_typical_2083,Beijing,ssp245,late_2080s,typical,2083,16704,1,0.2150509356362836,0.24044187625542293,0.10566030971110739,0.3005148131616369,10.739942528735632,45.258620689655174,0.0,0.0,13.823036398467433,0.0,0.0,2309
beijing_ssp245_mid_2050s_heatwave_extreme_2050,Beijing,ssp245,mid_2050s,heatwave_extreme,2050,16704,1,0.20970479490657973,0.2292266129729211,0.10090207338937462,0.28158855625767265,7.770593869731801,44.79765325670498,0.0,0.0,11.314655172413794,0.0,0.0,1890
beijing_ssp245_mid_2050s_hot_2050,Beijing,ssp245,mid_2050s,hot,2050,16704,1,0.20970479490657973,0.2292266129729211,0.10090207338937462,0.28158855625767265,7.770593869731801,44.79765325670498,0.0,0.0,11.314655172413794,0.0,0.0,1890
beijing_ssp245_mid_2050s_typical_2056,Beijing,ssp245,mid_2050s,typical,2056,16704,1,0.14657722492725989,0.17705819737370992,0.0890978594626758,0.1534335855257021,3.3045977011494254,52.502394636015325,0.0,0.017959770114942528,6.27993295019157,0.0,0.0,1046
beijing_ssp245_near_2030s_heatwave_extreme_2039,Beijing,ssp245,near_2030s,heatwave_extreme,2039,16704,1,0.09670114637846888,0.14390689315586214,0.0808726863829322,0.11393384860341314,0.19157088122605362,56.65110153256705,0.0,0.0,1.1733716475095786,0.0,0.0,196
beijing_ssp245_near_2030s_hot_2034,Beijing,ssp245,near_2030s,hot,2034,16704,1,0.13080726233453183,0.16175263509318216,0.08507214126610697,0.12391231960790582,1.5385536398467432,52.58620689655172,0.0,0.0,3.807471264367816,0.0,0.0,636
beijing_ssp245_near_2030s_typical_2035,Beijing,ssp245,near_2030s,typical,2035,16704,1,0.11575780116187283,0.1642164123873534,0.0862141766429484,0.12750591835794625,1.628352490421456,49.10201149425287,0.0,0.0,3.7595785440613025,0.0,0.0,628
beijing_ssp585_baseline_2020s_heatwave_extreme_2029,Beijing,ssp585,baseline_2020s,heatwave_extreme,2029,16704,1,0.13585168975535014,0.17461836930804098,0.08896337116186696,0.1431843029305614,2.921455938697318,49.87428160919541,0.0,0.011973180076628351,5.693247126436781,0.0,0.0,949
beijing_ssp585_baseline_2020s_hot_2029,Beijing,ssp585,baseline_2020s,hot,2029,16704,1,0.13585168975535014,0.17461836930804098,0.08896337116186696,0.1431843029305614,2.921455938697318,49.87428160919541,0.0,0.011973180076628351,5.693247126436781,0.0,0.0,949
beijing_ssp585_baseline_2020s_typical_2026,Beijing,ssp585,baseline_2020s,typical,2026,16704,1,0.09654021993710468,0.13793647731078168,0.0799822215916522,0.11506367559973317,0.05387931034482758,57.24377394636016,0.0,0.017959770114942528,0.8680555555555556,0.0,0.0,142
beijing_ssp585_late_2080s_heatwave_extreme_2089,Beijing,ssp585,late_2080s,heatwave_extreme,2089,16704,1,0.25059104998634785,0.2674071198828461,0.11249406651730191,0.3225491535729133,12.27250957854406,43.30699233716475,0.0,0.0,17.283285440613028,0.0,0.0,2887
beijing_ssp585_late_2080s_hot_2089,Beijing,ssp585,late_2080s,hot,2089,16704,1,0.25059104998634785,0.2674071198828461,0.11249406651730191,0.3225491535729133,12.27250957854406,43.30699233716475,0.0,0.0,17.283285440613028,0.0,0.0,2887
beijing_ssp585_late_2080s_typical_2084,Beijing,ssp585,late_2080s,typical,2084,16704,1,0.22936862169176922,0.25064890824723757,0.1079934767431977,0.3089720350422132,10.344827586206897,46.587643678160916,0.0,0.0,14.816810344827585,0.0,0.0,2475
beijing_ssp585_mid_2050s_heatwave_extreme_2052,Beijing,ssp585,mid_2050s,heatwave_extreme,2052,16704,1,0.2026044797960636,0.23829970199024345,0.10623960084836623,0.2986877674773499,9.464798850574713,46.21647509578544,0.0,0.0,13.07471264367816,0.0,0.0,2184
beijing_ssp585_mid_2050s_hot_2052,Beijing,ssp585,mid_2050s,hot,2052,16704,1,0.2026044797960636,0.23829970199024345,0.10623960084836623,0.2986877674773499,9.464798850574713,46.21647509578544,0.0,0.0,13.07471264367816,0.0,0.0,2184
beijing_ssp585_mid_2050s_typical_2053,Beijing,ssp585,mid_2050s,typical,2053,16704,1,0.1441998479906736,0.1668998298589849,0.08600481911900322,0.13246028443707122,1.8498563218390804,52.25095785440613,0.0,0.0,5.166427203065134,0.0,0.0,863
beijing_ssp585_near_2030s_heatwave_extreme_2030,Beijing,ssp585,near_2030s,heatwave_extreme,2030,16704,1,0.13839966677136847,0.18740011224587122,0.09276638127260826,0.1619607366291779,3.5859674329501914,47.6772030651341,0.0,0.0,6.7828065134099615,0.0,0.0,1133
beijing_ssp585_near_2030s_hot_2037,Beijing,ssp585,near_2030s,hot,2037,16704,1,0.1386507381606753,0.1915689931999715,0.09214890078808503,0.1653200916946215,3.5859674329501914,45.66570881226053,0.0,0.005986590038314176,7.159961685823754,0.0,0.0,1195
beijing_ssp585_near_2030s_typical_2032,Beijing,ssp585,near_2030s,typical,2032,16704,1,0.14958793341454565,0.17154400281314383,0.08648559814886642,0.13580154877338468,2.0534003831417627,49.964080459770116,0.0,0.0,4.920977011494252,0.0,0.0,822
guangzhou_ssp245_baseline_2020s_heatwave_extreme_2028,Guangzhou,ssp245,baseline_2020s,heatwave_extreme,2028,16704,1,0.1905370030072379,0.20184553635596691,0.09036720894934,0.22370454436986512,6.357758620689655,56.75287356321839,0.0,0.0,11.925287356321839,0.0,0.0,1992
guangzhou_ssp245_baseline_2020s_hot_2027,Guangzhou,ssp245,baseline_2020s,hot,2027,16704,1,0.17425213681630353,0.18353947472181145,0.0847343592638457,0.1901545197585775,4.2923850574712645,56.094348659003835,0.0,0.0,8.536877394636015,0.0,0.0,1426
guangzhou_ssp245_baseline_2020s_typical_2025,Guangzhou,ssp245,baseline_2020s,typical,2025,16704,1,0.21036754711289568,0.21708817229872843,0.09380468543740982,0.23650616824361032,7.764607279693486,52.68797892720306,0.0,0.0,13.595545977011495,0.0,0.0,2271
guangzhou_ssp245_late_2080s_heatwave_extreme_2088,Guangzhou,ssp245,late_2080s,heatwave_extreme,2088,16704,1,0.335225812598266,0.34189378818707594,0.12890855195362153,0.32426578984659976,20.88122605363985,37.547892720306514,0.0,0.0,29.909003831417625,0.0,0.0,4996
guangzhou_ssp245_late_2080s_hot_2083,Guangzhou,ssp245,late_2080s,hot,2083,16704,1,0.30853714115595154,0.3122006986175379,0.11858023211677877,0.2942302569064736,15.906369731800766,36.70378352490422,0.0,0.0,25.58668582375479,0.0,0.0,4274
guangzhou_ssp245_late_2080s_typical_2084,Guangzhou,ssp245,late_2080s,typical,2084,16704,1,0.23920220213379761,0.2467176855508443,0.10228114809853599,0.2585404417904379,9.698275862068966,46.88697318007663,0.0,0.0,17.325191570881227,0.0,0.0,2894
guangzhou_ssp245_mid_2050s_heatwave_extreme_2055,Guangzhou,ssp245,mid_2050s,heatwave_extreme,2055,16704,1,0.2622337056207979,0.26645703747729105,0.10658370264337896,0.28720680236778207,11.949233716475096,43.88170498084291,0.0,0.0,18.845785440613028,0.0,0.0,3148
guangzhou_ssp245_mid_2050s_hot_2051,Guangzhou,ssp245,mid_2050s,hot,2051,16704,1,0.2521393848786928,0.2590802469137618,0.1057996459233252,0.2777254724412998,11.835488505747128,45.89918582375479,0.0,0.0,19.40852490421456,0.0,0.0,3242
guangzhou_ssp245_mid_2050s_typical_2054,Guangzhou,ssp245,mid_2050s,typical,2054,16704,1,0.2360686080180464,0.24436275689626052,0.10119243524116467,0.25281735048758897,9.536637931034484,45.88721264367816,0.0,0.0,17.211446360153257,0.0,0.0,2875
guangzhou_ssp245_near_2030s_heatwave_extreme_2034,Guangzhou,ssp245,near_2030s,heatwave_extreme,2034,16704,1,0.19424338043463,0.2018939841989525,0.09021198321565294,0.21240085426844663,5.938697318007663,55.938697318007655,0.0,0.0,12.092911877394636,0.0,0.0,2020
guangzhou_ssp245_near_2030s_hot_2038,Guangzhou,ssp245,near_2030s,hot,2038,16704,1,0.2407747441119095,0.24822619983465288,0.10142612830480008,0.2608990927233395,9.812021072796934,45.28256704980843,0.0,0.0,17.89990421455939,0.0,0.0,2990
guangzhou_ssp245_near_2030s_typical_2031,Guangzhou,ssp245,near_2030s,typical,2031,16704,1,0.1835721524312284,0.19470400132613053,0.08940962482374495,0.2136931736786003,5.92073754789272,57.57303639846744,0.0,0.0,10.955459770114942,0.0,0.0,1830
guangzhou_ssp585_baseline_2020s_heatwave_extreme_2026,Guangzhou,ssp585,baseline_2020s,heatwave_extreme,2026,16704,1,0.21616159086018638,0.22799179813343445,0.09616095792843381,0.24978077277483648,8.147749042145595,51.263170498084285,0.0,0.0,14.28999042145594,0.0,0.0,2387
guangzhou_ssp585_baseline_2020s_hot_2028,Guangzhou,ssp585,baseline_2020s,hot,2028,16704,1,0.2038685191348154,0.21445041318895772,0.09367806930942289,0.23378817067619345,7.52514367816092,51.31106321839081,0.0,0.0,13.284243295019158,0.0,0.0,2219
guangzhou_ssp585_baseline_2020s_typical_2025,Guangzhou,ssp585,baseline_2020s,typical,2025,16704,1,0.18433708160194326,0.20044862282183482,0.08979140706357824,0.19851670736991325,4.932950191570881,54.46000957854407,0.0,0.0,11.41044061302682,0.0,0.0,1906
guangzhou_ssp585_late_2080s_heatwave_extreme_2086,Guangzhou,ssp585,late_2080s,heatwave_extreme,2086,16704,1,0.49711906480796725,0.5025784061530405,0.1757109829415866,0.3704801693679184,38.18247126436782,30.56154214559387,0.0,0.0,45.08500957854406,0.0,0.0,7531
guangzhou_ssp585_late_2080s_hot_2086,Guangzhou,ssp585,late_2080s,hot,2086,16704,1,0.49711906480796725,0.5025784061530405,0.1757109829415866,0.3704801693679184,38.18247126436782,30.56154214559387,0.0,0.0,45.08500957854406,0.0,0.0,7531
guangzhou_ssp585_late_2080s_typical_2087,Guangzhou,ssp585,late_2080s,typical,2087,16704,1,0.3478559410297751,0.3498223502363567,0.13025543781862098,0.30971967505569165,19.86949233716475,31.04645593869732,0.0,0.0,31.645114942528735,0.0,0.0,5286
guangzhou_ssp585_mid_2050s_heatwave_extreme_2059,Guangzhou,ssp585,mid_2050s,heatwave_extreme,2059,16704,1,0.28495343184584415,0.29216531743594376,0.11411674882310983,0.2878825633744299,13.709291187739463,41.44516283524904,0.0,0.0,23.467432950191572,0.0,0.0,3920
guangzhou_ssp585_mid_2050s_hot_2057,Guangzhou,ssp585,mid_2050s,hot,2057,16704,1,0.25758181213456033,0.263754675844578,0.1068187490976045,0.261410286160703,11.673850574712644,43.98946360153257,0.0,0.0,20.52801724137931,0.0,0.0,3429
guangzhou_ssp585_mid_2050s_typical_2050,Guangzhou,ssp585,mid_2050s,typical,2050,16704,1,0.2538709528303983,0.2648385133273925,0.10757308791423269,0.2810596216639697,12.990900383141762,45.97102490421456,0.0,0.0,20.08500957854406,0.0,0.0,3355
guangzhou_ssp585_near_2030s_heatwave_extreme_2033,Guangzhou,ssp585,near_2030s,heatwave_extreme,2033,16704,1,0.2295531495689644,0.24070480040571413,0.10138717299573388,0.25596099555444335,9.90780651340996,51.16738505747126,0.0,0.0,18.157327586206897,0.0,0.0,3033
guangzhou_ssp585_near_2030s_hot_2033,Guangzhou,ssp585,near_2030s,hot,2033,16704,1,0.2295531495689644,0.24070480040571413,0.10138717299573388,0.25596099555444335,9.90780651340996,51.16738505747126,0.0,0.0,18.157327586206897,0.0,0.0,3033
guangzhou_ssp585_near_2030s_typical_2039,Guangzhou,ssp585,near_2030s,typical,2039,16704,1,0.19117579515097896,0.20157382306783195,0.0898174643874171,0.20578864066647962,5.4238505747126435,51.89774904214559,0.0,0.0,11.272749042145595,0.0,0.0,1883
houston_ssp245_baseline_2020s_heatwave_extreme_2026,Houston,ssp245,baseline_2020s,heatwave_extreme,2026,16704,1,0.2106155671577635,0.235520686464203,0.09756101243017874,0.23533724107663362,8.536877394636015,47.76700191570881,0.0,0.0,16.894157088122604,0.0,0.0,2822
houston_ssp245_baseline_2020s_hot_2026,Houston,ssp245,baseline_2020s,hot,2026,16704,1,0.2106155671577635,0.235520686464203,0.09756101243017874,0.23533724107663362,8.536877394636015,47.76700191570881,0.0,0.0,16.894157088122604,0.0,0.0,2822
houston_ssp245_baseline_2020s_typical_2027,Houston,ssp245,baseline_2020s,typical,2027,16704,1,0.17110460692640403,0.18668501659163197,0.08484949442957729,0.18488296338415383,4.130747126436781,54.90900383141762,0.0,0.0,8.961925287356323,0.0,0.0,1497
houston_ssp245_late_2080s_heatwave_extreme_2081,Houston,ssp245,late_2080s,heatwave_extreme,2081,16704,1,0.27364008175709464,0.2925140205927015,0.11576699526119207,0.3087573020537748,17.828065134099617,45.61781609195402,0.0,0.0,24.257662835249043,0.0,0.0,4052
houston_ssp245_late_2080s_hot_2085,Houston,ssp245,late_2080s,hot,2085,16704,1,0.25970659414687003,0.2733807203617709,0.11001420016173492,0.2918326671385915,14.493534482758621,46.74329501915709,0.0,0.0,21.970785440613028,0.0,0.0,3670
houston_ssp245_late_2080s_typical_2086,Houston,ssp245,late_2080s,typical,2086,16704,1,0.21762634804053807,0.23364123948984925,0.09739014491645903,0.24865557941504893,8.97389846743295,48.45545977011494,0.0,0.0,16.00814176245211,0.0,0.0,2674
houston_ssp245_mid_2050s_heatwave_extreme_2058,Houston,ssp245,mid_2050s,heatwave_extreme,2058,16704,1,0.23012559806552998,0.2514340018443312,0.10257876052019886,0.2893800644113763,12.679597701149426,47.41379310344828,0.0,0.0,17.66044061302682,0.0,0.0,2950
houston_ssp245_mid_2050s_hot_2056,Houston,ssp245,mid_2050s,hot,2056,16704,1,0.219563423522859,0.22668255157375983,0.09409103723407533,0.21051237526932354,5.974616858237548,45.3125,0.0,0.0,13.918821839080458,0.0,0.0,2325
houston_ssp245_mid_2050s_typical_2052,Houston,ssp245,mid_2050s,typical,2052,16704,1,0.21794370374768612,0.23407068935343273,0.09918203355254253,0.27044828354282907,10.859674329501916,54.028975095785434,0.0,0.0,17.367097701149426,0.0,0.0,2901
houston_ssp245_near_2030s_heatwave_extreme_2039,Houston,ssp245,near_2030s,heatwave_extreme,2039,16704,1,0.22682078877324097,0.2443220573492939,0.10115641586173661,0.2656524814474828,10.949473180076629,50.299329501915715,0.0,0.0,18.17528735632184,0.0,0.0,3036
houston_ssp245_near_2030s_hot_2038,Houston,ssp245,near_2030s,hot,2038,16704,1,0.2509636875705746,0.25796723839709057,0.10262302708821766,0.2534692229619192,9.722222222222223,41.96000957854406,0.0,0.0,18.797892720306514,0.0,0.0,3140
houston_ssp245_near_2030s_typical_2033,Houston,ssp245,near_2030s,typical,2033,16704,1,0.20858283039968623,0.2334879958001681,0.09903529914997707,0.2570433520880166,9.997605363984674,51.49066091954023,0.0,0.0,17.325191570881227,0.0,0.0,2894
houston_ssp585_baseline_2020s_heatwave_extreme_2025,Houston,ssp585,baseline_2020s,heatwave_extreme,2025,16704,1,0.22777337781670023,0.2473719683431986,0.10187654248733166,0.26582768278838065,11.38050766283525,50.8441091954023,0.0,0.0,19.989224137931032,0.0,0.0,3339
houston_ssp585_baseline_2020s_hot_2026,Houston,ssp585,baseline_2020s,hot,2026,16704,1,0.2081756816616611,0.23184509592619823,0.096431431814508,0.2377155393928927,8.381226053639846,48.359674329501914,0.0,0.0,15.780651340996169,0.0,0.0,2636
houston_ssp585_baseline_2020s_typical_2025,Houston,ssp585,baseline_2020s,typical,2025,16704,1,0.22777337781670023,0.2473719683431986,0.10187654248733166,0.26582768278838065,11.38050766283525,50.8441091954023,0.0,0.0,19.989224137931032,0.0,0.0,3339
houston_ssp585_late_2080s_heatwave_extreme_2086,Houston,ssp585,late_2080s,heatwave_extreme,2086,16704,1,0.35096611874342604,0.3620107098005101,0.13720290573415228,0.3393738088715313,25.87404214559387,39.224137931034484,0.0,0.0,31.65110153256705,0.0,0.0,5287
houston_ssp585_late_2080s_hot_2080,Houston,ssp585,late_2080s,hot,2080,16704,1,0.3240750058987993,0.3328574683095945,0.12808978415195202,0.335356922096892,22.03065134099617,42.85799808429119,0.0,0.0,27.215038314176244,0.0,0.0,4546
houston_ssp585_late_2080s_typical_2088,Houston,ssp585,late_2080s,typical,2088,16704,1,0.3407901931082853,0.3531167037827757,0.13387079080121644,0.34165374727140285,23.293821839080458,40.87643678160919,0.0,0.0,30.597461685823756,0.0,0.0,5111
houston_ssp585_mid_2050s_heatwave_extreme_2059,Houston,ssp585,mid_2050s,heatwave_extreme,2059,16704,1,0.25396930644561966,0.2745896308885685,0.1098488293002195,0.29668705272201357,14.774904214559387,47.40181992337165,0.0,0.0,21.755268199233715,0.0,0.0,3634
houston_ssp585_mid_2050s_hot_2058,Houston,ssp585,mid_2050s,hot,2058,16704,1,0.26102554114500387,0.27663860618001007,0.11002574342186945,0.2916120621624615,14.70905172413793,45.025143678160916,0.0,0.0,22.096503831417625,0.0,0.0,3691
houston_ssp585_mid_2050s_typical_2055,Houston,ssp585,mid_2050s,typical,2055,16704,1,0.24938176285487834,0.26920780271014105,0.10841005133753348,0.28318524206416196,13.679358237547893,46.99473180076628,0.0,0.0,22.294061302681992,0.0,0.0,3724
houston_ssp585_near_2030s_heatwave_extreme_2037,Houston,ssp585,near_2030s,heatwave_extreme,2037,16704,1,0.23494227688572913,0.2494138295384755,0.10190897992407795,0.26182137023042507,10.727969348659004,46.467911877394634,0.0,0.0,18.384818007662833,0.0,0.0,3071
houston_ssp585_near_2030s_hot_2035,Houston,ssp585,near_2030s,hot,2035,16704,1,0.22178862055158932,0.23278079844230812,0.0962460771383003,0.2352870588149669,8.153735632183908,45.66570881226053,0.0,0.0,15.547174329501914,0.0,0.0,2597
houston_ssp585_near_2030s_typical_2038,Houston,ssp585,near_2030s,typical,2038,16704,1,0.20093457636008566,0.230623532232365,0.09637998633620089,0.2375065600317644,8.914032567049809,49.730603448275865,0.0,0.0,16.774425287356323,0.0,0.0,2802
kolkata_ssp245_baseline_2020s_heatwave_extreme_2027,Kolkata,ssp245,baseline_2020s,heatwave_extreme,2027,16704,1,0.3093318913103333,0.3133788395324213,0.12124561152501726,0.30883695395565663,15.086206896551724,39.439655172413794,0.0,0.0,23.162116858237546,0.0,0.0,3869
kolkata_ssp245_baseline_2020s_hot_2028,Kolkata,ssp245,baseline_2020s,hot,2028,16704,1,0.29152194206419707,0.2937159141382658,0.11520884203915553,0.28713340880322874,13.679358237547893,38.110632183908045,0.0,0.0,23.641044061302683,0.0,0.0,3949
kolkata_ssp245_baseline_2020s_typical_2026,Kolkata,ssp245,baseline_2020s,typical,2026,16704,1,0.27364461271371526,0.2765549930495905,0.11046108416623983,0.2893555943686219,12.72749042145594,40.39152298850575,0.0,0.0,20.677681992337167,0.0,0.0,3454
kolkata_ssp245_late_2080s_heatwave_extreme_2086,Kolkata,ssp245,late_2080s,heatwave_extreme,2086,16704,1,0.3989955797958103,0.4002434360594561,0.1460068295922895,0.3391496777394159,26.514607279693486,31.669061302681996,0.0,0.0,35.63817049808429,0.0,0.0,5953
kolkata_ssp245_late_2080s_hot_2087,Kolkata,ssp245,late_2080s,hot,2087,16704,1,0.374910207327968,0.37637194644569444,0.13885848588013797,0.3288971359384272,23.293821839080458,31.375718390804597,0.0,0.0,33.01005747126437,0.0,0.0,5514
kolkata_ssp245_late_2080s_typical_2084,Kolkata,ssp245,late_2080s,typical,2084,16704,1,0.36962627676451787,0.37280161530938294,0.13774532830970945,0.3483545156990701,22.737068965517242,37.092911877394634,0.0,0.0,29.268438697318004,0.0,0.0,4889
kolkata_ssp245_mid_2050s_heatwave_extreme_2053,Kolkata,ssp245,mid_2050s,heatwave_extreme,2053,16704,1,0.3508291606360141,0.3524639129929787,0.13177205804016165,0.3234268025599617,21.755268199233715,33.728448275862064,0.0,0.0,29.08285440613027,0.0,0.0,4858
kolkata_ssp245_mid_2050s_hot_2053,Kolkata,ssp245,mid_2050s,hot,2053,16704,1,0.3508291606360141,0.3524639129929787,0.13177205804016165,0.3234268025599617,21.755268199233715,33.728448275862064,0.0,0.0,29.08285440613027,0.0,0.0,4858
kolkata_ssp245_mid_2050s_typical_2058,Kolkata,ssp245,mid_2050s,typical,2058,16704,1,0.2951355363510094,0.29685646851140407,0.11590248404978586,0.311829592471129,14.960488505747128,40.51724137931034,0.0,0.0,21.898946360153257,0.0,0.0,3658
kolkata_ssp245_near_2030s_heatwave_extreme_2039,Kolkata,ssp245,near_2030s,heatwave_extreme,2039,16704,1,0.296269493313193,0.299260343460757,0.11754441166883137,0.30904943327435797,16.47509578544061,39.116379310344826,0.0,0.0,23.94037356321839,0.0,0.0,3999
kolkata_ssp245_near_2030s_hot_2031,Kolkata,ssp245,near_2030s,hot,2031,16704,1,0.3392666291671674,0.34179442996800985,0.1284189940543762,0.3065529281747032,20.725574712643677,34.62045019157088,0.0,0.0,29.74137931034483,0.0,0.0,4968
kolkata_ssp245_near_2030s_typical_2036,Kolkata,ssp245,near_2030s,typical,2036,16704,1,0.2390456874300501,0.24264376957793912,0.10072067089625003,0.25344228641117733,9.123563218390805,46.0727969348659,0.0,0.0,15.762691570881227,0.0,0.0,2633
kolkata_ssp585_baseline_2020s_heatwave_extreme_2027,Kolkata,ssp585,baseline_2020s,heatwave_extreme,2027,16704,1,0.23473140072235116,0.23949533120103617,0.10039682508526748,0.26485188794836323,8.979885057471265,47.00071839080459,0.0,0.0,16.056034482758623,0.0,0.0,2682
kolkata_ssp585_baseline_2020s_hot_2026,Kolkata,ssp585,baseline_2020s,hot,2026,16704,1,0.25729688095099923,0.259971427117355,0.10525251245749616,0.2664763866234015,10.901580459770114,42.07375478927203,0.0,0.0,18.558429118773947,0.0,0.0,3100
kolkata_ssp585_baseline_2020s_typical_2029,Kolkata,ssp585,baseline_2020s,typical,2029,16704,1,0.2074265177022417,0.21207908009583606,0.09277647613346625,0.21032726999302603,5.974616858237548,48.162116858237546,0.0,0.0,12.230603448275861,0.0,0.0,2043
kolkata_ssp585_late_2080s_heatwave_extreme_2080,Kolkata,ssp585,late_2080s,heatwave_extreme,2080,16704,1,0.5447016669282386,0.5454848830724814,0.18664486440825387,0.3699001861809027,41.133860153256705,20.049090038314176,0.0,0.0,52.43055555555556,0.0,0.0,8758
kolkata_ssp585_late_2080s_hot_2080,Kolkata,ssp585,late_2080s,hot,2080,16704,1,0.5447016669282386,0.5454848830724814,0.18664486440825387,0.3699001861809027,41.133860153256705,20.049090038314176,0.0,0.0,52.43055555555556,0.0,0.0,8758
kolkata_ssp585_late_2080s_typical_2088,Kolkata,ssp585,late_2080s,typical,2088,16704,1,0.4217344554352256,0.4227770567479412,0.1512660210234271,0.34318176875256623,27.49640804597701,28.130986590038315,0.0,0.0,39.07447318007663,0.0,0.0,6527
kolkata_ssp585_mid_2050s_heatwave_extreme_2059,Kolkata,ssp585,mid_2050s,heatwave_extreme,2059,16704,1,0.5156648614998398,0.5166826254127477,0.1807761723905223,0.3600358679307202,40.52921455938697,21.635536398467433,0.0,0.0,50.49090038314177,0.0,0.0,8434
kolkata_ssp585_mid_2050s_hot_2059,Kolkata,ssp585,mid_2050s,hot,2059,16704,1,0.5156648614998398,0.5166826254127477,0.1807761723905223,0.3600358679307202,40.52921455938697,21.635536398467433,0.0,0.0,50.49090038314177,0.0,0.0,8434
kolkata_ssp585_mid_2050s_typical_2057,Kolkata,ssp585,mid_2050s,typical,2057,16704,1,0.2871001703207852,0.2901098841917449,0.1151609524872395,0.32206893296855094,14.76293103448276,42.1036877394636,0.0,0.0,21.168582375478927,0.0,0.0,3536
kolkata_ssp585_near_2030s_heatwave_extreme_2032,Kolkata,ssp585,near_2030s,heatwave_extreme,2032,16704,1,0.2089817215912075,0.21523391951632603,0.09539138669437582,0.24822047721219115,8.494971264367816,52.975335249042146,0.0,0.0,14.691091954022989,0.0,0.0,2454
kolkata_ssp585_near_2030s_hot_2030,Kolkata,ssp585,near_2030s,hot,2030,16704,1,0.2596643460412016,0.26357414467879214,0.10649069695316833,0.27019060749327845,11.332614942528735,41.3852969348659,0.0,0.0,19.10919540229885,0.0,0.0,3192
kolkata_ssp585_near_2030s_typical_2038,Kolkata,ssp585,near_2030s,typical,2038,16704,1,0.21175645261374623,0.21778593625866036,0.09543846322827865,0.24539946660987677,7.579022988505748,53.01724137931034,0.0,0.0,13.068726053639848,0.0,0.0,2183
phoenix_ssp245_baseline_2020s_heatwave_extreme_2025,Phoenix,ssp245,baseline_2020s,heatwave_extreme,2025,16704,1,0.24000500204817243,0.24857053879280902,0.10990964071429286,0.20690207010244538,5.531609195402299,28.81345785440613,0.0,0.0,14.427681992337165,0.0,0.0,2410
phoenix_ssp245_baseline_2020s_hot_2028,Phoenix,ssp245,baseline_2020s,hot,2028,16704,1,0.24935544453829284,0.25516442543881723,0.11151781169516518,0.23180092988936585,7.165948275862069,28.029214559386972,0.0,0.0,14.385775862068966,0.0,0.0,2403
phoenix_ssp245_baseline_2020s_typical_2026,Phoenix,ssp245,baseline_2020s,typical,2026,16704,1,0.24275553727704333,0.2494068503799276,0.10780942192237235,0.1973682429494462,4.837164750957855,28.502155172413797,0.0,0.0,13.18845785440613,0.0,0.0,2203
phoenix_ssp245_late_2080s_heatwave_extreme_2086,Phoenix,ssp245,late_2080s,heatwave_extreme,2086,16704,1,0.3252167256779239,0.3330310446000101,0.1390535509467143,0.34718784296794897,16.445162835249043,24.592911877394634,0.0,0.0,25.532806513409962,0.0,0.0,4265
phoenix_ssp245_late_2080s_hot_2086,Phoenix,ssp245,late_2080s,hot,2086,16704,1,0.3252167256779239,0.3330310446000101,0.1390535509467143,0.34718784296794897,16.445162835249043,24.592911877394634,0.0,0.0,25.532806513409962,0.0,0.0,4265
phoenix_ssp245_late_2080s_typical_2081,Phoenix,ssp245,late_2080s,typical,2081,16704,1,0.29516032319058133,0.30267817963390575,0.12883236701668163,0.3348054757183139,13.20043103448276,28.065134099616856,0.0,0.0,20.090996168582375,0.0,0.0,3356
phoenix_ssp245_mid_2050s_heatwave_extreme_2051,Phoenix,ssp245,mid_2050s,heatwave_extreme,2051,16704,1,0.29389096834004774,0.3018462859544318,0.1280117336356327,0.3290143995967186,13.056752873563218,26.239224137931032,0.0,0.0,20.516044061302683,0.0,0.0,3427
phoenix_ssp245_mid_2050s_hot_2058,Phoenix,ssp245,mid_2050s,hot,2058,16704,1,0.3222220052495617,0.3276843924881913,0.13393213985107746,0.32135249369171903,15.56513409961686,20.288553639846743,0.0,0.0,24.467193486590038,0.0,0.0,4087
phoenix_ssp245_mid_2050s_typical_2054,Phoenix,ssp245,mid_2050s,typical,2054,16704,1,0.2809870775196284,0.2896348089232562,0.12238273954206344,0.2820175423033977,10.482519157088124,24.81441570881226,0.0,0.0,18.612308429118773,0.0,0.0,3109
phoenix_ssp245_near_2030s_heatwave_extreme_2039,Phoenix,ssp245,near_2030s,heatwave_extreme,2039,16704,1,0.2905658351012327,0.30027601169304463,0.12749490490942533,0.2979011299932008,12.775383141762454,27.484434865900383,0.0,0.0,22.413793103448278,0.0,0.0,3744
phoenix_ssp245_near_2030s_hot_2039,Phoenix,ssp245,near_2030s,hot,2039,16704,1,0.2905658351012327,0.30027601169304463,0.12749490490942533,0.2979011299932008,12.775383141762454,27.484434865900383,0.0,0.0,22.413793103448278,0.0,0.0,3744
phoenix_ssp245_near_2030s_typical_2034,Phoenix,ssp245,near_2030s,typical,2034,16704,1,0.26564760640330676,0.2747024300988435,0.11681594962240954,0.24308173560010463,7.746647509578544,25.179597701149426,0.0,0.0,18.271072796934863,0.0,0.0,3052
phoenix_ssp585_baseline_2020s_heatwave_extreme_2025,Phoenix,ssp585,baseline_2020s,heatwave_extreme,2025,16704,1,0.26866304121416457,0.2772076541176704,0.12109538720737516,0.2787736063315166,10.512452107279694,29.07088122605364,0.0,0.0,19.15110153256705,0.0,0.0,3199
phoenix_ssp585_baseline_2020s_hot_2025,Phoenix,ssp585,baseline_2020s,hot,2025,16704,1,0.26866304121416457,0.2772076541176704,0.12109538720737516,0.2787736063315166,10.512452107279694,29.07088122605364,0.0,0.0,19.15110153256705,0.0,0.0,3199
phoenix_ssp585_baseline_2020s_typical_2029,Phoenix,ssp585,baseline_2020s,typical,2029,16704,1,0.26993285734021577,0.27762554546099044,0.11872709347755517,0.2693527182377858,9.66235632183908,27.819683908045977,0.0,0.0,18.23515325670498,0.0,0.0,3046
phoenix_ssp585_late_2080s_heatwave_extreme_2085,Phoenix,ssp585,late_2080s,heatwave_extreme,2085,16704,1,0.3998270299529345,0.4079799660711465,0.16731155459388472,0.44249001443497854,25.85009578544061,22.413793103448278,0.0,0.0,31.47749042145594,0.0,0.0,5258
phoenix_ssp585_late_2080s_hot_2089,Phoenix,ssp585,late_2080s,hot,2089,16704,1,0.4516200415123974,0.45678066077901064,0.1815785997567599,0.48701288709531787,29.663553639846747,21.8330938697318,0.0,0.0,33.55483716475096,0.0,0.0,5605
phoenix_ssp585_late_2080s_typical_2081,Phoenix,ssp585,late_2080s,typical,2081,16704,1,0.38570583559229193,0.3900828559226917,0.15720860816696425,0.4079206543703444,23.581178160919542,20.390325670498086,0.0,0.0,30.549568965517242,0.0,0.0,5103
phoenix_ssp585_mid_2050s_heatwave_extreme_2057,Phoenix,ssp585,mid_2050s,heatwave_extreme,2057,16704,1,0.29458278407012906,0.30510808331548245,0.13098542573638441,0.3304473823986818,14.086446360153257,27.244971264367816,0.0,0.0,21.863026819923373,0.0,0.0,3652
phoenix_ssp585_mid_2050s_hot_2057,Phoenix,ssp585,mid_2050s,hot,2057,16704,1,0.29458278407012906,0.30510808331548245,0.13098542573638441,0.3304473823986818,14.086446360153257,27.244971264367816,0.0,0.0,21.863026819923373,0.0,0.0,3652
phoenix_ssp585_mid_2050s_typical_2050,Phoenix,ssp585,mid_2050s,typical,2050,16704,1,0.3057405945166784,0.3133168338728615,0.13105905701116422,0.35483744742478907,14.661159003831417,24.646791187739463,0.0,0.0,20.701628352490424,0.0,0.0,3458
phoenix_ssp585_near_2030s_heatwave_extreme_2033,Phoenix,ssp585,near_2030s,heatwave_extreme,2033,16704,1,0.2866862069998885,0.2955305122658668,0.12746434725017383,0.31047690215335727,11.799568965517242,27.77777777777778,0.0,0.0,20.58189655172414,0.0,0.0,3438
phoenix_ssp585_near_2030s_hot_2033,Phoenix,ssp585,near_2030s,hot,2033,16704,1,0.2866862069998885,0.2955305122658668,0.12746434725017383,0.31047690215335727,11.799568965517242,27.77777777777778,0.0,0.0,20.58189655172414,0.0,0.0,3438
phoenix_ssp585_near_2030s_typical_2034,Phoenix,ssp585,near_2030s,typical,2034,16704,1,0.2576104736645781,0.26814688381121154,0.11675926213766584,0.2462491934855839,8.31537356321839,28.39439655172414,0.0,0.0,17.81609195402299,0.0,0.0,2976
