weather,city,scenario,time_slice,severity,weather_year,trace_path,file_bytes,file_mtime_ns,analysis_state_sha256,occupied_steps,reused_previous_state_inference,corrected_zone_npz,corrected_zone_npz_sha256
ahmedabad_ssp245_baseline_2020s_heatwave_extreme_2029,Ahmedabad,ssp245,baseline_2020s,heatwave_extreme,2029,checksum-only://simulation_traces/ahmedabad_ssp245_baseline_2020s_heatwave_extreme_2029_diagnostic_reference.csv,70438382,1781602368380151712,9436ee906dedc67f3c2b0e60fbc76f5c6f16b1a1019219ff5a71bc232e1f45b8,16704,False,checksum-only://corrected_zone_npz/9436ee906dedc67f3c2b0e60fbc76f5c6f16b1a1019219ff5a71bc232e1f45b8.npz,0cf67037a4b42ef8456615c69e0df2aa1c9b8229da54eb27c094e5c99e31ebbb
ahmedabad_ssp245_baseline_2020s_hot_2029,Ahmedabad,ssp245,baseline_2020s,hot,2029,checksum-only://simulation_traces/ahmedabad_ssp245_baseline_2020s_hot_2029_diagnostic_reference.csv,69982862,1781602426224107696,9436ee906dedc67f3c2b0e60fbc76f5c6f16b1a1019219ff5a71bc232e1f45b8,16704,True,checksum-only://corrected_zone_npz/9436ee906dedc67f3c2b0e60fbc76f5c6f16b1a1019219ff5a71bc232e1f45b8.npz,0cf67037a4b42ef8456615c69e0df2aa1c9b8229da54eb27c094e5c99e31ebbb
ahmedabad_ssp245_baseline_2020s_typical_2025,Ahmedabad,ssp245,baseline_2020s,typical,2025,checksum-only://simulation_traces/ahmedabad_ssp245_baseline_2020s_typical_2025_diagnostic_reference.csv,70209708,1781602487183336718,230f4d3a6394e63152852cb7bb21641d03e0d52a1c8304ce6b3cf4bed5a3c611,16704,False,checksum-only://corrected_zone_npz/230f4d3a6394e63152852cb7bb21641d03e0d52a1c8304ce6b3cf4bed5a3c611.npz,b645bca5459247244c292898204a934b75d5f3b6f6a91660cb8a015febe367fa
ahmedabad_ssp245_late_2080s_heatwave_extreme_2081,Ahmedabad,ssp245,late_2080s,heatwave_extreme,2081,checksum-only://simulation_traces/ahmedabad_ssp245_late_2080s_heatwave_extreme_2081_diagnostic_reference.csv,70300414,1781602546130400455,938bd161cc876d9d0cb1f0b68ebf0355715c8cde89fca9074f2743aecf88c3da,16704,False,checksum-only://corrected_zone_npz/938bd161cc876d9d0cb1f0b68ebf0355715c8cde89fca9074f2743aecf88c3da.npz,2b1bf7ff7c628aa9e67a1e42d0dd2f1be215c15d62eb222f8dd1375e9f54c62a
ahmedabad_ssp245_late_2080s_hot_2081,Ahmedabad,ssp245,late_2080s,hot,2081,checksum-only://simulation_traces/ahmedabad_ssp245_late_2080s_hot_2081_diagnostic_reference.csv,69844894,1781602605928249799,938bd161cc876d9d0cb1f0b68ebf0355715c8cde89fca9074f2743aecf88c3da,16704,True,checksum-only://corrected_zone_npz/938bd161cc876d9d0cb1f0b68ebf0355715c8cde89fca9074f2743aecf88c3da.npz,2b1bf7ff7c628aa9e67a1e42d0dd2f1be215c15d62eb222f8dd1375e9f54c62a
ahmedabad_ssp245_late_2080s_typical_2086,Ahmedabad,ssp245,late_2080s,typical,2086,checksum-only://simulation_traces/ahmedabad_ssp245_late_2080s_typical_2086_diagnostic_reference.csv,70053408,1781602665177356202,684693e80f1e7728fba0439ed5181649bf62b91ae747fb1c452c76be2c2cb689,16704,False,checksum-only://corrected_zone_npz/684693e80f1e7728fba0439ed5181649bf62b91ae747fb1c452c76be2c2cb689.npz,91d62ffd987232ad36d54234218c9ac6cdb3ddb4d6fa75475b06d99e9d11195e
ahmedabad_ssp245_mid_2050s_heatwave_extreme_2059,Ahmedabad,ssp245,mid_2050s,heatwave_extreme,2059,checksum-only://simulation_traces/ahmedabad_ssp245_mid_2050s_heatwave_extreme_2059_diagnostic_reference.csv,70290436,1781602724222723771,fb6d6335ff6678fe333abc3a6e5c05bff8b29b7c81c3f92a26cfe467e02670e3,16704,False,checksum-only://corrected_zone_npz/fb6d6335ff6678fe333abc3a6e5c05bff8b29b7c81c3f92a26cfe467e02670e3.npz,3f3ff89abf5b06d21a69565d0c98b8457fc991006512d8e4d0fc096212487cb5
ahmedabad_ssp245_mid_2050s_hot_2059,Ahmedabad,ssp245,mid_2050s,hot,2059,checksum-only://simulation_traces/ahmedabad_ssp245_mid_2050s_hot_2059_diagnostic_reference.csv,69834916,1781602783049984688,fb6d6335ff6678fe333abc3a6e5c05bff8b29b7c81c3f92a26cfe467e02670e3,16704,True,checksum-only://corrected_zone_npz/fb6d6335ff6678fe333abc3a6e5c05bff8b29b7c81c3f92a26cfe467e02670e3.npz,3f3ff89abf5b06d21a69565d0c98b8457fc991006512d8e4d0fc096212487cb5
ahmedabad_ssp245_mid_2050s_typical_2058,Ahmedabad,ssp245,mid_2050s,typical,2058,checksum-only://simulation_traces/ahmedabad_ssp245_mid_2050s_typical_2058_diagnostic_reference.csv,70023433,1781602842489967832,14764b81667bcb7b4cfa1d3386da1ab8feb0fde78546892e0da8f8bcc130f59c,16704,False,checksum-only://corrected_zone_npz/14764b81667bcb7b4cfa1d3386da1ab8feb0fde78546892e0da8f8bcc130f59c.npz,79e62b65e423dc77e36104158e7c9f5f6d233f2328fd2bdf490078c2a25b0465
ahmedabad_ssp245_near_2030s_heatwave_extreme_2034,Ahmedabad,ssp245,near_2030s,heatwave_extreme,2034,checksum-only://simulation_traces/ahmedabad_ssp245_near_2030s_heatwave_extreme_2034_diagnostic_reference.csv,70362267,1781602901478794883,6efe6eca3f3ac504d6d33de946f3048d2957eede94e1946fd3c3e7be4c65a86d,16704,False,checksum-only://corrected_zone_npz/6efe6eca3f3ac504d6d33de946f3048d2957eede94e1946fd3c3e7be4c65a86d.npz,8a8bbeef96011cb990f79cf09d3fd662a1e32f524f3e6839c898aaa000a309d2
ahmedabad_ssp245_near_2030s_hot_2034,Ahmedabad,ssp245,near_2030s,hot,2034,checksum-only://simulation_traces/ahmedabad_ssp245_near_2030s_hot_2034_diagnostic_reference.csv,69906747,1781602959676446380,6efe6eca3f3ac504d6d33de946f3048d2957eede94e1946fd3c3e7be4c65a86d,16704,True,checksum-only://corrected_zone_npz/6efe6eca3f3ac504d6d33de946f3048d2957eede94e1946fd3c3e7be4c65a86d.npz,8a8bbeef96011cb990f79cf09d3fd662a1e32f524f3e6839c898aaa000a309d2
ahmedabad_ssp245_near_2030s_typical_2032,Ahmedabad,ssp245,near_2030s,typical,2032,checksum-only://simulation_traces/ahmedabad_ssp245_near_2030s_typical_2032_diagnostic_reference.csv,70072912,1781603018544392093,cfb16e95b84f46ca8126be0b92e7563c97a93a373a228d3388dc116b98f75b9f,16704,False,checksum-only://corrected_zone_npz/cfb16e95b84f46ca8126be0b92e7563c97a93a373a228d3388dc116b98f75b9f.npz,d21a9fd139556724a3b7a73cfa0ce5ad21db0a08a1814ed66066cc0bded29cfb
ahmedabad_ssp585_baseline_2020s_heatwave_extreme_2027,Ahmedabad,ssp585,baseline_2020s,heatwave_extreme,2027,checksum-only://simulation_traces/ahmedabad_ssp585_baseline_2020s_heatwave_extreme_2027_diagnostic_reference.csv,70403914,1781603076265194022,83eb83d36bde149a73f0e4b476be97c2571af1f88ae362f827add814d1fa0573,16704,False,checksum-only://corrected_zone_npz/83eb83d36bde149a73f0e4b476be97c2571af1f88ae362f827add814d1fa0573.npz,b4a7a6a35fed7032804c689dbfe14da00e3bf1923c39d759204a0a1f458bd4b1
ahmedabad_ssp585_baseline_2020s_hot_2027,Ahmedabad,ssp585,baseline_2020s,hot,2027,checksum-only://simulation_traces/ahmedabad_ssp585_baseline_2020s_hot_2027_diagnostic_reference.csv,69948394,1781603134065980309,83eb83d36bde149a73f0e4b476be97c2571af1f88ae362f827add814d1fa0573,16704,True,checksum-only://corrected_zone_npz/83eb83d36bde149a73f0e4b476be97c2571af1f88ae362f827add814d1fa0573.npz,b4a7a6a35fed7032804c689dbfe14da00e3bf1923c39d759204a0a1f458bd4b1
ahmedabad_ssp585_baseline_2020s_typical_2025,Ahmedabad,ssp585,baseline_2020s,typical,2025,checksum-only://simulation_traces/ahmedabad_ssp585_baseline_2020s_typical_2025_diagnostic_reference.csv,70220033,1781603192236735674,f513690e57359d0b270e71b27386db42c7255f624bce2eeea381419bfe19e4db,16704,False,checksum-only://corrected_zone_npz/f513690e57359d0b270e71b27386db42c7255f624bce2eeea381419bfe19e4db.npz,0299733b709e52a53b485326bafdade2fccbd5883dd3bfa3879c97e10158542e
ahmedabad_ssp585_late_2080s_heatwave_extreme_2088,Ahmedabad,ssp585,late_2080s,heatwave_extreme,2088,checksum-only://simulation_traces/ahmedabad_ssp585_late_2080s_heatwave_extreme_2088_diagnostic_reference.csv,70263944,1781603250190085870,3fd68b62d6bfcf8503b28b2b0fd3b2395cfac091b12d6381de4bd04f1e914a26,16704,False,checksum-only://corrected_zone_npz/3fd68b62d6bfcf8503b28b2b0fd3b2395cfac091b12d6381de4bd04f1e914a26.npz,74aacc336381e94740dc20088edecce5ec6c5bb57287ae51def3f543082fe95f
ahmedabad_ssp585_late_2080s_hot_2088,Ahmedabad,ssp585,late_2080s,hot,2088,checksum-only://simulation_traces/ahmedabad_ssp585_late_2080s_hot_2088_diagnostic_reference.csv,69808424,1781603308149753203,3fd68b62d6bfcf8503b28b2b0fd3b2395cfac091b12d6381de4bd04f1e914a26,16704,True,checksum-only://corrected_zone_npz/3fd68b62d6bfcf8503b28b2b0fd3b2395cfac091b12d6381de4bd04f1e914a26.npz,74aacc336381e94740dc20088edecce5ec6c5bb57287ae51def3f543082fe95f
ahmedabad_ssp585_late_2080s_typical_2087,Ahmedabad,ssp585,late_2080s,typical,2087,checksum-only://simulation_traces/ahmedabad_ssp585_late_2080s_typical_2087_diagnostic_reference.csv,70022738,1781603366283908365,f0343596362a2e7923658e0e721f851162aae15f56f059752eb96bf73f6ffa54,16704,False,checksum-only://corrected_zone_npz/f0343596362a2e7923658e0e721f851162aae15f56f059752eb96bf73f6ffa54.npz,c12a20df38b7aaff055dac119e48a0c01a9e90421fb55da60e7af87c84a9ae8d
ahmedabad_ssp585_mid_2050s_heatwave_extreme_2051,Ahmedabad,ssp585,mid_2050s,heatwave_extreme,2051,checksum-only://simulation_traces/ahmedabad_ssp585_mid_2050s_heatwave_extreme_2051_diagnostic_reference.csv,70273334,1781603424140768396,dbbe5f0ba62c446cf425567226cf5cd7ee19febc10f2152e48063a50b82495a7,16704,False,checksum-only://corrected_zone_npz/dbbe5f0ba62c446cf425567226cf5cd7ee19febc10f2152e48063a50b82495a7.npz,3fcc61d804f9708a94d4bf07987cfc755016696a6f27c92b425c5c43a1a6e6e3
ahmedabad_ssp585_mid_2050s_hot_2050,Ahmedabad,ssp585,mid_2050s,hot,2050,checksum-only://simulation_traces/ahmedabad_ssp585_mid_2050s_hot_2050_diagnostic_reference.csv,69831405,1781603482764739728,4dce1d20cdd882a0cd2cdf2b025f9695dabcf61cb26e754bf6fa79422ecef01d,16704,False,checksum-only://corrected_zone_npz/4dce1d20cdd882a0cd2cdf2b025f9695dabcf61cb26e754bf6fa79422ecef01d.npz,40631ca057ba7f1c21461c2f4c848a619e3729bea16e064bc90a09e24f337356
ahmedabad_ssp585_mid_2050s_typical_2055,Ahmedabad,ssp585,mid_2050s,typical,2055,checksum-only://simulation_traces/ahmedabad_ssp585_mid_2050s_typical_2055_diagnostic_reference.csv,70079129,1781603541067113124,6dbebbcb2b5f7d9f293064c11e6eb2f025e97ea293d30fa4e42fec0a1d4a749c,16704,False,checksum-only://corrected_zone_npz/6dbebbcb2b5f7d9f293064c11e6eb2f025e97ea293d30fa4e42fec0a1d4a749c.npz,62e03cd8f10666c9e729897d23bff09fc0ae4f95e6cfd3673af39cda35740b5b
ahmedabad_ssp585_near_2030s_heatwave_extreme_2037,Ahmedabad,ssp585,near_2030s,heatwave_extreme,2037,checksum-only://simulation_traces/ahmedabad_ssp585_near_2030s_heatwave_extreme_2037_diagnostic_reference.csv,70356102,1781603599540337968,468b3e53a7f6a6177a4fa444d418ec938c50b48d71f0566cd58a3900cf0619e1,16704,False,checksum-only://corrected_zone_npz/468b3e53a7f6a6177a4fa444d418ec938c50b48d71f0566cd58a3900cf0619e1.npz,3f728a8297a9c18ccbbd71aecdc2bdf2752f41df0dcdabdea3d4bc67bdbd3bb7
ahmedabad_ssp585_near_2030s_hot_2037,Ahmedabad,ssp585,near_2030s,hot,2037,checksum-only://simulation_traces/ahmedabad_ssp585_near_2030s_hot_2037_diagnostic_reference.csv,69900582,1781603657987645962,468b3e53a7f6a6177a4fa444d418ec938c50b48d71f0566cd58a3900cf0619e1,16704,True,checksum-only://corrected_zone_npz/468b3e53a7f6a6177a4fa444d418ec938c50b48d71f0566cd58a3900cf0619e1.npz,3f728a8297a9c18ccbbd71aecdc2bdf2752f41df0dcdabdea3d4bc67bdbd3bb7
ahmedabad_ssp585_near_2030s_typical_2031,Ahmedabad,ssp585,near_2030s,typical,2031,checksum-only://simulation_traces/ahmedabad_ssp585_near_2030s_typical_2031_diagnostic_reference.csv,70050997,1781603716446638270,0a6fae5b8c3feb580e078949424689e87e4b5cd03cf31a91e41a0ab2ddd61e09,16704,False,checksum-only://corrected_zone_npz/0a6fae5b8c3feb580e078949424689e87e4b5cd03cf31a91e41a0ab2ddd61e09.npz,b747f4ecff388e8d3c83291a045acfb6f5cff99d5a002c8f822a1cdf1cbd06c2
beijing_ssp245_baseline_2020s_heatwave_extreme_2025,Beijing,ssp245,baseline_2020s,heatwave_extreme,2025,checksum-only://simulation_traces/beijing_ssp245_baseline_2020s_heatwave_extreme_2025_diagnostic_reference.csv,70779205,1781603774051993149,f41638845eb57abe1b03f2c9249b7264602f55f6ba371a3f2b4d46a7723fec53,16704,False,checksum-only://corrected_zone_npz/f41638845eb57abe1b03f2c9249b7264602f55f6ba371a3f2b4d46a7723fec53.npz,bd336199fbe43450c3d36491f9a0591f86695636629a309950e506f9a5749789
beijing_ssp245_baseline_2020s_hot_2025,Beijing,ssp245,baseline_2020s,hot,2025,checksum-only://simulation_traces/beijing_ssp245_baseline_2020s_hot_2025_diagnostic_reference.csv,70323685,1781603833912316994,f41638845eb57abe1b03f2c9249b7264602f55f6ba371a3f2b4d46a7723fec53,16704,True,checksum-only://corrected_zone_npz/f41638845eb57abe1b03f2c9249b7264602f55f6ba371a3f2b4d46a7723fec53.npz,bd336199fbe43450c3d36491f9a0591f86695636629a309950e506f9a5749789
beijing_ssp245_baseline_2020s_typical_2026,Beijing,ssp245,baseline_2020s,typical,2026,checksum-only://simulation_traces/beijing_ssp245_baseline_2020s_typical_2026_diagnostic_reference.csv,70560096,1781603893044887190,54cffa022e03e1253d0a64acfde9cb2ad01163e0a6efbb9a5a4b071dd9ec70d6,16704,False,checksum-only://corrected_zone_npz/54cffa022e03e1253d0a64acfde9cb2ad01163e0a6efbb9a5a4b071dd9ec70d6.npz,f4f2dc55028c054b674f1f1b8b986d01e9d7f43aba33d3a7a2c11d5d26ec91df
beijing_ssp245_late_2080s_heatwave_extreme_2084,Beijing,ssp245,late_2080s,heatwave_extreme,2084,checksum-only://simulation_traces/beijing_ssp245_late_2080s_heatwave_extreme_2084_diagnostic_reference.csv,70572137,1781603952087751443,55f30099243d212003ebe7a5c04fff9306df81159d60e512cd78ea7a2a5a6558,16704,False,checksum-only://corrected_zone_npz/55f30099243d212003ebe7a5c04fff9306df81159d60e512cd78ea7a2a5a6558.npz,0ee3109b2fc0793871ee84b87ee1845f3e0005e042a0c6c88b9af2ffa6dd26c3
beijing_ssp245_late_2080s_hot_2084,Beijing,ssp245,late_2080s,hot,2084,checksum-only://simulation_traces/beijing_ssp245_late_2080s_hot_2084_diagnostic_reference.csv,70116617,1781604010982504609,55f30099243d212003ebe7a5c04fff9306df81159d60e512cd78ea7a2a5a6558,16704,True,checksum-only://corrected_zone_npz/55f30099243d212003ebe7a5c04fff9306df81159d60e512cd78ea7a2a5a6558.npz,0ee3109b2fc0793871ee84b87ee1845f3e0005e042a0c6c88b9af2ffa6dd26c3
beijing_ssp245_late_2080s_typical_2083,Beijing,ssp245,late_2080s,typical,2083,checksum-only://simulation_traces/beijing_ssp245_late_2080s_typical_2083_diagnostic_reference.csv,70292072,1781604071532882062,f5c8c4568aa865e644f6e3976364a74ea604558cc4b44d33ab5b322ba97ef3ec,16704,False,checksum-only://corrected_zone_npz/f5c8c4568aa865e644f6e3976364a74ea604558cc4b44d33ab5b322ba97ef3ec.npz,cfd2cc67dc0dab39f3f8109ce451548c8eb8260287ea3c65dd56f0daebc19189
beijing_ssp245_mid_2050s_heatwave_extreme_2050,Beijing,ssp245,mid_2050s,heatwave_extreme,2050,checksum-only://simulation_traces/beijing_ssp245_mid_2050s_heatwave_extreme_2050_diagnostic_reference.csv,70553609,1781604130664441305,b393995a38e165e399eee3579acd4bb70ad4eacaf3d784d63c4f12dd1252b11f,16704,False,checksum-only://corrected_zone_npz/b393995a38e165e399eee3579acd4bb70ad4eacaf3d784d63c4f12dd1252b11f.npz,acd633e178bffa9cbde3940b32f1f47eb63d5fd64330c96bd96257392cd5f40f
beijing_ssp245_mid_2050s_hot_2050,Beijing,ssp245,mid_2050s,hot,2050,checksum-only://simulation_traces/beijing_ssp245_mid_2050s_hot_2050_diagnostic_reference.csv,70098089,1781604189744829823,b393995a38e165e399eee3579acd4bb70ad4eacaf3d784d63c4f12dd1252b11f,16704,True,checksum-only://corrected_zone_npz/b393995a38e165e399eee3579acd4bb70ad4eacaf3d784d63c4f12dd1252b11f.npz,acd633e178bffa9cbde3940b32f1f47eb63d5fd64330c96bd96257392cd5f40f
beijing_ssp245_mid_2050s_typical_2056,Beijing,ssp245,mid_2050s,typical,2056,checksum-only://simulation_traces/beijing_ssp245_mid_2050s_typical_2056_diagnostic_reference.csv,70325845,1781604249047661205,2cb806956e74805c11ec3ff09283a73fe7afa607e7976ec3036dd46a2fcd01a7,16704,False,checksum-only://corrected_zone_npz/2cb806956e74805c11ec3ff09283a73fe7afa607e7976ec3036dd46a2fcd01a7.npz,0e4b3299b7c126d2361f22be32c7529e644e54ae1d63a0e173cbce35d04b5e85
beijing_ssp245_near_2030s_heatwave_extreme_2039,Beijing,ssp245,near_2030s,heatwave_extreme,2039,checksum-only://simulation_traces/beijing_ssp245_near_2030s_heatwave_extreme_2039_diagnostic_reference.csv,70713152,1781604308418462859,d04f212755242b6a78c5565d142d684c87b263be6ce0094b814f2f49b68bc710,16704,False,checksum-only://corrected_zone_npz/d04f212755242b6a78c5565d142d684c87b263be6ce0094b814f2f49b68bc710.npz,8f359262a22bc06dc63eaca21e129f93074baeb73a97276a806d8e1e8a8779b3
beijing_ssp245_near_2030s_hot_2034,Beijing,ssp245,near_2030s,hot,2034,checksum-only://simulation_traces/beijing_ssp245_near_2030s_hot_2034_diagnostic_reference.csv,70222142,1781604369081849682,ad1141d1413227533fd44aa8c3312c7131ff62d58571a016015c68c60950b7c3,16704,False,checksum-only://corrected_zone_npz/ad1141d1413227533fd44aa8c3312c7131ff62d58571a016015c68c60950b7c3.npz,2a63e1fc7feb041ce8e59cfe5bc7c93ad7f88944da1d32f7ae1b04a74cf26af7
beijing_ssp245_near_2030s_typical_2035,Beijing,ssp245,near_2030s,typical,2035,checksum-only://simulation_traces/beijing_ssp245_near_2030s_typical_2035_diagnostic_reference.csv,70331384,1781604429961177741,8fe7934ec102258594e94bbfefff8d5650e9cdf066a9477a48575c1097b36bcb,16704,False,checksum-only://corrected_zone_npz/8fe7934ec102258594e94bbfefff8d5650e9cdf066a9477a48575c1097b36bcb.npz,964863bd45f693ab4af8e3d644fd0a9ecc52b3d1b0a0f48c7bc63401c7b7fb36
beijing_ssp585_baseline_2020s_heatwave_extreme_2029,Beijing,ssp585,baseline_2020s,heatwave_extreme,2029,checksum-only://simulation_traces/beijing_ssp585_baseline_2020s_heatwave_extreme_2029_diagnostic_reference.csv,70805525,1781604491164906364,58f8a9567baf58e59925e26cba77c89cb785f88a864fd780e00073be06b4adcc,16704,False,checksum-only://corrected_zone_npz/58f8a9567baf58e59925e26cba77c89cb785f88a864fd780e00073be06b4adcc.npz,33112268e71c5dd7b6a2b9b83f8559ad7306794958b5c62b440531af8506b9d3
beijing_ssp585_baseline_2020s_hot_2029,Beijing,ssp585,baseline_2020s,hot,2029,checksum-only://simulation_traces/beijing_ssp585_baseline_2020s_hot_2029_diagnostic_reference.csv,70350005,1781604550834724240,58f8a9567baf58e59925e26cba77c89cb785f88a864fd780e00073be06b4adcc,16704,True,checksum-only://corrected_zone_npz/58f8a9567baf58e59925e26cba77c89cb785f88a864fd780e00073be06b4adcc.npz,33112268e71c5dd7b6a2b9b83f8559ad7306794958b5c62b440531af8506b9d3
beijing_ssp585_baseline_2020s_typical_2026,Beijing,ssp585,baseline_2020s,typical,2026,checksum-only://simulation_traces/beijing_ssp585_baseline_2020s_typical_2026_diagnostic_reference.csv,70566400,1781604611396786628,0939cce69c6d5b0d4971a5b6657ac75d6d882f002b8629dd389b7b59b340db93,16704,False,checksum-only://corrected_zone_npz/0939cce69c6d5b0d4971a5b6657ac75d6d882f002b8629dd389b7b59b340db93.npz,cbbfc570758d3b8bfeb7889a687841d936d791e11b021daf40a0d70543f0916b
beijing_ssp585_late_2080s_heatwave_extreme_2089,Beijing,ssp585,late_2080s,heatwave_extreme,2089,checksum-only://simulation_traces/beijing_ssp585_late_2080s_heatwave_extreme_2089_diagnostic_reference.csv,70540811,1781604670906547320,61a3c8e04f2499057d092e367281edcab4ae3400a9e703a52630fb76273f2fd6,16704,False,checksum-only://corrected_zone_npz/61a3c8e04f2499057d092e367281edcab4ae3400a9e703a52630fb76273f2fd6.npz,25a8a06e8767e185c68ab9242c66f4da23927ddf5be5fee646c432b84a029419
beijing_ssp585_late_2080s_hot_2089,Beijing,ssp585,late_2080s,hot,2089,checksum-only://simulation_traces/beijing_ssp585_late_2080s_hot_2089_diagnostic_reference.csv,70085291,1781604731132125389,61a3c8e04f2499057d092e367281edcab4ae3400a9e703a52630fb76273f2fd6,16704,True,checksum-only://corrected_zone_npz/61a3c8e04f2499057d092e367281edcab4ae3400a9e703a52630fb76273f2fd6.npz,25a8a06e8767e185c68ab9242c66f4da23927ddf5be5fee646c432b84a029419
beijing_ssp585_late_2080s_typical_2084,Beijing,ssp585,late_2080s,typical,2084,checksum-only://simulation_traces/beijing_ssp585_late_2080s_typical_2084_diagnostic_reference.csv,70235393,1781604791474543134,9c93ef095f0db77ee081e760098184fea71d19d2b1ef09aef7508e6103bde1d9,16704,False,checksum-only://corrected_zone_npz/9c93ef095f0db77ee081e760098184fea71d19d2b1ef09aef7508e6103bde1d9.npz,267b119bbcb8c872bcb5d2c53e4fa14dffd48f32c797ca813ad1fc933d9a43c8
beijing_ssp585_mid_2050s_heatwave_extreme_2052,Beijing,ssp585,mid_2050s,heatwave_extreme,2052,checksum-only://simulation_traces/beijing_ssp585_mid_2050s_heatwave_extreme_2052_diagnostic_reference.csv,70551126,1781604851464924659,204f80e6a8df47f44a0c247f08bceee9df2e50e5268535262466eb452e1e3d9e,16704,False,checksum-only://corrected_zone_npz/204f80e6a8df47f44a0c247f08bceee9df2e50e5268535262466eb452e1e3d9e.npz,81f2b63a0414e072ade33d2ac3441c789b30e5d6b2af86bfbd48bac1898fe24e
beijing_ssp585_mid_2050s_hot_2052,Beijing,ssp585,mid_2050s,hot,2052,checksum-only://simulation_traces/beijing_ssp585_mid_2050s_hot_2052_diagnostic_reference.csv,70095606,1781604911828522986,204f80e6a8df47f44a0c247f08bceee9df2e50e5268535262466eb452e1e3d9e,16704,True,checksum-only://corrected_zone_npz/204f80e6a8df47f44a0c247f08bceee9df2e50e5268535262466eb452e1e3d9e.npz,81f2b63a0414e072ade33d2ac3441c789b30e5d6b2af86bfbd48bac1898fe24e
beijing_ssp585_mid_2050s_typical_2053,Beijing,ssp585,mid_2050s,typical,2053,checksum-only://simulation_traces/beijing_ssp585_mid_2050s_typical_2053_diagnostic_reference.csv,70301317,1781604973668795868,0c7d7c60b501fa25cbf91227b2fdc9c621da5a5ee23fb8dd3b134f7056eefbc3,16704,False,checksum-only://corrected_zone_npz/0c7d7c60b501fa25cbf91227b2fdc9c621da5a5ee23fb8dd3b134f7056eefbc3.npz,a0915f78f7782d8edf3e4ae69dedde639bb2d1094734aa80f4cfe1c8e7f22102
beijing_ssp585_near_2030s_heatwave_extreme_2030,Beijing,ssp585,near_2030s,heatwave_extreme,2030,checksum-only://simulation_traces/beijing_ssp585_near_2030s_heatwave_extreme_2030_diagnostic_reference.csv,70649082,1781605033252287284,e36ac931bb17e3c18269c1148acb960f6fd0e2e89592aead766563921d6eaa53,16704,False,checksum-only://corrected_zone_npz/e36ac931bb17e3c18269c1148acb960f6fd0e2e89592aead766563921d6eaa53.npz,7b1c0ec02bd2c5ccb4eec3ae4fa6955c52b7ff8beb31264fa140deea4ade7ac5
beijing_ssp585_near_2030s_hot_2037,Beijing,ssp585,near_2030s,hot,2037,checksum-only://simulation_traces/beijing_ssp585_near_2030s_hot_2037_diagnostic_reference.csv,70164716,1781605092830255107,efcdb6ebcbd3e1d095186785e5688e0c61c84315b888e1b0409f46597f49bc70,16704,False,checksum-only://corrected_zone_npz/efcdb6ebcbd3e1d095186785e5688e0c61c84315b888e1b0409f46597f49bc70.npz,e7205d59d5d389741f4dfe6179129574cbad8da20a402b7209ee51b2719e1afe
beijing_ssp585_near_2030s_typical_2032,Beijing,ssp585,near_2030s,typical,2032,checksum-only://simulation_traces/beijing_ssp585_near_2030s_typical_2032_diagnostic_reference.csv,70344591,1781605151876305501,f28931732478f78b2961cf836058a68d97508d71445ae52a600249d93e66b240,16704,False,checksum-only://corrected_zone_npz/f28931732478f78b2961cf836058a68d97508d71445ae52a600249d93e66b240.npz,b3747614e7c7304bc9cc4c394524a6cfb43b98492cc371491a3d4ac29a96a98d
guangzhou_ssp245_baseline_2020s_heatwave_extreme_2028,Guangzhou,ssp245,baseline_2020s,heatwave_extreme,2028,checksum-only://simulation_traces/guangzhou_ssp245_baseline_2020s_heatwave_extreme_2028_diagnostic_reference.csv,70701698,1781605210812705196,9c553c0c0eb09f2143c1c94ed6604305f7782f6cad7710174ec18a6c25651446,16704,False,checksum-only://corrected_zone_npz/9c553c0c0eb09f2143c1c94ed6604305f7782f6cad7710174ec18a6c25651446.npz,1df5ebe9b9c4fcd12aa25706f0327fcc0787d38d5deca5f42b068bf01ecf2048
guangzhou_ssp245_baseline_2020s_hot_2027,Guangzhou,ssp245,baseline_2020s,hot,2027,checksum-only://simulation_traces/guangzhou_ssp245_baseline_2020s_hot_2027_diagnostic_reference.csv,70237312,1781605270264517080,99de4fae1e68e1e3c39f4d2ea5f8467499c115b8cf6e9645bcb957b4408a730d,16704,False,checksum-only://corrected_zone_npz/99de4fae1e68e1e3c39f4d2ea5f8467499c115b8cf6e9645bcb957b4408a730d.npz,8f34b34bbb8100c9421f3a2f8c86be83c785d3277e060a1b67f58b18937523e1
guangzhou_ssp245_baseline_2020s_typical_2025,Guangzhou,ssp245,baseline_2020s,typical,2025,checksum-only://simulation_traces/guangzhou_ssp245_baseline_2020s_typical_2025_diagnostic_reference.csv,70362528,1781605329447386851,2cd5200d476b5b5a613e84e866cda2cbcef1d13949a5ce85a2ec03d437970af0,16704,False,checksum-only://corrected_zone_npz/2cd5200d476b5b5a613e84e866cda2cbcef1d13949a5ce85a2ec03d437970af0.npz,4bb66e3d172339dcd38c85404eef7abe7bb3a846d7f2f32f7630e64abdcfe0f8
guangzhou_ssp245_late_2080s_heatwave_extreme_2088,Guangzhou,ssp245,late_2080s,heatwave_extreme,2088,checksum-only://simulation_traces/guangzhou_ssp245_late_2080s_heatwave_extreme_2088_diagnostic_reference.csv,70381015,1781605388419887545,ff1b7160ac7fec1df402839ac95fbcd585ec085df863f19f848a0fd6eda3678e,16704,False,checksum-only://corrected_zone_npz/ff1b7160ac7fec1df402839ac95fbcd585ec085df863f19f848a0fd6eda3678e.npz,2f97b92dda6eea17cd0dd87b554036e2d9cd1fdd0f02a61c869400cb2b9b3cea
guangzhou_ssp245_late_2080s_hot_2083,Guangzhou,ssp245,late_2080s,hot,2083,checksum-only://simulation_traces/guangzhou_ssp245_late_2080s_hot_2083_diagnostic_reference.csv,69930276,1781605447109800538,ea7e8ffffb5f046d4e4157ebb17450248249b2a3a65ad812f96f047eee2734db,16704,False,checksum-only://corrected_zone_npz/ea7e8ffffb5f046d4e4157ebb17450248249b2a3a65ad812f96f047eee2734db.npz,dfbf77d9f68d596207370158a5b44c8614ee8cdd0a522c9d3175be39d799f21a
guangzhou_ssp245_late_2080s_typical_2084,Guangzhou,ssp245,late_2080s,typical,2084,checksum-only://simulation_traces/guangzhou_ssp245_late_2080s_typical_2084_diagnostic_reference.csv,70164118,1781605505601616092,b4c4081e07459d2c526eaec675765586a4481bdfcaa3510b770e25bf55473d44,16704,False,checksum-only://corrected_zone_npz/b4c4081e07459d2c526eaec675765586a4481bdfcaa3510b770e25bf55473d44.npz,bcb249b739ede235a8c73eee4cf9aabd4fc02d716f88dd2fa006f92f295caed7
guangzhou_ssp245_mid_2050s_heatwave_extreme_2055,Guangzhou,ssp245,mid_2050s,heatwave_extreme,2055,checksum-only://simulation_traces/guangzhou_ssp245_mid_2050s_heatwave_extreme_2055_diagnostic_reference.csv,70413401,1781605564842037738,814dbb88edd6e8df74122c70abbba78bb29d71defd49b6d59b82388acdd6d516,16704,False,checksum-only://corrected_zone_npz/814dbb88edd6e8df74122c70abbba78bb29d71defd49b6d59b82388acdd6d516.npz,a1ae0ea1ecb39bb44ecb5a6d85f057911b86c6dd706a33d24e7b0847f82de18a
guangzhou_ssp245_mid_2050s_hot_2051,Guangzhou,ssp245,mid_2050s,hot,2051,checksum-only://simulation_traces/guangzhou_ssp245_mid_2050s_hot_2051_diagnostic_reference.csv,69986635,1781605625229429390,734e1a85d1bc907a2c1a472f8b4008c184d1e4b6233be292e45479a0c8a06b52,16704,False,checksum-only://corrected_zone_npz/734e1a85d1bc907a2c1a472f8b4008c184d1e4b6233be292e45479a0c8a06b52.npz,14199541e923c72779d958f8fea8f6821ce7da31b103d44140b90a00c4b770b8
guangzhou_ssp245_mid_2050s_typical_2054,Guangzhou,ssp245,mid_2050s,typical,2054,checksum-only://simulation_traces/guangzhou_ssp245_mid_2050s_typical_2054_diagnostic_reference.csv,70146646,1781605685682506095,8ff5ffceea572cd3eddb1b57a6867499ceb35c18760694510d7a2bc5438932b5,16704,False,checksum-only://corrected_zone_npz/8ff5ffceea572cd3eddb1b57a6867499ceb35c18760694510d7a2bc5438932b5.npz,fd9b5aed9d5251b852ee7dfaf2409a68d603bda46583e20204411a58eff94252
guangzhou_ssp245_near_2030s_heatwave_extreme_2034,Guangzhou,ssp245,near_2030s,heatwave_extreme,2034,checksum-only://simulation_traces/guangzhou_ssp245_near_2030s_heatwave_extreme_2034_diagnostic_reference.csv,70536515,1781605745527275559,8878132b585c77202c9ad0cef0f5d98b3ea8605fad648e67a69a137b51e4fa6c,16704,False,checksum-only://corrected_zone_npz/8878132b585c77202c9ad0cef0f5d98b3ea8605fad648e67a69a137b51e4fa6c.npz,d8d280d146efd5edf101f0dda75a46827eec66d3385ad51b18b462afc7e2b850
guangzhou_ssp245_near_2030s_hot_2038,Guangzhou,ssp245,near_2030s,hot,2038,checksum-only://simulation_traces/guangzhou_ssp245_near_2030s_hot_2038_diagnostic_reference.csv,70016100,1781605805249380559,5bdb46fa0b1a2034ca47effeb9c04bee5752b8bc75218e1219ee27a4785db683,16704,False,checksum-only://corrected_zone_npz/5bdb46fa0b1a2034ca47effeb9c04bee5752b8bc75218e1219ee27a4785db683.npz,ca9a9054d2345be183867596bc2092f6d5c58b451f6e0445e5a4cfe9c5d567b6
guangzhou_ssp245_near_2030s_typical_2031,Guangzhou,ssp245,near_2030s,typical,2031,checksum-only://simulation_traces/guangzhou_ssp245_near_2030s_typical_2031_diagnostic_reference.csv,70255412,1781605864880409087,4b8eaaf49e55af805cb15c622ff7ee932bf753ba56bcbf353ced197db6cc0186,16704,False,checksum-only://corrected_zone_npz/4b8eaaf49e55af805cb15c622ff7ee932bf753ba56bcbf353ced197db6cc0186.npz,56a63044d2657701d1bf95fadff7bcc6fd63860f6e9bbd4ebbf641c124f410be
guangzhou_ssp585_baseline_2020s_heatwave_extreme_2026,Guangzhou,ssp585,baseline_2020s,heatwave_extreme,2026,checksum-only://simulation_traces/guangzhou_ssp585_baseline_2020s_heatwave_extreme_2026_diagnostic_reference.csv,70667438,1781605924381194977,f79cde6490e472796c9f94a820bc3addd0cfcd0189aa8d6a7011295ca14ed164,16704,False,checksum-only://corrected_zone_npz/f79cde6490e472796c9f94a820bc3addd0cfcd0189aa8d6a7011295ca14ed164.npz,8355a912fabf79f8479cd00397f624f2f0d65c133e5b64fedff017c671e0632a
guangzhou_ssp585_baseline_2020s_hot_2028,Guangzhou,ssp585,baseline_2020s,hot,2028,checksum-only://simulation_traces/guangzhou_ssp585_baseline_2020s_hot_2028_diagnostic_reference.csv,70218574,1781605984233485407,03fc7a26479d5f883176694bb214b37f7910a1ae373e3737c2ba024246896975,16704,False,checksum-only://corrected_zone_npz/03fc7a26479d5f883176694bb214b37f7910a1ae373e3737c2ba024246896975.npz,6c28912f71316ef86c7a8e8b6c95c37c7a79954c48c1f72f7c2398289925fa53
guangzhou_ssp585_baseline_2020s_typical_2025,Guangzhou,ssp585,baseline_2020s,typical,2025,checksum-only://simulation_traces/guangzhou_ssp585_baseline_2020s_typical_2025_diagnostic_reference.csv,70391126,1781606044301449941,605b7f297317456119025d97f2317012fcdb0384c3a0d521acacd031bcda85b7,16704,False,checksum-only://corrected_zone_npz/605b7f297317456119025d97f2317012fcdb0384c3a0d521acacd031bcda85b7.npz,f365e6f42e04c275d0b608301eb0a3fc7e68d42355bc59990147efeea58ff75f
guangzhou_ssp585_late_2080s_heatwave_extreme_2086,Guangzhou,ssp585,late_2080s,heatwave_extreme,2086,checksum-only://simulation_traces/guangzhou_ssp585_late_2080s_heatwave_extreme_2086_diagnostic_reference.csv,70228768,1781606103892641011,313a0feb003c90b5a00ec6354356ea1890cf9ec43500ecfac0719f74b7d0b9be,16704,False,checksum-only://corrected_zone_npz/313a0feb003c90b5a00ec6354356ea1890cf9ec43500ecfac0719f74b7d0b9be.npz,7a13a7314e41695e8835288745e7e0bf1fb160afed0e2a14bf3ba77a8c1261a1
guangzhou_ssp585_late_2080s_hot_2086,Guangzhou,ssp585,late_2080s,hot,2086,checksum-only://simulation_traces/guangzhou_ssp585_late_2080s_hot_2086_diagnostic_reference.csv,69773248,1781606163403226870,313a0feb003c90b5a00ec6354356ea1890cf9ec43500ecfac0719f74b7d0b9be,16704,True,checksum-only://corrected_zone_npz/313a0feb003c90b5a00ec6354356ea1890cf9ec43500ecfac0719f74b7d0b9be.npz,7a13a7314e41695e8835288745e7e0bf1fb160afed0e2a14bf3ba77a8c1261a1
guangzhou_ssp585_late_2080s_typical_2087,Guangzhou,ssp585,late_2080s,typical,2087,checksum-only://simulation_traces/guangzhou_ssp585_late_2080s_typical_2087_diagnostic_reference.csv,69991966,1781606222942266051,4b2a940257667b0ecd917354226e45fde55e957c254dd59e3f220f3765daf614,16704,False,checksum-only://corrected_zone_npz/4b2a940257667b0ecd917354226e45fde55e957c254dd59e3f220f3765daf614.npz,0ed6b9dc3a835688ad601efffbbeadc63f25eb1fb09284193ad5fd6bc0d800c5
guangzhou_ssp585_mid_2050s_heatwave_extreme_2059,Guangzhou,ssp585,mid_2050s,heatwave_extreme,2059,checksum-only://simulation_traces/guangzhou_ssp585_mid_2050s_heatwave_extreme_2059_diagnostic_reference.csv,70379775,1781606281936639654,95be191c078c5d563953e053d8d123c8e9ee2dde0cbc497fa2da8ebc1a41d573,16704,False,checksum-only://corrected_zone_npz/95be191c078c5d563953e053d8d123c8e9ee2dde0cbc497fa2da8ebc1a41d573.npz,45d739f3a2299694fb8a0c037e45a68491012bc05dc09aab775b5c851873ead1
guangzhou_ssp585_mid_2050s_hot_2057,Guangzhou,ssp585,mid_2050s,hot,2057,checksum-only://simulation_traces/guangzhou_ssp585_mid_2050s_hot_2057_diagnostic_reference.csv,69952071,1781606340487457245,254f7d1de622747dbedf9c3fb6517ed1024f4fc1f3f69cddf681f9758e064c2b,16704,False,checksum-only://corrected_zone_npz/254f7d1de622747dbedf9c3fb6517ed1024f4fc1f3f69cddf681f9758e064c2b.npz,b2375fc020fb4c14450413f3788478756be1de3bda1df7021c92847028320d7c
guangzhou_ssp585_mid_2050s_typical_2050,Guangzhou,ssp585,mid_2050s,typical,2050,checksum-only://simulation_traces/guangzhou_ssp585_mid_2050s_typical_2050_diagnostic_reference.csv,70125032,1781606398849853845,c230f3f718999ad57b2d2016437262084710f839a769a26151502e1b52f0c2c3,16704,False,checksum-only://corrected_zone_npz/c230f3f718999ad57b2d2016437262084710f839a769a26151502e1b52f0c2c3.npz,cf68a8ac1369a3919e6880f9818b1ba488ff97d0e3116f8768466fa5b50b6815
guangzhou_ssp585_near_2030s_heatwave_extreme_2033,Guangzhou,ssp585,near_2030s,heatwave_extreme,2033,checksum-only://simulation_traces/guangzhou_ssp585_near_2030s_heatwave_extreme_2033_diagnostic_reference.csv,70506640,1781606457188036710,af9bf2f793d00dca36a271e21bfc405a982920d2dc893297255af9347cf0cd7b,16704,False,checksum-only://corrected_zone_npz/af9bf2f793d00dca36a271e21bfc405a982920d2dc893297255af9347cf0cd7b.npz,118625ea3b8a8dadfa688efb8ecd471ef88d2f0b760258e3c6d055131b027b32
guangzhou_ssp585_near_2030s_hot_2033,Guangzhou,ssp585,near_2030s,hot,2033,checksum-only://simulation_traces/guangzhou_ssp585_near_2030s_hot_2033_diagnostic_reference.csv,70051120,1781606515717482998,af9bf2f793d00dca36a271e21bfc405a982920d2dc893297255af9347cf0cd7b,16704,True,checksum-only://corrected_zone_npz/af9bf2f793d00dca36a271e21bfc405a982920d2dc893297255af9347cf0cd7b.npz,118625ea3b8a8dadfa688efb8ecd471ef88d2f0b760258e3c6d055131b027b32
guangzhou_ssp585_near_2030s_typical_2039,Guangzhou,ssp585,near_2030s,typical,2039,checksum-only://simulation_traces/guangzhou_ssp585_near_2030s_typical_2039_diagnostic_reference.csv,70217157,1781606574184045753,4950b4582b126b607bddff18c337fb971d50be3870ac3761c7362507c6c67f61,16704,False,checksum-only://corrected_zone_npz/4950b4582b126b607bddff18c337fb971d50be3870ac3761c7362507c6c67f61.npz,02e0e93f90039487a6b41069c93c210b378c0951bda71bbf570ee9c39364f734
houston_ssp245_baseline_2020s_heatwave_extreme_2026,Houston,ssp245,baseline_2020s,heatwave_extreme,2026,checksum-only://simulation_traces/houston_ssp245_baseline_2020s_heatwave_extreme_2026_diagnostic_reference.csv,70638772,1781606632586993912,a0092958bbba7621fc0a726c0115d447147ebb3d3e4444687414df702b0dc3eb,16704,False,checksum-only://corrected_zone_npz/a0092958bbba7621fc0a726c0115d447147ebb3d3e4444687414df702b0dc3eb.npz,c70718d296be23c4fce729f3af98e9df9fa359d0f8994e467f82e9b3a518960f
houston_ssp245_baseline_2020s_hot_2026,Houston,ssp245,baseline_2020s,hot,2026,checksum-only://simulation_traces/houston_ssp245_baseline_2020s_hot_2026_diagnostic_reference.csv,70183252,1781606690952308236,a0092958bbba7621fc0a726c0115d447147ebb3d3e4444687414df702b0dc3eb,16704,True,checksum-only://corrected_zone_npz/a0092958bbba7621fc0a726c0115d447147ebb3d3e4444687414df702b0dc3eb.npz,c70718d296be23c4fce729f3af98e9df9fa359d0f8994e467f82e9b3a518960f
houston_ssp245_baseline_2020s_typical_2027,Houston,ssp245,baseline_2020s,typical,2027,checksum-only://simulation_traces/houston_ssp245_baseline_2020s_typical_2027_diagnostic_reference.csv,70350265,1781606749174364287,edf1fabea3379e150c3998a611126278cfcbccb1a38707bac759487b2f3b1d00,16704,False,checksum-only://corrected_zone_npz/edf1fabea3379e150c3998a611126278cfcbccb1a38707bac759487b2f3b1d00.npz,512ff104f6a23ef194f8e957938b8c626388280a2d31d90d94c0ff6718bb48d5
houston_ssp245_late_2080s_heatwave_extreme_2081,Houston,ssp245,late_2080s,heatwave_extreme,2081,checksum-only://simulation_traces/houston_ssp245_late_2080s_heatwave_extreme_2081_diagnostic_reference.csv,70432640,1781606807541702833,c4d735e7ebe9319e93399e29711588aa545c0391f830bc973e4534fabef55876,16704,False,checksum-only://corrected_zone_npz/c4d735e7ebe9319e93399e29711588aa545c0391f830bc973e4534fabef55876.npz,6d0893b4296a990b8246289528b13a9089f8fd393164c621e5d79ce407bad2f5
houston_ssp245_late_2080s_hot_2085,Houston,ssp245,late_2080s,hot,2085,checksum-only://simulation_traces/houston_ssp245_late_2080s_hot_2085_diagnostic_reference.csv,69974916,1781606866044711898,7be7aecd5f4b67062dc2002d416b75365030696084ec4dcab73f8a46c0341c72,16704,False,checksum-only://corrected_zone_npz/7be7aecd5f4b67062dc2002d416b75365030696084ec4dcab73f8a46c0341c72.npz,4b57f39cd87c31d755fe4b4235e52b8fe407d02e7cf310ba65aeb9fa5b4f662d
houston_ssp245_late_2080s_typical_2086,Houston,ssp245,late_2080s,typical,2086,checksum-only://simulation_traces/houston_ssp245_late_2080s_typical_2086_diagnostic_reference.csv,70157118,1781606924709354773,0becd6ec4147d3c1382875a85dcc13af38c6280965385a327b27c6a1e550ba7c,16704,False,checksum-only://corrected_zone_npz/0becd6ec4147d3c1382875a85dcc13af38c6280965385a327b27c6a1e550ba7c.npz,fda7d1b9e9f79302801e1533ba62f084e7f60440dcc1a0897292c2cffcb6bcce
houston_ssp245_mid_2050s_heatwave_extreme_2058,Houston,ssp245,mid_2050s,heatwave_extreme,2058,checksum-only://simulation_traces/houston_ssp245_mid_2050s_heatwave_extreme_2058_diagnostic_reference.csv,70440905,1781606983212765578,ea3a0ba8cb1036c723c99fd1f46632265e8c29b78c3ede1b4745d4de7e2d9401,16704,False,checksum-only://corrected_zone_npz/ea3a0ba8cb1036c723c99fd1f46632265e8c29b78c3ede1b4745d4de7e2d9401.npz,fc3aceb6b369806935e8b5b66d5901e0b19c745fc7125ca7bcd0f4aca17bcafc
houston_ssp245_mid_2050s_hot_2056,Houston,ssp245,mid_2050s,hot,2056,checksum-only://simulation_traces/houston_ssp245_mid_2050s_hot_2056_diagnostic_reference.csv,69932987,1781607042106047235,5b1adc01d790d3cff03dd76d9bc2c017714bbd437ef442581b18c550c0a89630,16704,False,checksum-only://corrected_zone_npz/5b1adc01d790d3cff03dd76d9bc2c017714bbd437ef442581b18c550c0a89630.npz,46a51d90961618546e5d771f638d718b9d1d0aa87128f480699f2d3aa70eac9a
houston_ssp245_mid_2050s_typical_2052,Houston,ssp245,mid_2050s,typical,2052,checksum-only://simulation_traces/houston_ssp245_mid_2050s_typical_2052_diagnostic_reference.csv,70147717,1781607101250403887,27b9a0ab448fb7ceeb3325322f5c0decd349fc2cbcf908392ad8abf7238c2291,16704,False,checksum-only://corrected_zone_npz/27b9a0ab448fb7ceeb3325322f5c0decd349fc2cbcf908392ad8abf7238c2291.npz,5bd5a06632545d9d4af4fde79012d0ee6950c16570fcb5ae06fbf44a2c17f131
houston_ssp245_near_2030s_heatwave_extreme_2039,Houston,ssp245,near_2030s,heatwave_extreme,2039,checksum-only://simulation_traces/houston_ssp245_near_2030s_heatwave_extreme_2039_diagnostic_reference.csv,70472014,1781607159363675351,b0ad24d20ecfc428a317e77c652f59910cc0144ddf32d50945206ea8fe801632,16704,False,checksum-only://corrected_zone_npz/b0ad24d20ecfc428a317e77c652f59910cc0144ddf32d50945206ea8fe801632.npz,3c780ccf53f517f9952ca16ada9bdde8863ca35d29f4c53821e2e39099932f0e
houston_ssp245_near_2030s_hot_2038,Houston,ssp245,near_2030s,hot,2038,checksum-only://simulation_traces/houston_ssp245_near_2030s_hot_2038_diagnostic_reference.csv,69937600,1781607218134225571,6fbf1be7b195d5cfe7dc969cad1131a7bb3efd2dc840eb3d7d9690371fba3d48,16704,False,checksum-only://corrected_zone_npz/6fbf1be7b195d5cfe7dc969cad1131a7bb3efd2dc840eb3d7d9690371fba3d48.npz,d99d0b473263679abce4e744452278eca0bf34a7ed48e306b75654245a27a554
houston_ssp245_near_2030s_typical_2033,Houston,ssp245,near_2030s,typical,2033,checksum-only://simulation_traces/houston_ssp245_near_2030s_typical_2033_diagnostic_reference.csv,70199390,1781607276536304100,c35b6ef4a940e665534683731affbed1764921a7d9ddf1394fd62e2c1486b270,16704,False,checksum-only://corrected_zone_npz/c35b6ef4a940e665534683731affbed1764921a7d9ddf1394fd62e2c1486b270.npz,e00cc908e3b71b7a38091709c08cc7a666833cf329f3ab2882b65e7447a498cf
houston_ssp585_baseline_2020s_heatwave_extreme_2025,Houston,ssp585,baseline_2020s,heatwave_extreme,2025,checksum-only://simulation_traces/houston_ssp585_baseline_2020s_heatwave_extreme_2025_diagnostic_reference.csv,70644693,1781607335741687261,53fbfe963d868d13331fde11a084b2730398f466b26106db3097ab9685bccaa1,16704,False,checksum-only://corrected_zone_npz/53fbfe963d868d13331fde11a084b2730398f466b26106db3097ab9685bccaa1.npz,8757f118a64058e31fffb68e1c6cf810d7f6b1acf29113fc7741e8090df2f7e5
houston_ssp585_baseline_2020s_hot_2026,Houston,ssp585,baseline_2020s,hot,2026,checksum-only://simulation_traces/houston_ssp585_baseline_2020s_hot_2026_diagnostic_reference.csv,70192185,1781607395693368736,328d81cbee8e0a514dd69f7b33e99c77410e9e35647af85c5183ab9e3ca56fa9,16704,False,checksum-only://corrected_zone_npz/328d81cbee8e0a514dd69f7b33e99c77410e9e35647af85c5183ab9e3ca56fa9.npz,215ecbecddf870c05e840a75d25a70f996ef2abf46d78f43746f47df4d87344b
houston_ssp585_baseline_2020s_typical_2025,Houston,ssp585,baseline_2020s,typical,2025,checksum-only://simulation_traces/houston_ssp585_baseline_2020s_typical_2025_diagnostic_reference.csv,70329333,1781607454978375064,53fbfe963d868d13331fde11a084b2730398f466b26106db3097ab9685bccaa1,16704,False,checksum-only://corrected_zone_npz/53fbfe963d868d13331fde11a084b2730398f466b26106db3097ab9685bccaa1.npz,8757f118a64058e31fffb68e1c6cf810d7f6b1acf29113fc7741e8090df2f7e5
houston_ssp585_late_2080s_heatwave_extreme_2086,Houston,ssp585,late_2080s,heatwave_extreme,2086,checksum-only://simulation_traces/houston_ssp585_late_2080s_heatwave_extreme_2086_diagnostic_reference.csv,70327205,1781607514647876592,22f1a3d8323ed4683849ae397a730ef520c85fc4e803c0c252d171b7fa24dff6,16704,False,checksum-only://corrected_zone_npz/22f1a3d8323ed4683849ae397a730ef520c85fc4e803c0c252d171b7fa24dff6.npz,85b255771110bbb61cc64227191dcf21697c7d57403b498461e336370eb16d4c
houston_ssp585_late_2080s_hot_2080,Houston,ssp585,late_2080s,hot,2080,checksum-only://simulation_traces/houston_ssp585_late_2080s_hot_2080_diagnostic_reference.csv,69904840,1781607574680367174,9e0952d446a257fdf5f17e022b3a9c0717a89b2bf5991d6b5f36f3c338c0ba21,16704,False,checksum-only://corrected_zone_npz/9e0952d446a257fdf5f17e022b3a9c0717a89b2bf5991d6b5f36f3c338c0ba21.npz,4b3b79349b0cef4f7fcf62f0a9c56c5df834fcb514c6c6d4958a6b2e1a6c8e33
houston_ssp585_late_2080s_typical_2088,Houston,ssp585,late_2080s,typical,2088,checksum-only://simulation_traces/houston_ssp585_late_2080s_typical_2088_diagnostic_reference.csv,70027134,1781607634584489959,67f027cdc7d4015cd6bb7ed6ac4527a7daeca33aa8ac93454d11a4d6af143639,16704,False,checksum-only://corrected_zone_npz/67f027cdc7d4015cd6bb7ed6ac4527a7daeca33aa8ac93454d11a4d6af143639.npz,9a795285e5eda53aeef2f0813dffe6f9847f80909e2cbb16a7b4bc4a7ad2ccd9
houston_ssp585_mid_2050s_heatwave_extreme_2059,Houston,ssp585,mid_2050s,heatwave_extreme,2059,checksum-only://simulation_traces/houston_ssp585_mid_2050s_heatwave_extreme_2059_diagnostic_reference.csv,70412771,1781607694102699403,acd8b47b1f28991ce947464a7e067b5d5bf2e9bcb84473523242476a436dd105,16704,False,checksum-only://corrected_zone_npz/acd8b47b1f28991ce947464a7e067b5d5bf2e9bcb84473523242476a436dd105.npz,00405c7a9ca827460de06184249ad2daf0b29ca085fea29fcac079895f713aba
houston_ssp585_mid_2050s_hot_2058,Houston,ssp585,mid_2050s,hot,2058,checksum-only://simulation_traces/houston_ssp585_mid_2050s_hot_2058_diagnostic_reference.csv,69934134,1781607753682805489,44e90d9fca09bad28b3bef7af9b0023d0b1b7cdd2d4db19abe0517fcd22e9742,16704,False,checksum-only://corrected_zone_npz/44e90d9fca09bad28b3bef7af9b0023d0b1b7cdd2d4db19abe0517fcd22e9742.npz,cdc58a9b07d251f60d6e5f180f92f75c52574f868812942da9c1ce3753ca7672
houston_ssp585_mid_2050s_typical_2055,Houston,ssp585,mid_2050s,typical,2055,checksum-only://simulation_traces/houston_ssp585_mid_2050s_typical_2055_diagnostic_reference.csv,70103251,1781607813361181817,067ed726cd32b1dc593eb33d53f6ba27798862a5fd51f304c2f6015f6d559054,16704,False,checksum-only://corrected_zone_npz/067ed726cd32b1dc593eb33d53f6ba27798862a5fd51f304c2f6015f6d559054.npz,6a2822275768ea9d6008ac7072528f0c526d53ed80fb71729a07541ec6e906a4
houston_ssp585_near_2030s_heatwave_extreme_2037,Houston,ssp585,near_2030s,heatwave_extreme,2037,checksum-only://simulation_traces/houston_ssp585_near_2030s_heatwave_extreme_2037_diagnostic_reference.csv,70446787,1781607872696862866,109d4e4728a3e93da0367d2ac6147d94865e3a153a77241ee2208031c232ff0e,16704,False,checksum-only://corrected_zone_npz/109d4e4728a3e93da0367d2ac6147d94865e3a153a77241ee2208031c232ff0e.npz,bcf6be95e7d315d1e5022a1be9360d82300d64b6046225b6fbadb12691b49f76
houston_ssp585_near_2030s_hot_2035,Houston,ssp585,near_2030s,hot,2035,checksum-only://simulation_traces/houston_ssp585_near_2030s_hot_2035_diagnostic_reference.csv,69991681,1781607932358764202,898f8e3bcb5e21391dfc68cd6e889e20f8ca6d3d5cbc2ef7f9c154f142c3b95d,16704,False,checksum-only://corrected_zone_npz/898f8e3bcb5e21391dfc68cd6e889e20f8ca6d3d5cbc2ef7f9c154f142c3b95d.npz,8542736562a40b10cfc62a812c069e0dbc15a139a8eabcb5d2b34973e98b2c61
houston_ssp585_near_2030s_typical_2038,Houston,ssp585,near_2030s,typical,2038,checksum-only://simulation_traces/houston_ssp585_near_2030s_typical_2038_diagnostic_reference.csv,70193799,1781607992931676123,0a723a403629f779fbd853286da52b2f35d7d4590765a11e7bc2c7d9205bd794,16704,False,checksum-only://corrected_zone_npz/0a723a403629f779fbd853286da52b2f35d7d4590765a11e7bc2c7d9205bd794.npz,c2df90ee75d723a545d4c5ce0b18ac6fa8575801604aeb15e6baa4951f07524f
kolkata_ssp245_baseline_2020s_heatwave_extreme_2027,Kolkata,ssp245,baseline_2020s,heatwave_extreme,2027,checksum-only://simulation_traces/kolkata_ssp245_baseline_2020s_heatwave_extreme_2027_diagnostic_reference.csv,70399365,1781608051997710616,40ce2ea294097090c5c103ea92d7a994c1f3b236e047f5ca7013960a88ce921c,16704,False,checksum-only://corrected_zone_npz/40ce2ea294097090c5c103ea92d7a994c1f3b236e047f5ca7013960a88ce921c.npz,3489787897c4ca74e1e71805ddd43e20866cac1958110f260bfb671c262b1a41
kolkata_ssp245_baseline_2020s_hot_2028,Kolkata,ssp245,baseline_2020s,hot,2028,checksum-only://simulation_traces/kolkata_ssp245_baseline_2020s_hot_2028_diagnostic_reference.csv,70011265,1781608110703234719,f36f5db5e4cdaf6c8c09d5d4fbfe502579eed57babc6307a6874d7fd44925ba9,16704,False,checksum-only://corrected_zone_npz/f36f5db5e4cdaf6c8c09d5d4fbfe502579eed57babc6307a6874d7fd44925ba9.npz,11dc601f2e8f082f27dbe80ebab2288415767b9f3c09dc38ae3c2f7550b378cb
kolkata_ssp245_baseline_2020s_typical_2026,Kolkata,ssp245,baseline_2020s,typical,2026,checksum-only://simulation_traces/kolkata_ssp245_baseline_2020s_typical_2026_diagnostic_reference.csv,70185987,1781608169699717941,c6b6a51146ad3ba552b44aecc58d2466cd724d94e1a73547000f3f22fbebe472,16704,False,checksum-only://corrected_zone_npz/c6b6a51146ad3ba552b44aecc58d2466cd724d94e1a73547000f3f22fbebe472.npz,aece6e651be6635fe4e0d1e7659cdf102edf9a286c5fb0659ae6d6bee5c1d73b
kolkata_ssp245_late_2080s_heatwave_extreme_2086,Kolkata,ssp245,late_2080s,heatwave_extreme,2086,checksum-only://simulation_traces/kolkata_ssp245_late_2080s_heatwave_extreme_2086_diagnostic_reference.csv,70209384,1781608229257980944,2a449d6c0125872b95fe8bdf3c63e96a48ef055a21150a6da50b0c045833f1c0,16704,False,checksum-only://corrected_zone_npz/2a449d6c0125872b95fe8bdf3c63e96a48ef055a21150a6da50b0c045833f1c0.npz,d7e44dfecec4e6bc60fee8fc7a4e48f23753ef9be6905f99e1b65173f4f1b82f
kolkata_ssp245_late_2080s_hot_2087,Kolkata,ssp245,late_2080s,hot,2087,checksum-only://simulation_traces/kolkata_ssp245_late_2080s_hot_2087_diagnostic_reference.csv,69773030,1781608287993353693,b6e4b7c55cbfe727df0675916d6cc3853857dc1bb907a22e71780327924ee11d,16704,False,checksum-only://corrected_zone_npz/b6e4b7c55cbfe727df0675916d6cc3853857dc1bb907a22e71780327924ee11d.npz,f544674e21807b31176c14fdef7dcef24ea3440a8239df1c84690c0a6250629d
kolkata_ssp245_late_2080s_typical_2084,Kolkata,ssp245,late_2080s,typical,2084,checksum-only://simulation_traces/kolkata_ssp245_late_2080s_typical_2084_diagnostic_reference.csv,69945132,1781608346975437492,a3a2d6008cc10e005e7adbec5dead2fce5f4d1aa97cb61523b662ae2073a45a4,16704,False,checksum-only://corrected_zone_npz/a3a2d6008cc10e005e7adbec5dead2fce5f4d1aa97cb61523b662ae2073a45a4.npz,4dbafb3abb38ea78f7a515bef2b95ff32d4a698ea64c63feb105223281c9dcdc
kolkata_ssp245_mid_2050s_heatwave_extreme_2053,Kolkata,ssp245,mid_2050s,heatwave_extreme,2053,checksum-only://simulation_traces/kolkata_ssp245_mid_2050s_heatwave_extreme_2053_diagnostic_reference.csv,70233957,1781608408026053540,063aad9387e82a49bfdc232aea47e15772b749e4a5497fdfe5de5d4a1da52d0a,16704,False,checksum-only://corrected_zone_npz/063aad9387e82a49bfdc232aea47e15772b749e4a5497fdfe5de5d4a1da52d0a.npz,4f5c417928d7ce1afab17f11498fd7b8d6b252647311126b41f112da0d99cd7b
kolkata_ssp245_mid_2050s_hot_2053,Kolkata,ssp245,mid_2050s,hot,2053,checksum-only://simulation_traces/kolkata_ssp245_mid_2050s_hot_2053_diagnostic_reference.csv,69778437,1781608468228279588,063aad9387e82a49bfdc232aea47e15772b749e4a5497fdfe5de5d4a1da52d0a,16704,True,checksum-only://corrected_zone_npz/063aad9387e82a49bfdc232aea47e15772b749e4a5497fdfe5de5d4a1da52d0a.npz,4f5c417928d7ce1afab17f11498fd7b8d6b252647311126b41f112da0d99cd7b
kolkata_ssp245_mid_2050s_typical_2058,Kolkata,ssp245,mid_2050s,typical,2058,checksum-only://simulation_traces/kolkata_ssp245_mid_2050s_typical_2058_diagnostic_reference.csv,69983274,1781608528196356728,38a765392334814262b9f70662df3ffd26bc24b3f965862942c85f1c44c1c052,16704,False,checksum-only://corrected_zone_npz/38a765392334814262b9f70662df3ffd26bc24b3f965862942c85f1c44c1c052.npz,018e8143acf29d2e5616d7dd8f8da0a2284231d45177fe75b428488b6cdb5747
kolkata_ssp245_near_2030s_heatwave_extreme_2039,Kolkata,ssp245,near_2030s,heatwave_extreme,2039,checksum-only://simulation_traces/kolkata_ssp245_near_2030s_heatwave_extreme_2039_diagnostic_reference.csv,70356394,1781608588301804179,ec1efcc7c9955d7e6fa6fba780ac617804826782d74491f56dcd57c3460c7854,16704,False,checksum-only://corrected_zone_npz/ec1efcc7c9955d7e6fa6fba780ac617804826782d74491f56dcd57c3460c7854.npz,96c2c4f66c8859e6e633c89285ed026b4174f92dcc6ae8c9faa71ff8a781a135
kolkata_ssp245_near_2030s_hot_2031,Kolkata,ssp245,near_2030s,hot,2031,checksum-only://simulation_traces/kolkata_ssp245_near_2030s_hot_2031_diagnostic_reference.csv,69833619,1781608648346723512,2301279384357375b901d0849ef17854fefe8f47c43d95f4497188f1afeca2f5,16704,False,checksum-only://corrected_zone_npz/2301279384357375b901d0849ef17854fefe8f47c43d95f4497188f1afeca2f5.npz,e755470d7c74d374d67b2574f6c0e3b0f758cfd770e8fc017d9218a167c84645
kolkata_ssp245_near_2030s_typical_2036,Kolkata,ssp245,near_2030s,typical,2036,checksum-only://simulation_traces/kolkata_ssp245_near_2030s_typical_2036_diagnostic_reference.csv,70095416,1781608708433146874,015b0c29f178a2c8c091e80d60f8c7c1e5217a3e7da74109b1925beb0daae1bb,16704,False,checksum-only://corrected_zone_npz/015b0c29f178a2c8c091e80d60f8c7c1e5217a3e7da74109b1925beb0daae1bb.npz,6d6ed197a68baecce54eb4e207ee0534b91a03a338262b1a364f6394d578389e
kolkata_ssp585_baseline_2020s_heatwave_extreme_2027,Kolkata,ssp585,baseline_2020s,heatwave_extreme,2027,checksum-only://simulation_traces/kolkata_ssp585_baseline_2020s_heatwave_extreme_2027_diagnostic_reference.csv,70565920,1781608768168118383,5c148c4f21eb2a5e51790f1b2c560911585e5ee6de20c5d75d86a3c286768e7a,16704,False,checksum-only://corrected_zone_npz/5c148c4f21eb2a5e51790f1b2c560911585e5ee6de20c5d75d86a3c286768e7a.npz,7335e276e806152aabc7cc13ea5e70eb5e091dbeab376e422b26aa692cc848fb
kolkata_ssp585_baseline_2020s_hot_2026,Kolkata,ssp585,baseline_2020s,hot,2026,checksum-only://simulation_traces/kolkata_ssp585_baseline_2020s_hot_2026_diagnostic_reference.csv,70071638,1781608827943203574,c117554ef28fa885c7b78e97f1ad619d272d1ad35b8a4c76861aa1c14939baee,16704,False,checksum-only://corrected_zone_npz/c117554ef28fa885c7b78e97f1ad619d272d1ad35b8a4c76861aa1c14939baee.npz,ec00bc218e4aef14a3768f11f80de87f50b2d0d2b78f52773535848079713f62
kolkata_ssp585_baseline_2020s_typical_2029,Kolkata,ssp585,baseline_2020s,typical,2029,checksum-only://simulation_traces/kolkata_ssp585_baseline_2020s_typical_2029_diagnostic_reference.csv,70274031,1781608888433562876,752455ce3bc9becdb9981b1152edc621a8cce8b9ec5eade37ec14448bb69d8e6,16704,False,checksum-only://corrected_zone_npz/752455ce3bc9becdb9981b1152edc621a8cce8b9ec5eade37ec14448bb69d8e6.npz,dedc2b5f1d243e1c640282ef4bf065c36f2ab32b883ebda80e0f8b0950ef2597
kolkata_ssp585_late_2080s_heatwave_extreme_2080,Kolkata,ssp585,late_2080s,heatwave_extreme,2080,checksum-only://simulation_traces/kolkata_ssp585_late_2080s_heatwave_extreme_2080_diagnostic_reference.csv,70053714,1781608949789957356,0a68c6267eae3ab29ccee52386c9303d6463656b868f4f66b7ac0207633bdb01,16704,False,checksum-only://corrected_zone_npz/0a68c6267eae3ab29ccee52386c9303d6463656b868f4f66b7ac0207633bdb01.npz,661b46acf9c51c68bbea241473e96cc48a0af137c803d3c90e04c2275c7067bb
kolkata_ssp585_late_2080s_hot_2080,Kolkata,ssp585,late_2080s,hot,2080,checksum-only://simulation_traces/kolkata_ssp585_late_2080s_hot_2080_diagnostic_reference.csv,69598194,1781609009504136297,0a68c6267eae3ab29ccee52386c9303d6463656b868f4f66b7ac0207633bdb01,16704,True,checksum-only://corrected_zone_npz/0a68c6267eae3ab29ccee52386c9303d6463656b868f4f66b7ac0207633bdb01.npz,661b46acf9c51c68bbea241473e96cc48a0af137c803d3c90e04c2275c7067bb
kolkata_ssp585_late_2080s_typical_2088,Kolkata,ssp585,late_2080s,typical,2088,checksum-only://simulation_traces/kolkata_ssp585_late_2080s_typical_2088_diagnostic_reference.csv,69856544,1781609068057160546,6645038f9bacc05cc9898a21cd01dcfdab6f881d0ea5a97794e1fe065069e961,16704,False,checksum-only://corrected_zone_npz/6645038f9bacc05cc9898a21cd01dcfdab6f881d0ea5a97794e1fe065069e961.npz,047141341426cdb6f514c0b49b82f4544dca400778404c5b3aa46910ac18ccc2
kolkata_ssp585_mid_2050s_heatwave_extreme_2059,Kolkata,ssp585,mid_2050s,heatwave_extreme,2059,checksum-only://simulation_traces/kolkata_ssp585_mid_2050s_heatwave_extreme_2059_diagnostic_reference.csv,70054350,1781609126416877964,1408c8d41099b2cbe2b233fb8e8a84f22c90d2ae021ebdd1b51f19f97215264d,16704,False,checksum-only://corrected_zone_npz/1408c8d41099b2cbe2b233fb8e8a84f22c90d2ae021ebdd1b51f19f97215264d.npz,079ce494f875af12f68a10c42aebad8581293474c583b65395618563127ee425
kolkata_ssp585_mid_2050s_hot_2059,Kolkata,ssp585,mid_2050s,hot,2059,checksum-only://simulation_traces/kolkata_ssp585_mid_2050s_hot_2059_diagnostic_reference.csv,69598830,1781609185095726089,1408c8d41099b2cbe2b233fb8e8a84f22c90d2ae021ebdd1b51f19f97215264d,16704,True,checksum-only://corrected_zone_npz/1408c8d41099b2cbe2b233fb8e8a84f22c90d2ae021ebdd1b51f19f97215264d.npz,079ce494f875af12f68a10c42aebad8581293474c583b65395618563127ee425
kolkata_ssp585_mid_2050s_typical_2057,Kolkata,ssp585,mid_2050s,typical,2057,checksum-only://simulation_traces/kolkata_ssp585_mid_2050s_typical_2057_diagnostic_reference.csv,69998216,1781609243777891544,c973adf6ede6c6b1e77914e126c0ec1aff9adcb1c719a279e5ae694a531a5a4c,16704,False,checksum-only://corrected_zone_npz/c973adf6ede6c6b1e77914e126c0ec1aff9adcb1c719a279e5ae694a531a5a4c.npz,916898e92c363d0befb6b4cf87b1634f602290fb7a3898a90e4ec5b573ccc218
kolkata_ssp585_near_2030s_heatwave_extreme_2032,Kolkata,ssp585,near_2030s,heatwave_extreme,2032,checksum-only://simulation_traces/kolkata_ssp585_near_2030s_heatwave_extreme_2032_diagnostic_reference.csv,70478844,1781609302906383330,a118ca5433c562392eab8747151db535326695bd3bd0dd310fc2cc4cccc2462b,16704,False,checksum-only://corrected_zone_npz/a118ca5433c562392eab8747151db535326695bd3bd0dd310fc2cc4cccc2462b.npz,ed320b9aab2e78eb6b6b4634107354de01ffbeb3a0f79926ddb15058e3191375
kolkata_ssp585_near_2030s_hot_2030,Kolkata,ssp585,near_2030s,hot,2030,checksum-only://simulation_traces/kolkata_ssp585_near_2030s_hot_2030_diagnostic_reference.csv,69912008,1781609361742175892,dff24493c23186a676e53331d53bf5786b75b5a98aee2f6aa5b6a8595d429dc3,16704,False,checksum-only://corrected_zone_npz/dff24493c23186a676e53331d53bf5786b75b5a98aee2f6aa5b6a8595d429dc3.npz,8dd41228c55cbf0486af89c93bde52cb33969176c730b29f4e56a27b7bd2a730
kolkata_ssp585_near_2030s_typical_2038,Kolkata,ssp585,near_2030s,typical,2038,checksum-only://simulation_traces/kolkata_ssp585_near_2030s_typical_2038_diagnostic_reference.csv,70153902,1781609420407877983,bcad77c3fdb34b0677fee3a8f686ce37dc84fd5c2b5e13ad31a6a755dac22184,16704,False,checksum-only://corrected_zone_npz/bcad77c3fdb34b0677fee3a8f686ce37dc84fd5c2b5e13ad31a6a755dac22184.npz,dafd162bc8ea464f1f7907b3580180107f0042a32913d8563b95d19043403d58
phoenix_ssp245_baseline_2020s_heatwave_extreme_2025,Phoenix,ssp245,baseline_2020s,heatwave_extreme,2025,checksum-only://simulation_traces/phoenix_ssp245_baseline_2020s_heatwave_extreme_2025_diagnostic_reference.csv,70591126,1781609479687115601,0d0ddb81e56c9f74cbca1a5fc9816bf7122a7cad0dcb054c568812e458022920,16704,False,checksum-only://corrected_zone_npz/0d0ddb81e56c9f74cbca1a5fc9816bf7122a7cad0dcb054c568812e458022920.npz,094daea73131fd8ac8b47d54642277aed32e131acae9c5f58638d3044fcffa5b
phoenix_ssp245_baseline_2020s_hot_2028,Phoenix,ssp245,baseline_2020s,hot,2028,checksum-only://simulation_traces/phoenix_ssp245_baseline_2020s_hot_2028_diagnostic_reference.csv,70086336,1781609539045373643,8858cdf9ea6645c73236c6359087dcf2ca28966677852f3c0ba8e68a994bf92c,16704,False,checksum-only://corrected_zone_npz/8858cdf9ea6645c73236c6359087dcf2ca28966677852f3c0ba8e68a994bf92c.npz,481d1facfc2c6b1f682ce468ad8a6638da805f6b50287ffa044ea3ddf3621f26
phoenix_ssp245_baseline_2020s_typical_2026,Phoenix,ssp245,baseline_2020s,typical,2026,checksum-only://simulation_traces/phoenix_ssp245_baseline_2020s_typical_2026_diagnostic_reference.csv,70261646,1781609598562614857,caff98e2da820bd4346dd96dddc9e29f4a10db0b6858ee6a0db1c01a0af1c012,16704,False,checksum-only://corrected_zone_npz/caff98e2da820bd4346dd96dddc9e29f4a10db0b6858ee6a0db1c01a0af1c012.npz,f6698c65967143f1387adbb312e101b1567577a114ded58fcc2faf76d4121a7c
phoenix_ssp245_late_2080s_heatwave_extreme_2086,Phoenix,ssp245,late_2080s,heatwave_extreme,2086,checksum-only://simulation_traces/phoenix_ssp245_late_2080s_heatwave_extreme_2086_diagnostic_reference.csv,70307010,1781609659263814686,6744cc58750d2edf21cd83d41f785a37ea7e5149389e07c41a881c82dc413a90,16704,False,checksum-only://corrected_zone_npz/6744cc58750d2edf21cd83d41f785a37ea7e5149389e07c41a881c82dc413a90.npz,f39691939927dbf93085aa8fbed670bacf22dcff4d67bc23908d5bd0a612a409
phoenix_ssp245_late_2080s_hot_2086,Phoenix,ssp245,late_2080s,hot,2086,checksum-only://simulation_traces/phoenix_ssp245_late_2080s_hot_2086_diagnostic_reference.csv,69851490,1781609720661369722,6744cc58750d2edf21cd83d41f785a37ea7e5149389e07c41a881c82dc413a90,16704,True,checksum-only://corrected_zone_npz/6744cc58750d2edf21cd83d41f785a37ea7e5149389e07c41a881c82dc413a90.npz,f39691939927dbf93085aa8fbed670bacf22dcff4d67bc23908d5bd0a612a409
phoenix_ssp245_late_2080s_typical_2081,Phoenix,ssp245,late_2080s,typical,2081,checksum-only://simulation_traces/phoenix_ssp245_late_2080s_typical_2081_diagnostic_reference.csv,70035499,1781609782697830795,0fbefa867e9928c0bb1cc49fe72c0f4128fa48b989b19ec606cfda1c01f433a6,16704,False,checksum-only://corrected_zone_npz/0fbefa867e9928c0bb1cc49fe72c0f4128fa48b989b19ec606cfda1c01f433a6.npz,91d7e94dcebb0d332854dc04fdacb435f2509f60592d160c7a59eb0b0ab1bd43
phoenix_ssp245_mid_2050s_heatwave_extreme_2051,Phoenix,ssp245,mid_2050s,heatwave_extreme,2051,checksum-only://simulation_traces/phoenix_ssp245_mid_2050s_heatwave_extreme_2051_diagnostic_reference.csv,70313809,1781609842680870682,be8dc0133e083cd8c1d24c56ba4db934a34890a8b37021ddfafebed6e4a1b58c,16704,False,checksum-only://corrected_zone_npz/be8dc0133e083cd8c1d24c56ba4db934a34890a8b37021ddfafebed6e4a1b58c.npz,16855c58d8dcc21538c46b471c20e4965c71b3655446642a4825573051334393
phoenix_ssp245_mid_2050s_hot_2058,Phoenix,ssp245,mid_2050s,hot,2058,checksum-only://simulation_traces/phoenix_ssp245_mid_2050s_hot_2058_diagnostic_reference.csv,69803549,1781609903444830678,c9010d03aa6182e68d33f78aa09802804f1d72a4b4dcadc7fd5cfc96dc58bab4,16704,False,checksum-only://corrected_zone_npz/c9010d03aa6182e68d33f78aa09802804f1d72a4b4dcadc7fd5cfc96dc58bab4.npz,94050ff208c352169fb2c6e0e79380c5ff4ddf5551c4b24826d18f90a14e58cd
phoenix_ssp245_mid_2050s_typical_2054,Phoenix,ssp245,mid_2050s,typical,2054,checksum-only://simulation_traces/phoenix_ssp245_mid_2050s_typical_2054_diagnostic_reference.csv,69996322,1781609966891742154,0af2fcca7500742402d81c2431842e213d2102d850590f7a81ec76d97c5c59f4,16704,False,checksum-only://corrected_zone_npz/0af2fcca7500742402d81c2431842e213d2102d850590f7a81ec76d97c5c59f4.npz,2e466146bbaf803c1036ff4ce0475a0fecb2d2fbe9c3f7978cbe7b94e3c524eb
phoenix_ssp245_near_2030s_heatwave_extreme_2039,Phoenix,ssp245,near_2030s,heatwave_extreme,2039,checksum-only://simulation_traces/phoenix_ssp245_near_2030s_heatwave_extreme_2039_diagnostic_reference.csv,70349218,1781610033155332936,e6d2cd6c870e122cd81b10c961364c010a953a3e9ea53dbeff88bf262460b6dc,16704,False,checksum-only://corrected_zone_npz/e6d2cd6c870e122cd81b10c961364c010a953a3e9ea53dbeff88bf262460b6dc.npz,d956c18da04a1ad59e0c9c1e81eb78085a711a98ce28973a533972ae357ebe9a
phoenix_ssp245_near_2030s_hot_2039,Phoenix,ssp245,near_2030s,hot,2039,checksum-only://simulation_traces/phoenix_ssp245_near_2030s_hot_2039_diagnostic_reference.csv,69893698,1781610105495849872,e6d2cd6c870e122cd81b10c961364c010a953a3e9ea53dbeff88bf262460b6dc,16704,True,checksum-only://corrected_zone_npz/e6d2cd6c870e122cd81b10c961364c010a953a3e9ea53dbeff88bf262460b6dc.npz,d956c18da04a1ad59e0c9c1e81eb78085a711a98ce28973a533972ae357ebe9a
phoenix_ssp245_near_2030s_typical_2034,Phoenix,ssp245,near_2030s,typical,2034,checksum-only://simulation_traces/phoenix_ssp245_near_2030s_typical_2034_diagnostic_reference.csv,70072159,1781610178833573461,99573b64473bcfa412e21129eca9e77153220b1b191f8f5172c204d83241638b,16704,False,checksum-only://corrected_zone_npz/99573b64473bcfa412e21129eca9e77153220b1b191f8f5172c204d83241638b.npz,fab0c951e45ecfed629c151e731da8b0250d5880834a5ae8faacf1bf1e9e7b58
phoenix_ssp585_baseline_2020s_heatwave_extreme_2025,Phoenix,ssp585,baseline_2020s,heatwave_extreme,2025,checksum-only://simulation_traces/phoenix_ssp585_baseline_2020s_heatwave_extreme_2025_diagnostic_reference.csv,70532827,1781610239022523824,68d7edcc2b44bec60cbfaa2089a0e0221290e80ed42adb39e8ec44e721974099,16704,False,checksum-only://corrected_zone_npz/68d7edcc2b44bec60cbfaa2089a0e0221290e80ed42adb39e8ec44e721974099.npz,12a1001b10efd4afac36f0b3fb6294c12b2c4df24fe834ace4166b192cd22353
phoenix_ssp585_baseline_2020s_hot_2025,Phoenix,ssp585,baseline_2020s,hot,2025,checksum-only://simulation_traces/phoenix_ssp585_baseline_2020s_hot_2025_diagnostic_reference.csv,70077307,1781610302091267787,68d7edcc2b44bec60cbfaa2089a0e0221290e80ed42adb39e8ec44e721974099,16704,True,checksum-only://corrected_zone_npz/68d7edcc2b44bec60cbfaa2089a0e0221290e80ed42adb39e8ec44e721974099.npz,12a1001b10efd4afac36f0b3fb6294c12b2c4df24fe834ace4166b192cd22353
phoenix_ssp585_baseline_2020s_typical_2029,Phoenix,ssp585,baseline_2020s,typical,2029,checksum-only://simulation_traces/phoenix_ssp585_baseline_2020s_typical_2029_diagnostic_reference.csv,70231614,1781610369459958252,9930595e7b5a2779e36842ddfb438c0b2644f2bb185b73fcddc0d63faf936230,16704,False,checksum-only://corrected_zone_npz/9930595e7b5a2779e36842ddfb438c0b2644f2bb185b73fcddc0d63faf936230.npz,9d59b5bbf204b3dd77a0425b73a3863ea0092a47c4887a5338124bd31a299f9f
phoenix_ssp585_late_2080s_heatwave_extreme_2085,Phoenix,ssp585,late_2080s,heatwave_extreme,2085,checksum-only://simulation_traces/phoenix_ssp585_late_2080s_heatwave_extreme_2085_diagnostic_reference.csv,70206462,1781610443606199527,026041473fc7f9b78d895b89c8aaf33f4feedac65d166d31c546ff3c757ee8dd,16704,False,checksum-only://corrected_zone_npz/026041473fc7f9b78d895b89c8aaf33f4feedac65d166d31c546ff3c757ee8dd.npz,915793b6e65c23c804842a8ea7d161cb45b2665658d22d8f397d3a7ffb67d2fe
phoenix_ssp585_late_2080s_hot_2089,Phoenix,ssp585,late_2080s,hot,2089,checksum-only://simulation_traces/phoenix_ssp585_late_2080s_hot_2089_diagnostic_reference.csv,69711328,1781610515844887450,029bb088f6e6182948f1209f1955a32e9cf3644aa9d495003d33e6e5cf65d5e8,16704,False,checksum-only://corrected_zone_npz/029bb088f6e6182948f1209f1955a32e9cf3644aa9d495003d33e6e5cf65d5e8.npz,1f9b2395c4713c7a4c5d7818142691f184b3da8c29b0f686632a6a16a39104b7
phoenix_ssp585_late_2080s_typical_2081,Phoenix,ssp585,late_2080s,typical,2081,checksum-only://simulation_traces/phoenix_ssp585_late_2080s_typical_2081_diagnostic_reference.csv,69890498,1781610584993353334,81ac0048ad2f5de4a2dbb2cae8f7eb472df825f61e01ea02deaae83f80b5ed94,16704,False,checksum-only://corrected_zone_npz/81ac0048ad2f5de4a2dbb2cae8f7eb472df825f61e01ea02deaae83f80b5ed94.npz,b8b96462820c2b3578e11c11dc9d7129b9aedb4ad55fc4da88c4d79983b8bb5c
phoenix_ssp585_mid_2050s_heatwave_extreme_2057,Phoenix,ssp585,mid_2050s,heatwave_extreme,2057,checksum-only://simulation_traces/phoenix_ssp585_mid_2050s_heatwave_extreme_2057_diagnostic_reference.csv,70298161,1781610653756320753,08f215412b8c4e4d8c55e6db29f5a8e755f9abb21feaaa6bdec3564cf53d8cdb,16704,False,checksum-only://corrected_zone_npz/08f215412b8c4e4d8c55e6db29f5a8e755f9abb21feaaa6bdec3564cf53d8cdb.npz,c405519f651cd6e42e34fa3a16dea98d9a87084befb430fe4f623c4b507b84a4
phoenix_ssp585_mid_2050s_hot_2057,Phoenix,ssp585,mid_2050s,hot,2057,checksum-only://simulation_traces/phoenix_ssp585_mid_2050s_hot_2057_diagnostic_reference.csv,69842641,1781610719918740397,08f215412b8c4e4d8c55e6db29f5a8e755f9abb21feaaa6bdec3564cf53d8cdb,16704,True,checksum-only://corrected_zone_npz/08f215412b8c4e4d8c55e6db29f5a8e755f9abb21feaaa6bdec3564cf53d8cdb.npz,c405519f651cd6e42e34fa3a16dea98d9a87084befb430fe4f623c4b507b84a4
phoenix_ssp585_mid_2050s_typical_2050,Phoenix,ssp585,mid_2050s,typical,2050,checksum-only://simulation_traces/phoenix_ssp585_mid_2050s_typical_2050_diagnostic_reference.csv,69973248,1781610784759307202,a7184762904e298e96317de990de6ecb47fb5aba8de0395518d35c9bd65b6f44,16704,False,checksum-only://corrected_zone_npz/a7184762904e298e96317de990de6ecb47fb5aba8de0395518d35c9bd65b6f44.npz,f36c0b7fd8360dc7d8b4976bee70641c0db92b5e2200db44c7571de75eaffc63
phoenix_ssp585_near_2030s_heatwave_extreme_2033,Phoenix,ssp585,near_2030s,heatwave_extreme,2033,checksum-only://simulation_traces/phoenix_ssp585_near_2030s_heatwave_extreme_2033_diagnostic_reference.csv,70344497,1781610866941540508,ea54b2e4dd6eb589b23c327a2b82ad7b287c49fcc98ded734b6ebde1f2e27f24,16704,False,checksum-only://corrected_zone_npz/ea54b2e4dd6eb589b23c327a2b82ad7b287c49fcc98ded734b6ebde1f2e27f24.npz,eff31514a1ce06d9adfb04940c0f169418bfcd0c0a9107a7c92a0a09cfb50d70
phoenix_ssp585_near_2030s_hot_2033,Phoenix,ssp585,near_2030s,hot,2033,checksum-only://simulation_traces/phoenix_ssp585_near_2030s_hot_2033_diagnostic_reference.csv,69888977,1781610928155482057,ea54b2e4dd6eb589b23c327a2b82ad7b287c49fcc98ded734b6ebde1f2e27f24,16704,True,checksum-only://corrected_zone_npz/ea54b2e4dd6eb589b23c327a2b82ad7b287c49fcc98ded734b6ebde1f2e27f24.npz,eff31514a1ce06d9adfb04940c0f169418bfcd0c0a9107a7c92a0a09cfb50d70
phoenix_ssp585_near_2030s_typical_2034,Phoenix,ssp585,near_2030s,typical,2034,checksum-only://simulation_traces/phoenix_ssp585_near_2030s_typical_2034_diagnostic_reference.csv,70070735,1781610993237861031,23ed4991b8e0e87f17ebee62951ae28902d1bd48190b55555a1e4347f6ef095f,16704,False,checksum-only://corrected_zone_npz/23ed4991b8e0e87f17ebee62951ae28902d1bd48190b55555a1e4347f6ef095f.npz,b92535c3ee739b1b9d55a92622996345826dd4a6e6c08bcdf6d7c3758b7fd302
