weather,city,scenario,time_slice,severity,weather_year,max_abs_zone_p_tail_error,mean_abs_zone_p_tail_error,max_abs_zone_expected_tsv_error,mean_abs_zone_expected_tsv_error,max_abs_equal_p_tail_error,max_abs_equal_expected_tsv_error,max_abs_mean_pmv_error,mean_abs_mean_pmv_error
ahmedabad_ssp245_baseline_2020s_heatwave_extreme_2029,Ahmedabad,ssp245,baseline_2020s,heatwave_extreme,2029,0.3652047510663122,0.010574774709942175,0.7908319411632104,0.034055492622794066,0.19447270386327828,0.5962363122972836,0.43133333333333346,0.02790493295019157
ahmedabad_ssp245_baseline_2020s_hot_2029,Ahmedabad,ssp245,baseline_2020s,hot,2029,0.3652047510663122,0.010574774709942175,0.7908319411632104,0.034055492622794066,0.19447270386327828,0.5962363122972836,0.43133333333333346,0.02790493295019157
ahmedabad_ssp245_baseline_2020s_typical_2025,Ahmedabad,ssp245,baseline_2020s,typical,2025,0.31831037834551024,0.00898648099666306,0.901269286822237,0.03144968872806401,0.1994294243834322,0.6008751447084429,0.43599999999999994,0.026625478927203065
ahmedabad_ssp245_late_2080s_heatwave_extreme_2081,Ahmedabad,ssp245,late_2080s,heatwave_extreme,2081,0.3341388696298221,0.011331816814007285,1.0047475875716083,0.03641829605991415,0.18085081201372055,0.5746901799320325,0.4246666666666665,0.028611111111111108
ahmedabad_ssp245_late_2080s_hot_2081,Ahmedabad,ssp245,late_2080s,hot,2081,0.3341388696298221,0.011331816814007285,1.0047475875716083,0.03641829605991415,0.18085081201372055,0.5746901799320325,0.4246666666666665,0.028611111111111108
ahmedabad_ssp245_late_2080s_typical_2086,Ahmedabad,ssp245,late_2080s,typical,2086,0.41205047647492665,0.009778221602814068,0.9182833333031628,0.03288718202364023,0.20521255987549056,0.5835911255146916,0.4273333333333331,0.026443047573435505
ahmedabad_ssp245_mid_2050s_heatwave_extreme_2059,Ahmedabad,ssp245,mid_2050s,heatwave_extreme,2059,0.3309079149486621,0.010783975407114408,0.8068672403785981,0.03454065836872944,0.17806321426532673,0.5889124504193505,0.4173333333333332,0.027234833971902937
ahmedabad_ssp245_mid_2050s_hot_2059,Ahmedabad,ssp245,mid_2050s,hot,2059,0.3309079149486621,0.010783975407114408,0.8068672403785981,0.03454065836872944,0.17806321426532673,0.5889124504193505,0.4173333333333332,0.027234833971902937
ahmedabad_ssp245_mid_2050s_typical_2058,Ahmedabad,ssp245,mid_2050s,typical,2058,0.31456755252980145,0.008769801896446822,0.8548645103133371,0.030668975844105863,0.2023154284331132,0.586682569580125,0.4479999999999996,0.026289950510855684
ahmedabad_ssp245_near_2030s_heatwave_extreme_2034,Ahmedabad,ssp245,near_2030s,heatwave_extreme,2034,0.3263149327176017,0.009372944028495997,0.8664591444073473,0.031747710793911366,0.1888797157965981,0.6110813635806186,0.43666666666666676,0.02667808109833972
ahmedabad_ssp245_near_2030s_hot_2034,Ahmedabad,ssp245,near_2030s,hot,2034,0.3263149327176017,0.009372944028495997,0.8664591444073473,0.031747710793911366,0.1888797157965981,0.6110813635806186,0.43666666666666676,0.02667808109833972
ahmedabad_ssp245_near_2030s_typical_2032,Ahmedabad,ssp245,near_2030s,typical,2032,0.33084199454361896,0.00844399399228745,0.945473314305981,0.029561548556375574,0.17651392616598155,0.5861405109781486,0.43066666666666664,0.025949592911877394
ahmedabad_ssp585_baseline_2020s_heatwave_extreme_2027,Ahmedabad,ssp585,baseline_2020s,heatwave_extreme,2027,0.34384597062551764,0.011370257545158675,0.8996165565030375,0.035576426497213536,0.19381294112213293,0.6093494129849832,0.430666666666667,0.0282117656449553
ahmedabad_ssp585_baseline_2020s_hot_2027,Ahmedabad,ssp585,baseline_2020s,hot,2027,0.34384597062551764,0.011370257545158675,0.8996165565030375,0.035576426497213536,0.19381294112213293,0.6093494129849832,0.430666666666667,0.0282117656449553
ahmedabad_ssp585_baseline_2020s_typical_2025,Ahmedabad,ssp585,baseline_2020s,typical,2025,0.33389369146702375,0.00920080431190837,0.8258175761364854,0.031639081483074455,0.1912871628568302,0.6152315555439016,0.42266666666666663,0.026780252234993616
ahmedabad_ssp585_late_2080s_heatwave_extreme_2088,Ahmedabad,ssp585,late_2080s,heatwave_extreme,2088,0.3330069629621065,0.012365857610104822,0.8292866154936236,0.038017660906600644,0.18934551562078636,0.6168408113051322,0.43933333333333313,0.029562100893997443
ahmedabad_ssp585_late_2080s_hot_2088,Ahmedabad,ssp585,late_2080s,hot,2088,0.3330069629621065,0.012365857610104822,0.8292866154936236,0.038017660906600644,0.18934551562078636,0.6168408113051322,0.43933333333333313,0.029562100893997443
ahmedabad_ssp585_late_2080s_typical_2087,Ahmedabad,ssp585,late_2080s,typical,2087,0.3266878016679756,0.010709447931173127,0.8271560488856808,0.034656670592457826,0.21079550848925707,0.5970700273055791,0.4633333333333337,0.02783696519795658
ahmedabad_ssp585_mid_2050s_heatwave_extreme_2051,Ahmedabad,ssp585,mid_2050s,heatwave_extreme,2051,0.327189762604152,0.010758787448704754,0.8475816467775588,0.03487287498662163,0.19825171621377122,0.5882767621972813,0.42666666666666675,0.02826508620689655
ahmedabad_ssp585_mid_2050s_hot_2050,Ahmedabad,ssp585,mid_2050s,hot,2050,0.3263149327176017,0.01044308891514142,0.8428828416022396,0.03401505617424355,0.19923857780089071,0.5865983353585545,0.45399999999999985,0.027524185823754786
ahmedabad_ssp585_mid_2050s_typical_2055,Ahmedabad,ssp585,mid_2050s,typical,2055,0.3266878016679756,0.008266610731318593,0.8434553228654073,0.029757671523456364,0.18791331638178688,0.598758490763293,0.42333333333333345,0.025504869093231162
ahmedabad_ssp585_near_2030s_heatwave_extreme_2037,Ahmedabad,ssp585,near_2030s,heatwave_extreme,2037,0.33389369146702375,0.009439766067993767,0.8186992171610212,0.03175204299231886,0.20412122507525327,0.5806905400595814,0.42200000000000004,0.026877394636015326
ahmedabad_ssp585_near_2030s_hot_2037,Ahmedabad,ssp585,near_2030s,hot,2037,0.33389369146702375,0.009439766067993767,0.8186992171610212,0.03175204299231886,0.20412122507525327,0.5806905400595814,0.42200000000000004,0.026877394636015326
ahmedabad_ssp585_near_2030s_typical_2031,Ahmedabad,ssp585,near_2030s,typical,2031,0.32287742255449814,0.009145969594898636,0.7685142274040937,0.03046001745118788,0.20960323344630258,0.5334373540764596,0.42200000000000004,0.025482798531289912
beijing_ssp245_baseline_2020s_heatwave_extreme_2025,Beijing,ssp245,baseline_2020s,heatwave_extreme,2025,0.2535067243412122,0.005199330309748028,0.8581548468534957,0.02187193309743893,0.14958730925740021,0.42948392368868865,0.30266666666666675,0.021376037675606644
beijing_ssp245_baseline_2020s_hot_2025,Beijing,ssp245,baseline_2020s,hot,2025,0.2535067243412122,0.005199330309748028,0.8581548468534957,0.02187193309743893,0.14958730925740021,0.42948392368868865,0.30266666666666675,0.021376037675606644
beijing_ssp245_baseline_2020s_typical_2026,Beijing,ssp245,baseline_2020s,typical,2026,0.2530050748647401,0.004194083440872285,0.714295849207058,0.019616589690041094,0.11442751452411068,0.38363877990495177,0.3033333333333334,0.019886254789272036
beijing_ssp245_late_2080s_heatwave_extreme_2084,Beijing,ssp245,late_2080s,heatwave_extreme,2084,0.46315859659469977,0.00659298698825768,0.751739689152264,0.024768468623930347,0.1904818578362515,0.5380896289183834,0.3646666666666668,0.022639407726692214
beijing_ssp245_late_2080s_hot_2084,Beijing,ssp245,late_2080s,hot,2084,0.46315859659469977,0.00659298698825768,0.751739689152264,0.024768468623930347,0.1904818578362515,0.5380896289183834,0.3646666666666668,0.022639407726692214
beijing_ssp245_late_2080s_typical_2083,Beijing,ssp245,late_2080s,typical,2083,0.33084199454361896,0.006639270340969821,0.7492503441113941,0.02496544103158738,0.13328788588156001,0.45002766631277297,0.5013333333333339,0.023045098978288638
beijing_ssp245_mid_2050s_heatwave_extreme_2050,Beijing,ssp245,mid_2050s,heatwave_extreme,2050,0.3400583995780942,0.006153734935573407,0.8353394254849085,0.0236362449365144,0.15730821474758314,0.545076242378957,0.4786666666666669,0.022068486590038315
beijing_ssp245_mid_2050s_hot_2050,Beijing,ssp245,mid_2050s,hot,2050,0.3400583995780942,0.006153734935573407,0.8353394254849085,0.0236362449365144,0.15730821474758314,0.545076242378957,0.4786666666666669,0.022068486590038315
beijing_ssp245_mid_2050s_typical_2056,Beijing,ssp245,mid_2050s,typical,2056,0.2488281765451355,0.005206935761239821,0.720434971032049,0.021859441425076856,0.1377351637495154,0.44087031493041406,0.30333333333333334,0.021744891443167307
beijing_ssp245_near_2030s_heatwave_extreme_2039,Beijing,ssp245,near_2030s,heatwave_extreme,2039,0.286650523228193,0.004261858990452679,0.6694732636464837,0.020086384889164536,0.15938937371089132,0.4550117715282936,0.32266666666666666,0.020900143678160923
beijing_ssp245_near_2030s_hot_2034,Beijing,ssp245,near_2030s,hot,2034,0.2530050748647401,0.004954027055448003,0.751716897837099,0.021596838139368836,0.18552615801104566,0.6480054342578867,0.42200000000000015,0.021590996168582375
beijing_ssp245_near_2030s_typical_2035,Beijing,ssp245,near_2030s,typical,2035,0.28414839860801294,0.004795757062925646,0.6513321449144718,0.020995543364444043,0.10692873627122247,0.3634718980291839,0.28266666666666673,0.021407966155810986
beijing_ssp585_baseline_2020s_heatwave_extreme_2029,Beijing,ssp585,baseline_2020s,heatwave_extreme,2029,0.2619036514318709,0.00501013424538362,0.6648553554633991,0.02161897318450281,0.12584844830325906,0.4426305230757271,0.298,0.02194300766283525
beijing_ssp585_baseline_2020s_hot_2029,Beijing,ssp585,baseline_2020s,hot,2029,0.2619036514318709,0.00501013424538362,0.6648553554633991,0.02161897318450281,0.12584844830325906,0.4426305230757271,0.298,0.02194300766283525
beijing_ssp585_baseline_2020s_typical_2026,Beijing,ssp585,baseline_2020s,typical,2026,0.28414839860801294,0.0042928064038443,0.63736319137622,0.02014744797450362,0.12630312116273723,0.4761450889564782,0.3226666666666667,0.02031070402298851
beijing_ssp585_late_2080s_heatwave_extreme_2089,Beijing,ssp585,late_2080s,heatwave_extreme,2089,0.3797846889952152,0.00740756223249788,0.7760415758983493,0.026295563716936338,0.1639271993469621,0.5294374204172557,0.3919999999999999,0.023519755747126433
beijing_ssp585_late_2080s_hot_2089,Beijing,ssp585,late_2080s,hot,2089,0.3797846889952152,0.00740756223249788,0.7760415758983493,0.026295563716936338,0.1639271993469621,0.5294374204172557,0.3919999999999999,0.023519755747126433
beijing_ssp585_late_2080s_typical_2084,Beijing,ssp585,late_2080s,typical,2084,0.36225061797405445,0.006747865954227808,0.7844665452500461,0.024808228934712236,0.15223402785562712,0.47809406984624564,0.4206666666666663,0.022682511174968077
beijing_ssp585_mid_2050s_heatwave_extreme_2052,Beijing,ssp585,mid_2050s,heatwave_extreme,2052,0.3400583995780942,0.006577332152158623,0.7818261301304938,0.024732142073459733,0.15694981028105964,0.5370335903744943,0.3833333333333335,0.023328583971902937
beijing_ssp585_mid_2050s_hot_2052,Beijing,ssp585,mid_2050s,hot,2052,0.3400583995780942,0.006577332152158623,0.7818261301304938,0.024732142073459733,0.15694981028105964,0.5370335903744943,0.3833333333333335,0.023328583971902937
beijing_ssp585_mid_2050s_typical_2053,Beijing,ssp585,mid_2050s,typical,2053,0.28035825126757896,0.005021025149342379,0.6832523931038617,0.02133920369625485,0.11688952868696056,0.4522248611906322,0.28800000000000003,0.021383461047254144
beijing_ssp585_near_2030s_heatwave_extreme_2030,Beijing,ssp585,near_2030s,heatwave_extreme,2030,0.29709314358768063,0.005610454051556971,0.8571080196111239,0.02323302951175589,0.18757267052850524,0.6303998663286956,0.4006666666666666,0.02343486590038314
beijing_ssp585_near_2030s_hot_2037,Beijing,ssp585,near_2030s,hot,2037,0.286650523228193,0.005654251607164749,0.6661941119327579,0.02338454743073527,0.15499593476409568,0.49235207678196863,0.34,0.023175686462324395
beijing_ssp585_near_2030s_typical_2032,Beijing,ssp585,near_2030s,typical,2032,0.25050295024456004,0.005092856321762712,0.7522915512072177,0.021783622470626075,0.196181587650391,0.6581992490783963,0.4106666666666665,0.02138202426564496
guangzhou_ssp245_baseline_2020s_heatwave_extreme_2028,Guangzhou,ssp245,baseline_2020s,heatwave_extreme,2028,0.32287742255449814,0.005745834469806874,0.7635361060887763,0.02313034552713524,0.18778628947100834,0.5727114095713983,0.40000000000000024,0.02088597541507024
guangzhou_ssp245_baseline_2020s_hot_2027,Guangzhou,ssp245,baseline_2020s,hot,2027,0.3104536743965721,0.005492667863436717,0.8221623816699153,0.02218434019001951,0.20499266544067454,0.6168572683548252,0.42666666666666686,0.021025702426564496
guangzhou_ssp245_baseline_2020s_typical_2025,Guangzhou,ssp245,baseline_2020s,typical,2025,0.2841483986080129,0.0060003422492350385,0.743054038606914,0.02348676187783814,0.19465394951080617,0.5846471878243171,0.3913333333333331,0.021042225415070247
guangzhou_ssp245_late_2080s_heatwave_extreme_2088,Guangzhou,ssp245,late_2080s,heatwave_extreme,2088,0.33177253769095666,0.009114385445020141,0.8428991551864946,0.030298016296236397,0.20315738839389058,0.6564381000421395,0.42200000000000015,0.025771072796934868
guangzhou_ssp245_late_2080s_hot_2083,Guangzhou,ssp245,late_2080s,hot,2083,0.33846073567601165,0.008562106511895677,0.810250322473657,0.028974466754816724,0.20229210359028882,0.5762110842028966,0.41733333333333344,0.025297972541507025
guangzhou_ssp245_late_2080s_typical_2084,Guangzhou,ssp245,late_2080s,typical,2084,0.3183966795875156,0.007109219755801573,0.819132078566007,0.02606114787652112,0.19717342847168812,0.6334669480399882,0.42533333333333356,0.023504070881226052
guangzhou_ssp245_mid_2050s_heatwave_extreme_2055,Guangzhou,ssp245,mid_2050s,heatwave_extreme,2055,0.32656710963361635,0.007269977077291109,0.8138874093055646,0.026409512815491497,0.19612115835462426,0.6400953012813508,0.398,0.023199513090676884
guangzhou_ssp245_mid_2050s_hot_2051,Guangzhou,ssp245,mid_2050s,hot,2051,0.2995952682078607,0.007131530724717172,0.7893719558969928,0.02599261323397615,0.1968446325231341,0.6575098670317028,0.4173333333333332,0.02314583333333333
guangzhou_ssp245_mid_2050s_typical_2054,Guangzhou,ssp245,mid_2050s,typical,2054,0.26647069564085885,0.006924490963526078,0.8538113208908968,0.025552865369989342,0.19092448533789944,0.6384482310216839,0.4126666666666664,0.023622605363984674
guangzhou_ssp245_near_2030s_heatwave_extreme_2034,Guangzhou,ssp245,near_2030s,heatwave_extreme,2034,0.31831037834551024,0.005872808825265428,0.8060072132249054,0.023335000531098573,0.21934807917099902,0.5489356990303091,0.372,0.02117277298850575
guangzhou_ssp245_near_2030s_hot_2038,Guangzhou,ssp245,near_2030s,hot,2038,0.2841483986080129,0.007019048555462601,0.7619769853770519,0.02572966672215694,0.1895057088312193,0.6142904662420732,0.4146666666666664,0.023153336526181352
guangzhou_ssp245_near_2030s_typical_2031,Guangzhou,ssp245,near_2030s,typical,2031,0.31466376986342004,0.005629336404659536,0.817717521358025,0.02296223809643296,0.21259297669886168,0.6037710579348817,0.41600000000000026,0.02075446998722861
guangzhou_ssp585_baseline_2020s_heatwave_extreme_2026,Guangzhou,ssp585,baseline_2020s,heatwave_extreme,2026,0.3317969107350199,0.006264574781545482,0.7451660797154743,0.02418709272312121,0.18058929567143372,0.5639764618685736,0.3713333333333333,0.021812619731800768
guangzhou_ssp585_baseline_2020s_hot_2028,Guangzhou,ssp585,baseline_2020s,hot,2028,0.2970931435876806,0.0061104366396343875,0.8432959407895254,0.023766587772920778,0.18094281208985402,0.5530564319894148,0.37333333333333374,0.021860592273307788
guangzhou_ssp585_baseline_2020s_typical_2025,Guangzhou,ssp585,baseline_2020s,typical,2025,0.3146556692101108,0.00587034575153138,0.788773131842359,0.023390493959117468,0.22131375100496106,0.6484559330467572,0.41066666666666685,0.02143095466155811
guangzhou_ssp585_late_2080s_heatwave_extreme_2086,Guangzhou,ssp585,late_2080s,heatwave_extreme,2086,0.3848112580028269,0.013133364642597315,0.8563574205517599,0.03788533002554414,0.19716181030474184,0.6223651483621762,0.4339999999999996,0.030395234674329502
guangzhou_ssp585_late_2080s_hot_2086,Guangzhou,ssp585,late_2080s,hot,2086,0.3848112580028269,0.013133364642597315,0.8563574205517599,0.03788533002554414,0.19716181030474184,0.6223651483621762,0.4339999999999996,0.030395234674329502
guangzhou_ssp585_late_2080s_typical_2087,Guangzhou,ssp585,late_2080s,typical,2087,0.3425162929522874,0.010003246982044078,0.903648056614788,0.03230866818064456,0.22509126649120514,0.5946066133986236,0.4606666666666672,0.027598978288633464
guangzhou_ssp585_mid_2050s_heatwave_extreme_2059,Guangzhou,ssp585,mid_2050s,heatwave_extreme,2059,0.3145180497431186,0.00801318927100239,0.7546403245768645,0.027907838239946695,0.19677225442680935,0.623852798682462,0.4086666666666666,0.024370370370370372
guangzhou_ssp585_mid_2050s_hot_2057,Guangzhou,ssp585,mid_2050s,hot,2057,0.33870591383881,0.007557016693419878,0.8685382456618141,0.027033062973319533,0.18491543153604012,0.5442166317516972,0.42333333333333334,0.024419899425287356
guangzhou_ssp585_mid_2050s_typical_2050,Guangzhou,ssp585,mid_2050s,typical,2050,0.2663484201545932,0.007266186089834034,0.778044220122548,0.0263130095014926,0.18553054502306326,0.637643920727963,0.4053333333333332,0.023501556513409964
guangzhou_ssp585_near_2030s_heatwave_extreme_2033,Guangzhou,ssp585,near_2030s,heatwave_extreme,2033,0.33846073567601165,0.006781229436646162,0.8482408947000506,0.025373343763472733,0.151046873972027,0.47955165048855375,0.32266666666666644,0.022653935185185183
guangzhou_ssp585_near_2030s_hot_2033,Guangzhou,ssp585,near_2030s,hot,2033,0.33846073567601165,0.006781229436646162,0.8482408947000506,0.025373343763472733,0.151046873972027,0.47955165048855375,0.32266666666666644,0.022653935185185183
guangzhou_ssp585_near_2030s_typical_2039,Guangzhou,ssp585,near_2030s,typical,2039,0.2964073213450418,0.005878708730654364,0.7483356078220866,0.02317646725330741,0.19568612832127757,0.5991020647033644,0.38333333333333325,0.022068925606641122
houston_ssp245_baseline_2020s_heatwave_extreme_2026,Houston,ssp245,baseline_2020s,heatwave_extreme,2026,0.33389369146702375,0.006837113604297926,0.7690568876797296,0.025944992160561512,0.20405622274250376,0.5453241534116398,0.404,0.02183037994891443
houston_ssp245_baseline_2020s_hot_2026,Houston,ssp245,baseline_2020s,hot,2026,0.33389369146702375,0.006837113604297926,0.7690568876797296,0.025944992160561512,0.20405622274250376,0.5453241534116398,0.404,0.02183037994891443
houston_ssp245_baseline_2020s_typical_2027,Houston,ssp245,baseline_2020s,typical,2027,0.3097678521539333,0.005525024244596652,0.733691301954353,0.023369379934511283,0.1568357159295412,0.44235947215856114,0.3819999999999999,0.020222541507024263
houston_ssp245_late_2080s_heatwave_extreme_2081,Houston,ssp245,late_2080s,heatwave_extreme,2081,0.33389369146702375,0.007597551115659625,0.797772239204881,0.027103988906992865,0.1522041520902663,0.4524657618919579,0.3880000000000001,0.02167161558109834
houston_ssp245_late_2080s_hot_2085,Houston,ssp245,late_2080s,hot,2085,0.33389369146702375,0.007639096794635213,0.8081293949252737,0.027781011993972874,0.17310186379054024,0.5242427191388344,0.43666666666666654,0.02203635855683269
houston_ssp245_late_2080s_typical_2086,Houston,ssp245,late_2080s,typical,2086,0.33846073567601165,0.006673865138266481,0.7384167973835032,0.025548985180934087,0.14914116801965877,0.46062524087398293,0.36333333333333334,0.021279134738186465
houston_ssp245_mid_2050s_heatwave_extreme_2058,Houston,ssp245,mid_2050s,heatwave_extreme,2058,0.31449367669905537,0.006631725536751773,0.8355594003337791,0.02512487266774488,0.16112265962375338,0.4951852475342693,0.39133333333333375,0.02066822318007663
houston_ssp245_mid_2050s_hot_2056,Houston,ssp245,mid_2050s,hot,2056,0.3261531592751842,0.006662744716697414,0.7163175366164447,0.026052082324524623,0.18588923131062116,0.4462307131000711,0.3646666666666665,0.02194476372924649
houston_ssp245_mid_2050s_typical_2052,Houston,ssp245,mid_2050s,typical,2052,0.3145180497431186,0.006620145591448634,0.7139836330344929,0.025266711170895163,0.21421332346247346,0.5377523745100383,0.40800000000000014,0.020367736270753514
houston_ssp245_near_2030s_heatwave_extreme_2039,Houston,ssp245,near_2030s,heatwave_extreme,2039,0.30513943644718095,0.0066437283796807614,0.8035623507162857,0.025566606938151392,0.18568377442783152,0.5804579766126341,0.4306666666666664,0.02091191730523627
houston_ssp245_near_2030s_hot_2038,Houston,ssp245,near_2030s,hot,2038,0.33846073567601165,0.007295101989442822,0.7549695707791801,0.027304164133455548,0.15640001981228113,0.5398220807756621,0.42933333333333334,0.021835727969348653
houston_ssp245_near_2030s_typical_2033,Houston,ssp245,near_2030s,typical,2033,0.33846073567601165,0.006367339490671295,0.7416815719769159,0.025009564824001226,0.15376274776387344,0.5042294793440651,0.4239999999999997,0.02073219987228608
houston_ssp585_baseline_2020s_heatwave_extreme_2025,Houston,ssp585,baseline_2020s,heatwave_extreme,2025,0.3270316154301415,0.006625771418334017,0.7242376377236115,0.02529620246062507,0.1441874647055076,0.4210734976959152,0.3866666666666665,0.02100682471264368
houston_ssp585_baseline_2020s_hot_2026,Houston,ssp585,baseline_2020s,hot,2026,0.2834625763653741,0.006660535303181312,0.7327474967670913,0.025651670319380225,0.1572985915469735,0.5385665625664954,0.41333333333333333,0.022116459131545335
houston_ssp585_baseline_2020s_typical_2025,Houston,ssp585,baseline_2020s,typical,2025,0.3270316154301415,0.006625771418334017,0.7242376377236115,0.02529620246062507,0.1441874647055076,0.4210734976959152,0.3866666666666665,0.02100682471264368
houston_ssp585_late_2080s_heatwave_extreme_2086,Houston,ssp585,late_2080s,heatwave_extreme,2086,0.3371933016604868,0.009285551898847007,0.8918486110235021,0.03040511191932039,0.14711474573928623,0.3938504927050962,0.31599999999999995,0.02364256066411239
houston_ssp585_late_2080s_hot_2080,Houston,ssp585,late_2080s,hot,2080,0.33976899016930906,0.008734451230801165,0.9529923622736972,0.02970300966561126,0.20796282249910095,0.5122072494237,0.41400000000000037,0.02342712324393359
houston_ssp585_late_2080s_typical_2088,Houston,ssp585,late_2080s,typical,2088,0.33976899016930906,0.00904547786009792,0.9529923622736972,0.03018048306216874,0.16517388240187603,0.517149762650448,0.3886666666666666,0.02359913793103448
houston_ssp585_mid_2050s_heatwave_extreme_2059,Houston,ssp585,mid_2050s,heatwave_extreme,2059,0.35510406237896536,0.007455770755821022,0.8089793237733884,0.026850726914264975,0.15750300522399965,0.5173223241669753,0.366,0.02132116060025543
houston_ssp585_mid_2050s_hot_2058,Houston,ssp585,mid_2050s,hot,2058,0.33389369146702375,0.007570213138620582,0.8222871611947414,0.02733413842684676,0.15930195375234973,0.5239775396677208,0.42733333333333334,0.02240146072796935
houston_ssp585_mid_2050s_typical_2055,Houston,ssp585,mid_2050s,typical,2055,0.33620378921862987,0.007384778328913228,0.7707358017628221,0.02698682061161565,0.14345645684906821,0.4551739963292307,0.3493333333333333,0.021796735312899107
houston_ssp585_near_2030s_heatwave_extreme_2037,Houston,ssp585,near_2030s,heatwave_extreme,2037,0.33846073567601165,0.00700302752978946,0.7621412871794215,0.026003110472207956,0.21412795170032586,0.568037294586798,0.3993333333333333,0.020968271072796935
houston_ssp585_near_2030s_hot_2035,Houston,ssp585,near_2030s,hot,2035,0.33870591383881,0.006715738032825678,0.793015992020583,0.02570686979751547,0.15880344921934159,0.40862361842560946,0.3746666666666668,0.02107391443167305
houston_ssp585_near_2030s_typical_2038,Houston,ssp585,near_2030s,typical,2038,0.3102979364624321,0.006655378123117797,0.743054038606914,0.02524455916995015,0.1318238904572656,0.412974851604583,0.3920000000000001,0.021791467113665388
kolkata_ssp245_baseline_2020s_heatwave_extreme_2027,Kolkata,ssp245,baseline_2020s,heatwave_extreme,2027,0.3273626584709949,0.008653570693659499,0.8241221931310911,0.029432216964026942,0.19215278219151594,0.6280356943390756,0.39466666666666683,0.02458876117496807
kolkata_ssp245_baseline_2020s_hot_2028,Kolkata,ssp245,baseline_2020s,hot,2028,0.33846073567601165,0.008898857520359219,0.8166888529600821,0.030035111632702473,0.18463837327447674,0.6239746514345945,0.3939999999999998,0.025110233077905487
kolkata_ssp245_baseline_2020s_typical_2026,Kolkata,ssp245,baseline_2020s,typical,2026,0.3019205131399667,0.008119683724739655,0.8131961874135738,0.02838213519900827,0.20795615562793093,0.6071417599989246,0.40200000000000014,0.023801524584929755
kolkata_ssp245_late_2080s_heatwave_extreme_2086,Kolkata,ssp245,late_2080s,heatwave_extreme,2086,0.37597274490372856,0.011027717948583779,0.7738768974540722,0.033946390297453374,0.21212140636648089,0.6120608317104625,0.4053333333333332,0.026256465517241378
kolkata_ssp245_late_2080s_hot_2087,Kolkata,ssp245,late_2080s,hot,2087,0.33375579149738327,0.010669104242777071,0.8077071188603643,0.0334385633803143,0.18472299493901814,0.6171552633026428,0.398,0.026967432950191567
kolkata_ssp245_late_2080s_typical_2084,Kolkata,ssp245,late_2080s,typical,2084,0.4019886363636364,0.00986169281512432,0.8159828870849352,0.03130710802782306,0.18769611859202437,0.6031125554627199,0.41133333333333344,0.025307112068965514
kolkata_ssp245_mid_2050s_heatwave_extreme_2053,Kolkata,ssp245,mid_2050s,heatwave_extreme,2053,0.327362658470995,0.009877240343103728,0.7899097773351718,0.03185992401071922,0.19153285932695524,0.6202538094902887,0.3893333333333332,0.025560145274584924
kolkata_ssp245_mid_2050s_hot_2053,Kolkata,ssp245,mid_2050s,hot,2053,0.327362658470995,0.009877240343103728,0.7899097773351718,0.03185992401071922,0.19153285932695524,0.6202538094902887,0.3893333333333332,0.025560145274584924
kolkata_ssp245_mid_2050s_typical_2058,Kolkata,ssp245,mid_2050s,typical,2058,0.32287742255449814,0.008720431345258685,0.7780891352261157,0.029558596851984597,0.1987029718111627,0.6266499845644109,0.4113333333333331,0.0242302043422733
kolkata_ssp245_near_2030s_heatwave_extreme_2039,Kolkata,ssp245,near_2030s,heatwave_extreme,2039,0.3213469134436373,0.008649598967042855,0.8221623816699153,0.029627954846100465,0.1912299811133408,0.6202316330380402,0.4346666666666663,0.024321839080459765
kolkata_ssp245_near_2030s_hot_2031,Kolkata,ssp245,near_2030s,hot,2031,0.3303191208844563,0.009809787584513993,0.8190311606845984,0.031935152618632084,0.18880044663725437,0.6109884638045738,0.40666666666666673,0.025891004150702425
kolkata_ssp245_near_2030s_typical_2036,Kolkata,ssp245,near_2030s,typical,2036,0.3369302265651508,0.007341824626371107,0.7682441105265256,0.026774131902973203,0.19361096579810075,0.6202279784792204,0.41066666666666674,0.022098020434227324
kolkata_ssp585_baseline_2020s_heatwave_extreme_2027,Kolkata,ssp585,baseline_2020s,heatwave_extreme,2027,0.3464912280701756,0.007315638492710752,0.8138738815472534,0.026590838172576736,0.20649175621725738,0.6244561233019053,0.4240000000000004,0.022021312260536396
kolkata_ssp585_baseline_2020s_hot_2026,Kolkata,ssp585,baseline_2020s,hot,2026,0.33389369146702375,0.00770701744953577,0.7872818538770723,0.02767050694827707,0.18668675018382938,0.6325506379084553,0.3919999999999999,0.02357283684546615
kolkata_ssp585_baseline_2020s_typical_2029,Kolkata,ssp585,baseline_2020s,typical,2029,0.3425162929522874,0.006706873318060529,0.8254941165734966,0.025627154672800037,0.19309923379423832,0.5629429895113855,0.382,0.021910081417624516
kolkata_ssp585_late_2080s_heatwave_extreme_2080,Kolkata,ssp585,late_2080s,heatwave_extreme,2080,0.4019886363636364,0.014846401713811032,0.9365439765612509,0.04163625222114638,0.18896373828482801,0.5950999687509289,0.40866666666666673,0.030728408365261806
kolkata_ssp585_late_2080s_hot_2080,Kolkata,ssp585,late_2080s,hot,2080,0.4019886363636364,0.014846401713811032,0.9365439765612509,0.04163625222114638,0.18896373828482801,0.5950999687509289,0.40866666666666673,0.030728408365261806
kolkata_ssp585_late_2080s_typical_2088,Kolkata,ssp585,late_2080s,typical,2088,0.3848112580028269,0.011663653420887569,0.790727888178156,0.03519243569784333,0.1968359543116201,0.5935283575523406,0.4073333333333332,0.028252354725415065
kolkata_ssp585_mid_2050s_heatwave_extreme_2059,Kolkata,ssp585,mid_2050s,heatwave_extreme,2059,0.3809993139113403,0.014024230341616675,0.9773255745438343,0.03940893318679732,0.1844303618372969,0.6228822314741238,0.41000000000000036,0.02992229406130268
kolkata_ssp585_mid_2050s_hot_2059,Kolkata,ssp585,mid_2050s,hot,2059,0.3809993139113403,0.014024230341616675,0.9773255745438343,0.03940893318679732,0.1844303618372969,0.6228822314741238,0.41000000000000036,0.02992229406130268
kolkata_ssp585_mid_2050s_typical_2057,Kolkata,ssp585,mid_2050s,typical,2057,0.3797846889952153,0.008627595919928913,0.7439411499575592,0.029285359212537016,0.18838665484460215,0.6166279592428792,0.3820000000000001,0.023669340676883775
kolkata_ssp585_near_2030s_heatwave_extreme_2032,Kolkata,ssp585,near_2030s,heatwave_extreme,2032,0.3458054058275368,0.006845747624185539,0.8544697958483485,0.02611293302520355,0.1856873383413388,0.5692252705641134,0.4026666666666666,0.020948555236270743
kolkata_ssp585_near_2030s_hot_2030,Kolkata,ssp585,near_2030s,hot,2030,0.3016186810518111,0.007837790666902277,0.7654344528194399,0.027484801843383033,0.1997901384447053,0.5606997405887337,0.3899999999999999,0.022671016922094504
kolkata_ssp585_near_2030s_typical_2038,Kolkata,ssp585,near_2030s,typical,2038,0.3213469134436373,0.006715728231362617,0.7788193906522403,0.025378815929614967,0.17536282270756148,0.58562804411105,0.41200000000000003,0.020821998722860786
phoenix_ssp245_baseline_2020s_heatwave_extreme_2025,Phoenix,ssp245,baseline_2020s,heatwave_extreme,2025,0.2899749978307703,0.008115120527780982,0.8019505416904495,0.03041672520780091,0.18205265559404243,0.5470215663647545,0.47799999999999976,0.02389272030651341
phoenix_ssp245_baseline_2020s_hot_2028,Phoenix,ssp245,baseline_2020s,hot,2028,0.32037529793431807,0.008224616194083212,0.9876464074730598,0.030071726900732516,0.18863737292980884,0.6175812396736065,0.48599999999999965,0.023609115581098343
phoenix_ssp245_baseline_2020s_typical_2026,Phoenix,ssp245,baseline_2020s,typical,2026,0.2995952682078607,0.007694166478206677,0.8178592298722982,0.028827384142586506,0.179423491352871,0.6357690112786565,0.43800000000000006,0.023329621647509582
phoenix_ssp245_late_2080s_heatwave_extreme_2086,Phoenix,ssp245,late_2080s,heatwave_extreme,2086,0.33693022656515076,0.010958138307213957,1.0164266975903644,0.03703716933923265,0.2075422711125405,0.6380730506218527,0.45933333333333326,0.026780691251596433
phoenix_ssp245_late_2080s_hot_2086,Phoenix,ssp245,late_2080s,hot,2086,0.33693022656515076,0.010958138307213957,1.0164266975903644,0.03703716933923265,0.2075422711125405,0.6380730506218527,0.45933333333333326,0.026780691251596433
phoenix_ssp245_late_2080s_typical_2081,Phoenix,ssp245,late_2080s,typical,2081,0.3305350459982882,0.0093903803554742,0.9422886722276173,0.032492402539048365,0.1916860452615612,0.6433615490196457,0.46133333333333304,0.02379306353767561
phoenix_ssp245_mid_2050s_heatwave_extreme_2051,Phoenix,ssp245,mid_2050s,heatwave_extreme,2051,0.3309079149486621,0.009500489901136389,0.8283359552456637,0.03279477644039657,0.17497755096558418,0.5060723174807122,0.4460000000000002,0.024316491060025546
phoenix_ssp245_mid_2050s_hot_2058,Phoenix,ssp245,mid_2050s,hot,2058,0.3425162929522874,0.010177342545511187,0.9911582546004825,0.034588905134250524,0.19056574150946237,0.609112877999324,0.4233333333333331,0.02439615261813538
phoenix_ssp245_mid_2050s_typical_2054,Phoenix,ssp245,mid_2050s,typical,2054,0.3375661706108607,0.009043671242690766,0.9785093319857069,0.03145364248591218,0.1997224650521215,0.588448347818192,0.46266666666666656,0.02386510217113666
phoenix_ssp245_near_2030s_heatwave_extreme_2039,Phoenix,ssp245,near_2030s,heatwave_extreme,2039,0.34227111478948913,0.00961928173601622,0.9521077290042365,0.03354201224461158,0.19615578823157187,0.6174767961072202,0.4546666666666668,0.023979406130268208
phoenix_ssp245_near_2030s_hot_2039,Phoenix,ssp245,near_2030s,hot,2039,0.34227111478948913,0.00961928173601622,0.9521077290042365,0.03354201224461158,0.19615578823157187,0.6174767961072202,0.4546666666666668,0.023979406130268208
phoenix_ssp245_near_2030s_typical_2034,Phoenix,ssp245,near_2030s,typical,2034,0.2970931435876807,0.008842100163226051,0.8258054928583358,0.03215793627122505,0.1744091475024168,0.5837392170281941,0.41200000000000014,0.0242937021072797
phoenix_ssp585_baseline_2020s_heatwave_extreme_2025,Phoenix,ssp585,baseline_2020s,heatwave_extreme,2025,0.3005076148451144,0.008903208713025404,0.7937477705855971,0.032211222698063834,0.2067423558064859,0.5795019095707935,0.4586666666666669,0.023749401340996172
phoenix_ssp585_baseline_2020s_hot_2025,Phoenix,ssp585,baseline_2020s,hot,2025,0.3005076148451144,0.008903208713025404,0.7937477705855971,0.032211222698063834,0.2067423558064859,0.5795019095707935,0.4586666666666669,0.023749401340996172
phoenix_ssp585_baseline_2020s_typical_2029,Phoenix,ssp585,baseline_2020s,typical,2029,0.34178628389154725,0.008769484391993878,0.8329749818899579,0.03135052892545951,0.21734779896341747,0.5725658862480406,0.4813333333333336,0.024176245210727976
phoenix_ssp585_late_2080s_heatwave_extreme_2085,Phoenix,ssp585,late_2080s,heatwave_extreme,2085,0.4599436408016618,0.012285111323681906,0.9022174447386003,0.03796759562071574,0.18197803880981964,0.5599538152766909,0.44599999999999973,0.025251117496807154
phoenix_ssp585_late_2080s_hot_2089,Phoenix,ssp585,late_2080s,hot,2089,0.3917525773195877,0.012303869951381427,0.9616894687465439,0.03731602696010231,0.19246982826714867,0.6394959402117306,0.45799999999999985,0.026246847062579827
phoenix_ssp585_late_2080s_typical_2081,Phoenix,ssp585,late_2080s,typical,2081,0.3556437495612873,0.011646873940385312,1.0434894527152807,0.03688824680604414,0.2165685084205448,0.6481778253157118,0.44066666666666665,0.026069923371647517
phoenix_ssp585_mid_2050s_heatwave_extreme_2057,Phoenix,ssp585,mid_2050s,heatwave_extreme,2057,0.33437628558166665,0.009878218808526285,0.8711522140951586,0.034371238854505964,0.17535877776638348,0.5231896467155808,0.47266666666666646,0.025363864942528742
phoenix_ssp585_mid_2050s_hot_2057,Phoenix,ssp585,mid_2050s,hot,2057,0.33437628558166665,0.009878218808526285,0.8711522140951586,0.034371238854505964,0.17535877776638348,0.5231896467155808,0.47266666666666646,0.025363864942528742
phoenix_ssp585_mid_2050s_typical_2050,Phoenix,ssp585,mid_2050s,typical,2050,0.3359586110558316,0.009525085759561052,0.9915490204833941,0.03218500904891208,0.21525738850329595,0.5836582055318486,0.45200000000000007,0.023754509897828863
phoenix_ssp585_near_2030s_heatwave_extreme_2033,Phoenix,ssp585,near_2030s,heatwave_extreme,2033,0.33425775243355965,0.009445120462720417,1.0004007247663846,0.03364481384783292,0.17325625594466126,0.541449491627178,0.43333333333333335,0.0250547174329502
phoenix_ssp585_near_2030s_hot_2033,Phoenix,ssp585,near_2030s,hot,2033,0.33425775243355965,0.009445120462720417,1.0004007247663846,0.03364481384783292,0.17325625594466126,0.541449491627178,0.43333333333333335,0.0250547174329502
phoenix_ssp585_near_2030s_typical_2034,Phoenix,ssp585,near_2030s,typical,2034,0.3203752979343181,0.008685416940773806,0.986518270267143,0.03179336072700723,0.22229195725301407,0.5783490390663164,0.48733333333333284,0.024357040229885062
