city,year,occupied_probability_steps,mean_p_disc_mean,max_zone_p_disc_mean,p90_zone_p_disc_mean,mean_high_tail_020_pct,max_zone_high_tail_020_pct,p90_zone_high_tail_020_pct,hidden_tail_020_pct,mean_low_but_any_zone_above_disc_low_pct,mean_below_disc_up_but_any_zone_above_disc_up_pct,max_zone_more_severe_pct,p90_zone_more_severe_pct,mean_zone_p_disc_spread,p95_zone_p_disc_spread,mean_zones_above_tail_020,zone_mu_both_signs_pct,zone_d_tail_both_signs_pct,mu_d_tail_sign_conflict_pct_of_comparable,mu_d_tail_sign_comparable_steps,mean_abs_mu,mean_abs_d_tail
All,All,2405376,0.12072983710512479,0.20483604517342835,0.1713090879143976,13.847232199872286,37.52124407992763,29.08576455406556,23.674011880055343,12.406417957109408,15.22344115847169,27.629859115581095,19.60184187420179,0.1287611297416897,0.3916270623898833,2.2067294260855683,32.9100315293742,50.90422453703704,1.4932470077424065,1873836,0.3061868689916226,0.07236940216647555
Ahmedabad,All,400896,0.1358402795542677,0.25958763456163875,0.21175715553293273,17.538962723499363,55.02848619093231,44.33394196998723,37.48952346743295,10.358546855044699,25.83338322158365,36.19193007662835,25.896741299489147,0.18032150012852294,0.4626895686824083,3.1041791387292466,26.24745569923372,46.68268079501915,0.0011743739852674783,340607,0.3711726420161518,0.08902436856251024
Beijing,All,400896,0.09728494851718258,0.14714700410712314,0.1252275375630028,5.433828224776501,16.05403895274585,10.323126197318008,10.620210727969347,8.387711526181354,3.713681353767561,12.101392879948914,9.661109115581098,0.07820720241655565,0.23313283208020047,0.8822687180715197,49.247186302681996,59.73893478607918,5.171894097734025,301901,0.20753638586810194,0.04782029324290342
Guangzhou,All,400896,0.11117751563227193,0.17851721326711967,0.15079403468139707,12.673361669859515,32.655102570242654,24.620350415070245,19.98174090038314,18.328194843550445,11.730224297573436,30.05841914112388,21.241918103448278,0.10626316880644296,0.3193817401445611,1.9083552841634739,33.40242856002554,55.21731321839081,1.5483187715117819,283275,0.2834254289635704,0.062361556587342444
Houston,All,400896,0.10829563918513357,0.17010431419600838,0.14582891729140116,12.456597222222223,29.422842832056194,23.353188856960408,16.966245609833972,19.384329102809705,12.254549808429118,31.638878911238827,23.594149106002554,0.10030919641248014,0.3153931529624855,1.7802622126436782,36.77637092911878,57.906788793103445,2.399247121346324,270960,0.27192920122701353,0.05914184480756993
Kolkata,All,400896,0.13226364727483633,0.22097370230830682,0.18458446767433667,19.719827586206897,46.71061821519796,36.77836645913155,26.990790628991064,16.701837883141764,17.32494212962963,34.02678001277139,23.822387851213282,0.13681408271727521,0.34291859889615417,3.094568167305236,26.341744492337167,47.57069165070243,0.4702710993769969,306419,0.36366555031225195,0.08604870406340692
Phoenix,All,400896,0.1395169924670561,0.2526864026003731,0.20966241474331543,15.26081577266922,45.25637571839081,35.105613425925924,29.995559945721585,1.2778875319284801,20.483866139846743,21.761753671775224,13.394745769476375,0.17065162796886152,0.4687466302222273,2.4707430356002553,25.44500319284802,38.308937978927204,0.009442259235878428,370674,0.3393920055626458,0.0898196457351202
Ahmedabad,2025,33408,0.12113727082508048,0.23756680076481476,0.1919308393572466,12.347341954022989,49.042145593869726,38.28125,36.69480363984675,11.826508620689655,23.75778256704981,35.58429118773947,25.25742337164751,0.1659689366155433,0.46012005485540436,2.342073754789272,28.03220785440613,51.03568007662835,0.0,27656,0.32306453639656635,0.0731770936001238
Ahmedabad,2027,33408,0.1533697043950611,0.2830828322035841,0.23114919730270136,25.005986590038315,62.75143678160919,52.47246168582376,37.74545019157088,6.429597701149426,32.866379310344826,39.29597701149425,26.903735632183906,0.19243214089617025,0.4529680489029977,4.03963122605364,20.551963601532567,37.16475095785441,0.0,30216,0.4432853344656264,0.10857290183300307
Ahmedabad,2029,33408,0.13904723233649616,0.27063578466324284,0.21789010618176236,19.07926245210728,59.93175287356321,48.19204980842912,40.85249042145594,7.614942528735632,28.939176245210728,36.55411877394636,25.742337164750957,0.1912011106461115,0.4636256915630371,3.255866858237548,20.65972222222222,39.64918582375479,0.006751738572682465,29622,0.3896582204320401,0.09306081940979492
Ahmedabad,2031,16704,0.12469578726851713,0.2280655709324086,0.18682712015811012,14.92456896551724,46.839080459770116,36.96719348659004,31.914511494252874,10.153256704980842,21.20450191570881,31.35775862068966,22.395833333333336,0.1529110450561479,0.4181112534899441,2.6095545977011496,25.437021072796934,49.41930076628353,0.014381246854102253,13907,0.33662195497958125,0.07641379802738188
Ahmedabad,2032,16704,0.11324594496782421,0.22057985923675053,0.17540532016713167,8.68654214559387,46.55771072796935,34.25526819923372,37.87116858237548,11.009339080459771,17.41499042145594,28.424329501915707,19.282806513409962,0.15268194228888884,0.4129705515722835,1.866977969348659,26.44276819923372,49.40134099616858,0.0,14089,0.29802849960443684,0.06444129452740077
Ahmedabad,2034,33408,0.12211070229310603,0.2407981620044607,0.19359731337995553,13.080699233716475,50.18558429118774,38.53568007662835,37.104885057471265,12.122844827586206,23.09027777777778,35.213122605363985,24.796455938697317,0.17064472897092606,0.43633863923588767,2.4242097701149423,29.669540229885055,52.98730842911878,0.0,27694,0.3218231312162509,0.07398228358428384
Ahmedabad,2037,33408,0.12349522485348496,0.24299595233781515,0.195472892040538,12.31441570881226,51.02370689655172,39.37380268199234,38.70929118773947,9.835967432950191,23.03639846743295,32.872365900383144,23.000478927203066,0.17193011507130593,0.46443547490962445,2.3482399425287355,23.659003831417625,47.32998084291188,0.0,28194,0.3307386051280055,0.07568816837581939
Ahmedabad,2050,16704,0.13703151108642797,0.2627206529143102,0.21510351444962963,18.187260536398465,56.34578544061303,44.9712643678161,38.15852490421456,10.76388888888889,25.532806513409962,36.29669540229885,26.09554597701149,0.18402642046682444,0.463625691563037,3.2122844827586206,26.837883141762454,47.87476053639847,0.0,14127,0.375217481996665,0.09029561271133711
Ahmedabad,2051,16704,0.13973651134750673,0.2691617774208952,0.221199238225628,18.797892720306514,58.12978927203065,47.39583333333333,39.331896551724135,9.410919540229886,28.358477011494255,37.769396551724135,27.340756704980844,0.18963384717951012,0.4636256915630371,3.2366499042145596,25.395114942528735,43.84578544061303,0.0,14440,0.38677021105391823,0.09355998842595113
Ahmedabad,2055,16704,0.11144078854482413,0.22299657141776072,0.1791510501158985,8.363266283524904,44.13912835249042,33.83620689655172,35.775862068965516,12.697557471264368,20.504070881226053,33.20162835249042,23.50933908045977,0.156601182059481,0.456293087358395,1.9200790229885059,31.36973180076628,54.78328544061303,0.0,13426,0.28069522948116377,0.062044657604179675
Ahmedabad,2058,16704,0.11682588543552508,0.23252672354619383,0.1883255546283586,9.40493295019157,47.347940613026815,36.57806513409962,37.94300766283525,11.129070881226054,21.126676245210728,32.25574712643678,23.32375478927203,0.1633580007629134,0.4626895686824083,2.035081417624521,25.862068965517242,48.13218390804598,0.0,13944,0.3107685639491036,0.06812024129683666
Ahmedabad,2059,33408,0.14452660108423246,0.2702494933627338,0.2220101747395931,20.863266283524904,56.519396551724135,46.73132183908046,35.656130268199234,10.656130268199233,26.36494252873563,37.02107279693487,26.72413793103448,0.18511958938917483,0.46249591627468895,3.627993295019157,26.676245210727966,48.162116858237546,0.0,28506,0.39833335125043806,0.09810881153110317
Ahmedabad,2081,33408,0.14560217254015995,0.28324806156953825,0.23285985669856876,21.180555555555554,62.775383141762454,52.52035440613027,41.5948275862069,9.18941570881226,30.57950191570881,39.76891762452107,29.920977011494255,0.20263815957964015,0.4664493100709588,3.7248563218390807,25.137691570881227,43.65421455938697,0.0,29076,0.4037423432766942,0.09991756588855052
Ahmedabad,2086,16704,0.13052181640158195,0.2501734393945104,0.20750094259259608,15.044300766283525,51.86781609195402,42.379070881226056,36.8235153256705,13.972701149425287,22.60536398467433,36.57806513409962,27.113266283524908,0.17404970537872855,0.4664493100709587,2.86566091954023,29.166666666666668,49.35943486590038,0.0,13304,0.3485548664940026,0.08296705964085783
Ahmedabad,2087,16704,0.14024503499878405,0.2702503920076704,0.22132339002382798,18.815852490421456,55.938697318007655,45.3963122605364,37.122844827586206,11.548132183908045,26.622365900383144,38.17049808429119,27.987308429118773,0.1900957778209359,0.4636256915630371,3.303220785440613,28.921216475095786,47.587404214559385,0.0,13836,0.3764522033173913,0.09374298275202815
Ahmedabad,2088,33408,0.17392280629809512,0.30823703439822575,0.258757421514237,30.483716475095786,64.5294540229885,55.01077586206896,34.04573754789272,11.284722222222223,29.681513409961685,40.9662356321839,29.89104406130268,0.2022442598666877,0.4636256915630371,4.962523946360153,30.866858237547895,45.00718390804598,0.0,28570,0.486871676590069,0.12999196103445773
Beijing,2025,33408,0.09076103146885264,0.13668357137540177,0.11586323927907385,3.388409961685824,13.08668582375479,7.644875478927203,9.698275862068966,9.033764367816092,2.664032567049808,11.6977969348659,9.800047892720306,0.07159453203901016,0.2079436004508814,0.5693247126436781,46.50981800766284,58.83022030651341,4.908612020113337,25058,0.19006759406945473,0.04122763133107903
Beijing,2026,33408,0.08131382587090318,0.12286267541618705,0.10319663814027358,0.14966475095785442,7.204861111111111,3.223778735632184,7.055196360153257,11.727729885057471,1.257183908045977,12.984913793103448,9.476772030651341,0.06262956025756376,0.1599531475564014,0.14167265325670497,59.25526819923371,68.6661877394636,7.060220824352263,22733,0.13724260234012262,0.029605910737516485
Beijing,2029,33408,0.09044965169619933,0.14011701375809227,0.11712083404356734,2.7957375478927204,14.517480842911878,7.92624521072797,11.721743295019158,8.560823754789272,2.7238984674329503,11.284722222222223,8.620689655172415,0.07596854463819867,0.21859423103636538,0.5044899425287356,51.81393678160919,62.31441570881226,6.078953741826108,24774,0.17616409998608798,0.039368519223178564
Beijing,2030,16704,0.09434566437703133,0.1503924911686638,0.12337176567220193,3.466235632183908,17.929837164750957,10.398706896551724,14.46360153256705,7.106082375478927,4.304358237547893,11.41044061302682,8.14176245210728,0.08435615447420153,0.2510706841958163,0.6846863026819924,52.11925287356321,59.686302681992345,7.406513872135102,12435,0.18682709471167275,0.04303992727287395
Beijing,2032,16704,0.0877481687372691,0.13518093986643087,0.11397443995075193,1.8199233716475096,13.182471264367814,6.710967432950192,11.362547892720306,9.111590038314176,1.4008620689655173,10.512452107279694,9.11757662835249,0.07308769462051541,0.21308430236854203,0.3891882183908046,50.053879310344826,64.0205938697318,3.302635757383296,12596,0.17718863552521052,0.03803739187114615
Beijing,2034,16704,0.08596601642151964,0.13118397780319868,0.11121363946882296,1.2691570881226053,10.883620689655173,5.465756704980843,9.614463601532568,9.07567049808429,1.2332375478927202,10.308908045977011,8.417145593869732,0.06971755034842747,0.19451815746100187,0.3163912835249042,52.047413793103445,65.53520114942529,6.357723577235773,12300,0.16479973566520453,0.035558657342024846
Beijing,2035,16704,0.08799173382565373,0.1377879629331892,0.11308677782164069,1.430795019157088,13.96072796934866,6.908524904214559,12.529932950191572,9.099616858237548,2.03544061302682,11.135057471264368,8.704501915708812,0.07442840957797676,0.2249514042949959,0.3477610153256705,49.616858237547895,65.80459770114942,7.317272356063699,12245,0.16645759423814616,0.03496012134508333
Beijing,2037,16704,0.09333837601901976,0.14690318308813172,0.12300343531164899,3.4063697318007664,17.11566091954023,10.1352969348659,13.709291187739463,8.051963601532568,3.1369731800766285,11.188936781609195,8.860153256704981,0.08177438402227104,0.2414175731524193,0.5981202107279694,49.9580938697318,59.77610153256705,8.49730945305598,12451,0.19323891383957018,0.042062355021693434
Beijing,2039,16704,0.08204421573920302,0.12362221691576739,0.10328325131028919,0.11374521072796935,7.692768199233717,3.292624521072797,7.579022988505748,10.225095785440613,1.1314655172413792,11.356561302681992,8.530890804597702,0.06240824844446213,0.1673398695419206,0.15199952107279693,57.082136015325666,67.5646551724138,7.158516020236087,11860,0.1423844811080285,0.029257844578425757
Beijing,2050,33408,0.10378121482216732,0.15328970086698782,0.13279440570950038,7.8244731800766285,17.067768199233715,12.09889846743295,9.243295019157088,7.070162835249043,4.537835249042145,11.607998084291188,9.728208812260537,0.07953762768735843,0.2366483312099552,1.1785201149425288,44.450431034482754,54.94492337164751,3.4080581641926693,26408,0.24086678158029085,0.0559937203960869
Beijing,2052,33408,0.10997870024664767,0.16641926796114442,0.14211553358083492,9.608477011494253,22.557471264367816,15.834530651340998,12.948994252873563,6.483477011494252,5.789032567049809,12.27250957854406,9.500718390804598,0.08970257821902175,0.2665254501937665,1.4960488505747127,46.51580459770115,54.16068007662835,5.774483027701912,25630,0.24636632942142905,0.061352446222233833
Beijing,2053,16704,0.0870905098450329,0.13106526759992293,0.11142841524820703,1.6103927203065134,11.242816091954024,5.507662835249042,9.63242337164751,8.225574712643677,1.0057471264367817,9.23132183908046,7.638888888888889,0.06891219378678153,0.18945864863050654,0.34225335249042144,50.951867816091955,60.350814176245215,4.789332491715323,12674,0.1692760419291974,0.03777272844252838
Beijing,2056,16704,0.09060019458459025,0.13811954595069753,0.11719070179188167,3.095067049808429,13.751197318007662,8.261494252873563,10.656130268199233,8.411159003831417,2.8316570881226055,11.242816091954024,8.93199233716475,0.07382910133251139,0.2252500018245566,0.5519037356321839,52.42456896551724,60.787835249042146,5.472077139413419,12445,0.1803923317569844,0.04123539670529726
Beijing,2083,16704,0.10778052427929452,0.16097523640625983,0.13874807137056488,10.745929118773946,20.587883141762454,14.918582375478929,9.841954022988505,7.579022988505748,8.129789272030653,15.708812260536398,13.36206896551724,0.08606397710092513,0.26048349320347514,1.5016163793103448,48.31178160919541,57.47126436781609,4.695813092759658,12969,0.2518639845115453,0.06070133265177619
Beijing,2084,50112,0.11066619225499266,0.1621237721214302,0.14141012219325075,10.29094827586207,19.532247765006385,14.483556832694763,9.241299489144318,7.409402937420179,5.198355683269476,12.607758620689655,10.26301085568327,0.08392785777784514,0.24295490436918757,1.562220625798212,45.2566251596424,56.64511494252874,3.3226673492896457,39065,0.2642965255143411,0.06338948064173945
Beijing,2089,33408,0.11668296780462478,0.1755907508593881,0.15187436773990315,12.523946360153257,25.742337164750957,19.62404214559387,13.218390804597702,8.219588122605364,7.189894636015326,15.40948275862069,12.55986590038314,0.09587294263671077,0.26438869590121084,1.9118773946360152,43.253113026819925,52.48443486590039,2.9552898164368955,26258,0.2870700281055473,0.06989819242671232
Guangzhou,2025,33408,0.09427951264507037,0.14979555960577684,0.12667959599917702,6.387691570881227,23.982279693486593,17.055795019157088,17.594588122605366,20.480124521072796,7.76161398467433,28.241738505747126,20.25263409961686,0.08662813678521647,0.2916709345166173,1.0312200670498084,37.28448275862069,62.775383141762454,2.269968984582191,22247,0.22079654723845513,0.04349094147159746
Guangzhou,2026,16704,0.09860380720299707,0.15330396634044352,0.1321093950790234,8.273467432950191,25.796216475095786,18.19324712643678,17.522749042145595,21.539750957854405,7.118055555555555,28.657806513409962,21.57567049808429,0.08778674673842113,0.2687733689985508,1.266044061302682,34.90181992337165,59.195402298850574,3.026458861906488,11036,0.24362777358314194,0.048702869758287894
Guangzhou,2027,16704,0.08702354347263354,0.13861554747464613,0.11591008182684326,4.124760536398467,20.037116858237546,12.464080459770114,15.91235632183908,18.92361111111111,4.944923371647509,23.868534482758623,16.056034482758623,0.07850052667678109,0.2657782464852416,0.6596623563218391,42.834051724137936,65.60704022988506,1.0984258778758,11562,0.19234993943929826,0.035773387574804895
Guangzhou,2028,33408,0.094658732803467,0.15010791005995736,0.12721444879315097,7.040229885057471,23.712883141762454,16.29250478927203,16.67265325670498,20.92313218390805,7.549090038314176,28.47222222222222,20.761494252873565,0.0871184221300054,0.2921367259746128,1.0443306992337165,40.05627394636016,60.886613984674334,1.9560126727581613,21779,0.21892024902223742,0.04414734431408354
Guangzhou,2031,16704,0.09195958636631248,0.14671918347596002,0.12325427119624445,6.124281609195402,22.35991379310345,14.918582375478929,16.23563218390805,22.695162835249043,6.836685823754789,29.531848659003828,21.150622605363985,0.08465137075021055,0.28372034455927986,0.9143318965517241,41.73251915708812,62.703544061302686,2.8219696969696972,10560,0.20438565012754564,0.0407054647284309
Guangzhou,2033,33408,0.10420924623190865,0.166712613032995,0.14072487816661727,10.027538314176246,29.555795019157088,21.755268199233715,19.528256704980844,19.085249042145595,10.572318007662835,29.65756704980843,20.953065134099617,0.09954280045812268,0.3102524510448249,1.5116139846743295,34.309147509578544,55.78304597701149,2.3030942334739803,22752,0.253157452181827,0.05466053544870045
Guangzhou,2034,16704,0.09224534439911009,0.14423665716689246,0.1221359247007887,6.130268199233716,21.557710727969347,14.547413793103448,15.427442528735632,21.671455938697317,6.633141762452108,28.304597701149426,20.25862068965517,0.0824480884127837,0.2773238632352667,0.9464798850574713,39.21815134099617,62.09889846743295,1.7434737536518707,10611,0.2124113832792074,0.041235590256926045
Guangzhou,2038,16704,0.10380971499506457,0.16469104850483665,0.13974842886038097,9.925766283524904,29.424090038314176,21.312260536398465,19.498323754789272,18.845785440613028,8.890086206896552,27.73587164750958,19.785680076628353,0.09730091608319126,0.27965064719042676,1.5186781609195403,35.36877394636016,57.7705938697318,0.8163265306122449,12005,0.25911619652847306,0.05438614111082476
Guangzhou,2039,16704,0.09241481617129822,0.14688243501221016,0.12320370696350708,5.4897030651340994,23.521312260536398,14.266044061302683,18.031609195402297,19.71384099616858,5.256226053639847,24.970067049808428,18.312978927203066,0.08495007248591074,0.2645611717015178,0.9030172413793104,36.95522030651341,63.62547892720306,1.6618497109826589,11072,0.21010648577027635,0.04095379927079191
Guangzhou,2050,16704,0.11036524519716993,0.17562955043216769,0.14919169878051466,12.97294061302682,32.29765325670498,24.22772988505747,19.32471264367816,17.397030651340998,12.110871647509578,29.507902298850574,21.70138888888889,0.10453453120454519,0.3163645559941391,1.8880507662835249,32.531130268199234,55.07662835249042,1.204109127652408,11876,0.2799164638691454,0.06129811692089323
Guangzhou,2051,16704,0.10894074449935963,0.1732718217609877,0.14656872574602944,12.266522988505747,31.794779693486593,23.18007662835249,19.528256704980844,17.995689655172413,12.128831417624522,30.124521072796934,21.156609195402297,0.1026598047301624,0.3066795882287333,1.7949592911877394,35.302921455938694,56.23802681992337,1.5004636264014162,11863,0.2732738429001444,0.05995032447658657
Guangzhou,2054,16704,0.1040735598665426,0.17265859382560397,0.1435851606179718,9.770114942528735,31.950431034482758,22.82088122605364,22.180316091954023,16.19971264367816,11.075191570881227,27.27490421455939,18.767959770114942,0.10611770791391474,0.3248052889258405,1.4980244252873562,33.93797892720307,55.519636015325666,1.269161035107961,12134,0.2555859406898024,0.05473198957268382
Guangzhou,2055,16704,0.10833668107385513,0.17527099415293357,0.14751754263586944,11.847461685823754,32.543103448275865,23.988266283524904,20.69564176245211,18.546455938697317,11.715756704980842,30.26221264367816,21.21647509578544,0.10489748148416568,0.3153931529624854,1.8263888888888888,32.05818965517241,56.90253831417624,0.6103596172880237,12124,0.2823584178631589,0.05956038585780827
Guangzhou,2057,16704,0.10939211151492535,0.18274277175663883,0.1513133021718658,11.781609195402298,35.06345785440613,25.8860153256705,23.28184865900383,16.678639846743295,13.266283524904216,29.94492337164751,19.60009578544061,0.11334322540361433,0.3265372583793636,1.8039391762452108,29.84913793103448,52.023467432950184,1.3161121556445678,12233,0.27951216245471194,0.060715050943320234
Guangzhou,2059,16704,0.11652290446348204,0.1919370387854316,0.16203763609811048,14.158285440613028,38.91882183908046,30.45977011494253,24.760536398467433,18.217193486590038,15.18199233716475,33.39918582375479,23.000478927203066,0.1179470983249799,0.319345274410421,2.2161159003831417,30.208333333333332,48.62308429118774,1.3559322033898304,12095,0.3092855087329175,0.0688047856568728
Guangzhou,2083,16704,0.1214228310959414,0.20259601414587322,0.16882365243146313,16.35536398467433,43.08548850574713,32.734674329501914,26.730124521072796,16.175766283524904,16.014128352490424,32.189894636015325,22.37188697318008,0.12679725292680794,0.3248552030782444,2.4689295977011496,25.538793103448278,48.13218390804598,0.9087348217783,12765,0.3286424209824065,0.07423025357547428
Guangzhou,2084,16704,0.10526039402368087,0.17605985623404483,0.1466649857878388,10.003591954022989,32.72270114942529,23.36566091954023,22.719109195402297,18.414750957854405,12.266522988505747,30.681273946360154,21.090756704980844,0.1094153120132706,0.3383883472394126,1.5202346743295019,32.17193486590038,54.609674329501914,2.4208086531032706,11649,0.26008770034479306,0.05590489427309361
Guangzhou,2086,33408,0.18333193651014734,0.2814071646273253,0.24346336165569454,38.27825670498085,56.59123563218391,50.8022030651341,18.312978927203066,13.397988505747128,22.593390804597703,35.991379310344826,25.191570881226056,0.16187859897027404,0.3986581118934063,5.587404214559387,24.179837164750957,39.39774904214559,0.8075973977417183,26746,0.545104886781562,0.14158971337400855
Guangzhou,2087,16704,0.13240822334285246,0.23081665082197944,0.19046810552599364,20.019157088122604,51.412835249042146,41.247605363984675,31.393678160919542,14.39176245210728,21.851053639846743,36.24281609195402,24.838362068965516,0.14949567885175338,0.38032513716724237,3.182471264367816,19.145114942528735,42.18151340996169,0.49578215184253366,13514,0.3746931152013566,0.08631895332002952
Guangzhou,2088,16704,0.13252201110811368,0.21293449386811428,0.18035964470180585,21.449952107279692,43.55244252873563,35.464559386973185,22.10249042145594,14.697078544061304,19.282806513409962,33.979885057471265,24.604885057471265,0.12913432066688152,0.33056313402037063,3.0440613026819925,28.24473180076628,47.22222222222222,1.1855833069870376,12652,0.3608990229111463,0.08562828158260977
Houston,2025,33408,0.10542312474457716,0.1632665608430373,0.14130692942169837,11.709770114942529,27.879549808429115,23.455459770114942,16.169779693486593,19.127155172413794,12.17073754789272,31.297892720306514,23.676963601532567,0.09557490572068603,0.3107778580167132,1.6065613026819923,39.49353448275862,58.04597701149425,3.534341410092913,21956,0.2580481004961079,0.05634700182899562
Houston,2026,50112,0.10124639276252832,0.16351637397256405,0.13924587551560888,8.774345466155811,27.861590038314176,21.00095785440613,19.087244572158365,18.542464878671776,10.712005108556832,29.25446998722861,22.23419540229885,0.09867410393497623,0.3168223233579211,1.2892919859514687,39.228128991060025,58.305395913154534,2.561531188218103,34901,0.24412874384172314,0.05195738758222928
Houston,2027,16704,0.08766094903229281,0.13706298829093114,0.11681865379729982,3.897270114942529,18.360871647509576,12.116858237547893,14.46360153256705,20.953065134099617,5.196360153256705,26.14942528735632,18.75,0.07764166159285533,0.2682476441798628,0.6645114942528736,40.5411877394636,69.18702107279694,2.6917264828107292,10588,0.19405212709257486,0.035599083056631016
Houston,2033,16704,0.10247868001170822,0.1590965181622583,0.13688539236224323,10.10536398467433,25.17361111111111,20.09698275862069,15.068247126436782,17.935823754789272,10.82375478927203,28.759578544061306,22.066570881226053,0.09258694006179156,0.3102524510448248,1.403316570881226,41.229645593869726,60.0514846743295,3.0330714416225106,10946,0.24178229585834354,0.052102300032301145
Houston,2035,16704,0.09889189672015422,0.16112025910491645,0.13589980736335852,8.261494252873563,27.514367816091955,19.803639846743295,19.25287356321839,22.892720306513407,9.500718390804598,32.393438697318004,23.36566091954023,0.09717856995414627,0.30514408874445154,1.236051245210728,31.393678160919542,60.326867816091955,2.417027417027417,11088,0.24706603811223204,0.048769534611406026
Houston,2037,16704,0.10470839404238276,0.16769247618883915,0.1425462462400858,10.811781609195402,29.63362068965517,22.910680076628353,18.82183908045977,19.103208812260537,11.691810344827585,30.79501915708812,22.114463601532567,0.09998576683675986,0.313269635195247,1.5994971264367817,39.547413793103445,57.56106321839081,2.033418795862435,11311,0.25810935048642214,0.05558837473401759
Houston,2038,33408,0.10234690612744707,0.16664855828743674,0.14126606112328585,9.695282567049809,29.12476053639847,22.078544061302683,19.42947796934866,19.842552681992338,11.679837164750957,31.522389846743295,23.126197318007662,0.10143951029526196,0.3193371295124353,1.3723659003831417,35.82375478927203,58.68055555555556,2.08823785857529,22938,0.25560164453840395,0.05285532566238165
Houston,2039,16704,0.10430560628539672,0.16082211000487065,0.13915699451198563,11.141044061302683,25.592672413793103,20.821360153256705,14.451628352490422,18.827825670498086,11.691810344827585,30.51963601532567,22.80890804597701,0.09327586089567567,0.31499542822310267,1.5070043103448276,36.06321839080459,60.00359195402298,2.7976518070078886,10902,0.2560728485116608,0.0538804113573951
Houston,2052,16704,0.10245359451546728,0.15553939889799492,0.13465315432155692,11.188936781609195,25.035919540229884,19.68390804597701,13.84698275862069,21.857040229885058,10.428639846743296,32.28568007662835,24.574952107279692,0.08800037627323373,0.28372034455927986,1.5554956896551724,45.62380268199234,58.59674329501916,2.4685519720041618,10573,0.24145049765415427,0.05279371223477747
Houston,2055,16704,0.11155519256536725,0.17716796998042714,0.1517263993874069,13.906848659003831,32.15397509578544,26.622365900383144,18.24712643678161,18.46264367816092,14.511494252873563,32.974137931034484,24.40134099616858,0.10683804266691439,0.319345274410421,1.9236709770114941,39.224137931034484,56.95043103448276,1.7427830905353472,11189,0.27972577657875075,0.06267622754504965
Houston,2056,16704,0.09597619205256276,0.16022076095298163,0.13353425958270576,6.0584291187739465,27.85560344827586,18.85177203065134,21.797174329501914,21.31824712643678,7.908285440613026,29.226532567049805,20.150862068965516,0.09810732021379168,0.3102513992336415,1.0368773946360152,30.226293103448278,59.30316091954023,1.493064758370881,11319,0.23973836673228685,0.04572226247427951
Houston,2058,33408,0.10866444735287668,0.1691872772784256,0.14492426682837206,13.607519157088122,28.966115900383144,23.207016283524904,15.358596743295019,20.551963601532567,13.47581417624521,34.02777777777778,25.56573275862069,0.09899066718153016,0.3153931529624855,1.9036757662835249,34.51867816091954,59.961685823754785,2.0222270647199827,22945,0.2797127797101223,0.05973480913931586
Houston,2059,16704,0.11273912432773309,0.17436690837802646,0.15067044703108481,14.918582375478929,30.178400383141764,24.664750957854405,15.259818007662835,19.935344827586206,14.367816091954023,34.30316091954023,26.257183908045977,0.10279076661579287,0.3184587217542312,2.0386135057471266,35.201149425287355,56.65110153256705,3.18717925632484,11107,0.2892469564751343,0.06408805184882232
Houston,2080,16704,0.1314852278249208,0.20044436413825825,0.17329354671974428,21.755268199233715,37.116858237547895,31.016522988505745,15.361590038314176,20.007183908045977,16.265565134099617,36.27274904214559,27.041427203065133,0.11402789499497655,0.319345274410421,3.2147389846743293,34.84195402298851,52.24497126436781,1.872499787215933,11749,0.35693571901218785,0.08465991144358549
Houston,2081,16704,0.11892888760396247,0.18076354382434598,0.1563328321653154,17.780172413793103,32.201867816091955,27.33477011494253,14.421695402298852,17.157567049808428,15.996168582375478,33.1537356321839,25.377155172413797,0.10370791921842205,0.31613888534721324,2.481381704980843,36.11111111111111,55.41187739463601,2.778505897771953,11445,0.3094621027089363,0.07051747067308253
Houston,2085,16704,0.11284552255209461,0.18128845301163768,0.15430881102355315,14.571360153256704,33.56681034482759,26.712164750957857,18.99545019157088,18.438697318007662,15.068247126436782,33.50694444444444,24.874281609195403,0.10967530085856235,0.3215052579117997,2.0577705938697317,38.49377394636016,55.507662835249036,2.2756997122678526,11469,0.2850221922388535,0.06427061082282383
Houston,2086,33408,0.12032901810515485,0.18542079196230765,0.1601669047907677,17.47186302681992,33.22557471264368,27.50838122605364,15.753711685823754,18.199233716475096,14.388769157088122,32.58800287356322,24.398347701149426,0.10833632422638104,0.3205123689654815,2.48227969348659,34.207375478927204,55.091594827586206,2.071251035625518,22933,0.31486178833260536,0.07206444695967763
Houston,2088,16704,0.13779990196146635,0.20732229110860606,0.18100151961221395,23.269875478927204,39.786877394636015,34.339080459770116,16.51700191570881,17.265325670498086,15.09219348659004,32.35751915708812,24.2397030651341,0.11889916706395329,0.3232013277752049,3.4097222222222223,28.36446360153257,49.491139846743295,1.8532885096112406,11601,0.37880170030713717,0.09086099462007774
Kolkata,2026,33408,0.10961400342906429,0.18698835401866234,0.15368583048770043,11.536159003831417,38.52370689655172,27.110272988505745,26.987547892720304,19.02837643678161,12.455100574712644,31.483477011494255,22.38685344827586,0.11744316994740513,0.3193131109683693,1.9382483237547892,28.092073754789272,52.90948275862068,0.5869797225186766,24362,0.2834640166452605,0.06085824891592581
Kolkata,2027,33408,0.1135211444924664,0.18967126301474987,0.15695711529637046,11.898347701149426,37.550886015325666,26.78101053639847,25.652538314176244,18.26508620689655,11.985153256704981,30.25023946360153,21.731321839080458,0.11560995951209171,0.3215052579117997,1.9903915229885059,30.771072796934867,54.59470785440613,0.6283328510603117,24191,0.2927004909377664,0.06517496003086823
Kolkata,2028,16704,0.11720829166954654,0.2049016143402977,0.16852456392779966,13.397988505747128,44.450431034482754,33.39319923371647,31.05244252873563,17.11566091954023,15.158045977011495,32.27370689655172,21.845067049808428,0.13185000166233718,0.33754043809366163,2.292205459770115,26.37691570881226,48.80268199233716,0.46937338652898386,12783,0.3103175779176413,0.06959022099041905
Kolkata,2029,16704,0.09406870598897703,0.15948307084225427,0.13003899256958878,5.723180076628352,29.938936781609193,18.229166666666664,24.215756704980844,19.881465517241377,6.603208812260536,26.484674329501917,18.007662835249043,0.0976104648434064,0.2797547767524065,1.0877634099616857,33.35727969348659,59.656369731800766,0.8347100252151987,11501,0.22014515283692807,0.043671216692985
Kolkata,2030,16704,0.10797848386533718,0.18441220415096823,0.1513786109500629,11.039272030651341,38.38002873563218,26.90972222222222,27.340756704980844,17.87595785440613,12.206657088122604,30.082614942528735,20.98299808429119,0.11628683511172311,0.3163645559941391,1.8521312260536398,29.322318007662833,54.63960727969349,0.7784625364904314,12332,0.2765254053192508,0.059377839415838594
Kolkata,2031,16704,0.13127682155138312,0.22111973828373943,0.18133740848849061,20.75550766283525,47.36590038314176,37.907088122605366,26.610392720306514,15.140086206896552,21.611590038314176,36.75167624521073,23.772749042145595,0.13785383629863548,0.33892174424853655,3.1815134099616857,25.550766283524908,44.37859195402299,0.2945051538401922,12903,0.36376467072337526,0.08537745347023906
Kolkata,2032,16704,0.09644650137354038,0.15496292918318627,0.12986446162045193,8.369252873563218,27.131226053639846,19.001436781609197,18.761973180076627,22.641283524904214,8.057950191570882,30.699233716475092,21.437978927203066,0.09158495238967855,0.2866267973067894,1.4136135057471264,40.672892720306514,61.82950191570882,0.789860396767083,10888,0.22580043705617853,0.046259564734308374
Kolkata,2036,16704,0.1026876745173376,0.17376006385810394,0.14325844046926292,9.015804597701148,33.93199233716475,22.958572796934863,24.916187739463602,19.288793103448278,9.656369731800767,28.945162835249043,20.563936781609197,0.10733578184424203,0.3153931529624854,1.5145474137931034,33.41115900383142,55.83692528735632,0.4570848146267141,11814,0.25505920864169246,0.05326887843553706
Kolkata,2038,16704,0.09693839477654136,0.1545559529377619,0.12957579884165785,7.106082375478927,25.909961685823756,17.409003831417625,18.80387931034483,21.37212643678161,6.184147509578544,27.556273946360154,19.312739463601535,0.08901140926347417,0.2750393264866948,1.306154214559387,36.28472222222222,62.61374521072797,0.9396095602992155,10962,0.23058685038474347,0.046401259936018846
Kolkata,2039,16704,0.11998910990872606,0.20002325566001725,0.16592790982903963,16.229645593869733,42.456896551724135,30.84889846743295,26.22725095785441,18.785919540229884,14.427681992337165,33.21360153256705,24.179837164750957,0.12408685420087398,0.3209030816303089,2.578484195402299,30.208333333333332,52.490421455938694,0.7177228611043145,12261,0.31663947899615086,0.07211607830993268
Kolkata,2053,33408,0.13522972674776856,0.22768919708425825,0.19120098782787542,21.485871647509576,49.41331417624521,39.61326628352491,27.92744252873563,17.468869731800766,17.965756704980844,35.434626436781606,25.98778735632184,0.1422462370923521,0.3449698809474362,3.2969947318007664,25.023946360153253,46.012931034482754,0.44110818758706083,25844,0.37794526685913027,0.08938644575625596
Kolkata,2057,16704,0.1174104130170137,0.19629834692434164,0.16444547079792465,14.248084291187741,40.205938697318004,29.43007662835249,25.95785440613027,18.881704980842912,11.703783524904214,30.585488505747126,22.23419540229885,0.1207830449212679,0.32383993893702756,2.3729645593869733,30.699233716475092,53.945162835249036,0.45558086560364464,12292,0.3091597861396452,0.06953033285267664
Kolkata,2058,16704,0.11812905033721639,0.200687411088897,0.16813831157115702,14.601293103448276,41.28951149425287,31.84865900383142,26.688218390804597,18.330938697318008,13.811063218390803,32.14200191570881,23.21000957854406,0.12587132910272567,0.329995904995905,2.3700909961685825,25.90397509578544,53.68175287356321,0.4148384523334663,12535,0.3180756871202196,0.07032730936120313
Kolkata,2059,33408,0.18653070339231428,0.3041188175480434,0.2577348433462358,40.60105363984675,69.31273946360153,60.769875478927204,28.71168582375479,11.302681992337165,30.681273946360154,41.98395593869732,28.262691570881227,0.18783812725231547,0.3880541995737917,6.006106321839081,16.774425287356323,30.441810344827587,0.22242302078265103,28774,0.5596556622336617,0.1460159526112681
Kolkata,2080,33408,0.19551670225217796,0.32090655509831606,0.27163442896018214,41.26556513409962,71.56968390804597,63.35608237547893,30.30411877394636,9.800047892720306,31.25,41.0500478927203,28.334530651340994,0.19692320682642586,0.4017421806840171,6.180795019157088,15.241858237547893,27.741858237547895,0.14980253302464933,29372,0.5911897057218811,0.1562837649166594
Kolkata,2084,16704,0.14325000952464736,0.2312272049737686,0.19539237119463496,22.569444444444446,47.91666666666667,38.38002873563218,25.34722222222222,16.5110153256705,15.373563218390803,31.884578544061306,22.455699233716476,0.1366227027595097,0.3346131243776471,3.5539391762452106,24.934147509578544,49.263649425287355,0.43736332396126215,12804,0.4049358267952937,0.09781357972877261
Kolkata,2086,16704,0.15007468574305852,0.2498007335760878,0.21212301116448545,26.167385057471265,53.91522988505747,45.86326628352491,27.747844827586203,15.876436781609197,22.43175287356322,38.30818965517241,28.36446360153257,0.1559097641836099,0.38139831410011005,4.048790708812261,21.30028735632184,43.82183908045977,0.5392854467830125,13351,0.43256074656919147,0.10564015487719017
Kolkata,2087,16704,0.14208894434745994,0.24619691798926907,0.20413946552307646,23.25191570881226,55.13649425287356,44.145114942528735,31.884578544061306,14.571360153256704,23.32375478927203,37.895114942528735,25.83213601532567,0.15825517511561546,0.3822133969154481,3.640265804597701,21.437978927203066,40.46934865900383,0.37075485688862525,13486,0.40281378474661933,0.097300547219316
Kolkata,2088,16704,0.15595588734770374,0.26719103806261196,0.22345599539971922,27.227011494252874,60.28496168582376,51.09554597701149,33.05795019157088,12.841235632183908,26.57447318007663,39.41570881226053,26.13146551724138,0.17035443225632516,0.3855023193677154,4.232100095785441,20.935105363984675,36.865421455938694,0.121741621311945,13964,0.45167830945171594,0.11305571703537302
Phoenix,2025,50112,0.12580492502617616,0.23089098398628682,0.18953696983920482,10.897589399744573,41.69859514687101,30.114543422733075,30.801005747126435,1.5804597701149428,18.113425925925927,19.69388569604087,12.124840357598979,0.1541053197058452,0.46203061233034326,1.889567369093231,31.277937420178798,43.4087643678161,0.05683060109289617,45750,0.2942378929363572,0.07507721771512495
Phoenix,2026,16704,0.11598801681559312,0.219989812220537,0.17792615168367978,5.902777777777778,39.19420498084291,28.23275862068966,33.29142720306513,2.203065134099617,17.199473180076627,19.402538314176248,10.859674329501916,0.14478719306499832,0.4425547314403814,1.380507662835249,24.910201149425287,37.96695402298851,0.0,15186,0.27224993653950663,0.0663159448705769
Phoenix,2028,16704,0.1195953999088429,0.22170521142008767,0.18076539668252412,8.704501915708812,37.787356321839084,26.837883141762454,29.08285440613027,1.1853448275862069,17.163553639846743,18.34889846743295,11.23682950191571,0.1460406241857956,0.46537776582600543,1.5718390804597702,24.179837164750957,37.577825670498086,0.0,15438,0.2805793923948838,0.06899020745911588
Phoenix,2029,16704,0.12816993637694188,0.2355759705286384,0.1940068036283728,11.206896551724139,42.30723180076628,31.968390804597703,31.100335249042143,1.053639846743295,19.863505747126435,20.917145593869733,12.344348659003831,0.15654760989729183,0.46203061233034326,1.9985033524904214,28.32255747126437,37.434147509578544,0.0,15314,0.30531756464797727,0.07870253864818028
Phoenix,2033,33408,0.13679638083889104,0.2531202700655196,0.2080636710567368,14.295977011494255,46.06681034482759,35.27897509578544,31.770833333333332,1.0775862068965518,21.348180076628353,22.425766283524904,12.805316091954023,0.17295361662255812,0.4700221728870504,2.347521551724138,25.915948275862068,39.17624521072797,0.0,30808,0.32454985487524046,0.08618857691351962
Phoenix,2034,33408,0.1255247255582477,0.23343944558020813,0.19256506868150675,9.916786398467432,41.41822318007663,31.462523946360154,31.501436781609193,0.8051963601532567,19.35763888888889,20.162835249042146,12.419181034482758,0.15569683661811246,0.46450523214467154,1.8073215996168583,27.738864942528735,37.82028256704981,0.029401195648623046,30611,0.2979891225188548,0.07533270645852408
Phoenix,2039,33408,0.13716779871848755,0.2477199300456469,0.2082023054137298,14.97844827586207,44.935344827586206,35.06345785440613,29.95689655172414,0.101772030651341,20.49808429118774,20.59985632183908,13.697318007662835,0.16714032173078058,0.4682013843339271,2.3751197318007664,25.694444444444443,36.667863984674334,0.0,31278,0.33192440493584924,0.08706243714489169
Phoenix,2050,16704,0.14128468556024643,0.24111276344675736,0.2025735040920692,16.29549808429119,37.895114942528735,29.6455938697318,21.599616858237546,0.19157088122605362,16.906130268199234,17.097701149425287,10.548371647509578,0.15691909286961597,0.47746019495597947,2.401580459770115,23.712883141762454,31.501436781609193,0.0,15803,0.3452051391300536,0.09234938670448278
Phoenix,2051,16704,0.13852559576286355,0.2456571409572049,0.20462167527295705,15.12212643678161,43.60632183908046,32.95617816091954,28.48419540229885,1.293103448275862,18.660201149425287,19.95330459770115,11.925287356321839,0.16311808824749333,0.4682369060366369,2.418941570881226,24.89822796934866,36.91331417624521,0.0,15465,0.3316789969441608,0.08908214282777359
Phoenix,2054,16704,0.13168558644777112,0.23986799988337848,0.19711355188780613,11.907327586206897,42.49281609195402,32.27370689655172,30.585488505747126,0.8022030651340997,19.516283524904214,20.318486590038315,12.039032567049809,0.15927102469888976,0.46505486195847273,2.047713122605364,22.323994252873565,33.83022030651341,0.0,15521,0.31930436190152384,0.08219313374062608
Phoenix,2057,33408,0.13988212717610443,0.25766653977936277,0.21333805114785925,16.29549808429119,47.53352490421456,37.03304597701149,31.23802681992337,2.4964080459770113,22.198275862068968,24.694683908045977,15.205938697318008,0.1778051852557917,0.47334019926789217,2.5851891762452106,27.316810344827587,42.355124521072796,0.0,30170,0.339254936823527,0.08895271836128808
Phoenix,2058,16704,0.14475739876407634,0.2614768186397095,0.21908429336363971,18.211206896551722,45.785440613026815,37.04501915708812,27.574233716475092,1.3469827586206895,23.49736590038314,24.84434865900383,15.535201149425287,0.17971275327345534,0.47354277170869175,2.7067768199233715,20.456178160919542,36.48227969348659,0.0,15804,0.3651962059565785,0.09616059571502551
Phoenix,2081,33408,0.15341841424690061,0.2729666137828762,0.22752626931042882,19.944324712643677,48.44647988505747,39.35284961685824,28.502155172413797,2.074353448275862,22.15337643678161,24.22772988505747,15.232878352490422,0.18518359111457053,0.47516287480471087,3.1200311302681993,22.12045019157088,37.464080459770116,0.0,31059,0.3846480821638347,0.10471393272221156
Phoenix,2085,16704,0.17654123340016462,0.30222945475955515,0.25499947798150174,27.053400383141764,53.645833333333336,43.85177203065134,26.59243295019157,0.9638409961685823,22.312021072796934,23.275862068965516,15.03831417624521,0.20521916825429723,0.48494207129728434,4.05106561302682,22.64727011494253,36.35057471264368,0.0,15742,0.450787218695488,0.12837828031074935
Phoenix,2086,33408,0.14850078535514416,0.2803114800985104,0.23232558752300966,18.929597701149426,54.03496168582376,44.1750478927203,35.105363984674334,0.8800287356321839,26.28113026819923,27.16115900383142,16.271551724137932,0.199541766015509,0.475162874804711,3.0179597701149423,24.850335249042146,40.51125478927203,0.0,31090,0.3662947556577307,0.0989717152278066
Phoenix,2089,16704,0.19186472730676712,0.31373697988997934,0.268154283462863,30.441810344827587,53.47222222222222,44.64798850574713,23.030411877394634,2.0174808429118776,18.48060344827586,20.49808429118774,14.307950191570882,0.20506492292865927,0.4763390003293071,4.54591714559387,18.12140804597701,33.14176245210728,0.0,15635,0.5030533245341822,0.14582344056449661
