dataset,analysis,metric,level,contrast,estimate,ci_lower_2_5,ci_upper_97_5,bootstrap_mean,bootstrap_sd,n_bootstrap_valid,resampling_unit,n_resampling_units
role_weighted_144,overall,mean_p_tail,,,0.11557731697796071,0.10944155143882127,0.12200219982543059,0.11560685883533164,0.003207087378171861,10000,city × scenario_raw × time_slice,48
role_weighted_144,overall,high_tail_pct,,,13.14730004789272,11.02148479073542,15.453327255281502,13.159694284802043,1.1253048478231558,10000,city × scenario_raw × time_slice,48
role_weighted_144,overall,mean_zone_high_tail_pct,,,13.14730004789272,11.02148479073542,15.453327255281502,13.159694284802043,1.1253048478231558,10000,city × scenario_raw × time_slice,48
role_weighted_144,overall,any_zone_high_tail_pct,,,36.64316930076628,32.39389392760217,40.866229437726155,36.65140061678507,2.1601865634479327,10000,city × scenario_raw × time_slice,48
role_weighted_144,overall,hidden_any_zone_high_tail_pct,,,23.49586925287356,20.788137696559705,26.119986022975205,23.491706331983025,1.3741298586525215,10000,city × scenario_raw × time_slice,48
role_weighted_144,overall,area_weighted_zone_time_high_tail_pct,,,12.872694464516497,10.75327170359001,15.199535449963426,12.885248476999578,1.1281826819259613,10000,city × scenario_raw × time_slice,48
role_weighted_144,overall,area_weighted_mean_p_tail,,,0.11087493339172816,0.10539094841072133,0.11688003057196727,0.11090801316932097,0.002899768036985408,10000,city × scenario_raw × time_slice,48
role_weighted_144,overall,any_minus_mean_zone_pct_points,,,23.49586925287356,20.788137696559705,26.1199860229752,23.491706331983025,1.3741298586525217,10000,city × scenario_raw × time_slice,48
role_weighted_144,overall,area_weighted_minus_mean_zone_pct_points,,,-0.2746055833762212,-0.5705891056054477,0.009272879700824606,-0.2744458078024659,0.14796471582921877,10000,city × scenario_raw × time_slice,48
unique_source_year_119,overall,mean_p_tail,,,0.11320826086310785,0.10779527303780505,0.1192743252426676,0.11326802185599784,0.0029702317522845713,10000,city × scenario_raw × time_slice block containing distinct source-year trajectories,48
unique_source_year_119,overall,high_tail_pct,,,12.436411346147656,10.59535310808708,14.46789576673114,12.450775103569645,1.0042544689382424,10000,city × scenario_raw × time_slice block containing distinct source-year trajectories,48
unique_source_year_119,overall,mean_zone_high_tail_pct,,,12.436411346147656,10.59535310808708,14.46789576673114,12.450775103569645,1.0042544689382424,10000,city × scenario_raw × time_slice block containing distinct source-year trajectories,48
unique_source_year_119,overall,any_zone_high_tail_pct,,,35.41490590489069,31.658003701605598,39.305060192369446,35.458035965188174,1.9656827496507914,10000,city × scenario_raw × time_slice block containing distinct source-year trajectories,48
unique_source_year_119,overall,hidden_any_zone_high_tail_pct,,,22.97849455874303,20.551449005047665,25.520298799463905,23.007260861618526,1.2815606681053728,10000,city × scenario_raw × time_slice block containing distinct source-year trajectories,48
unique_source_year_119,overall,area_weighted_zone_time_high_tail_pct,,,12.184954202095495,10.357820256927658,14.157907233098655,12.200169705365433,0.9880982527105371,10000,city × scenario_raw × time_slice block containing distinct source-year trajectories,48
unique_source_year_119,overall,area_weighted_mean_p_tail,,,0.10864265600511058,0.10389214657295531,0.11398049162715553,0.10869145120279622,0.002615185385679969,10000,city × scenario_raw × time_slice block containing distinct source-year trajectories,48
unique_source_year_119,overall,any_minus_mean_zone_pct_points,,,22.97849455874303,20.55144900504766,25.520298799463905,23.007260861618526,1.281560668105373,10000,city × scenario_raw × time_slice block containing distinct source-year trajectories,48
unique_source_year_119,overall,area_weighted_minus_mean_zone_pct_points,,,-0.25145714405216,-0.5652212771892022,0.04848985742197855,-0.25060539820421474,0.15753380735376687,10000,city × scenario_raw × time_slice block containing distinct source-year trajectories,48
role_weighted_144,time_slice_level,mean_p_tail,baseline_2020s,,0.10426582063075598,0.09545776186623316,0.1139429997141042,0.10418615222427823,0.0047646139824471315,10000,city × scenario_raw,12
role_weighted_144,time_slice_level,mean_p_tail,near_2030s,,0.10446279789325434,0.09711487910179382,0.11206953431393561,0.1044191140966513,0.0038209522825377873,10000,city × scenario_raw,12
role_weighted_144,time_slice_level,mean_p_tail,mid_2050s,,0.11730474844702715,0.10804342524408542,0.12730972538215238,0.11725654747341432,0.004969833765659183,10000,city × scenario_raw,12
role_weighted_144,time_slice_level,mean_p_tail,late_2080s,,0.1362759009408054,0.12356066125056638,0.14886102193140263,0.13615893829191128,0.006519527514399532,10000,city × scenario_raw,12
role_weighted_144,time_slice_contrast,mean_p_tail,,near_2030s minus baseline_2020s,0.00019697726249835734,-0.004798622620942587,0.004600424358069229,0.00023296187237308716,0.002396422771451855,10000,city × scenario_raw,12
role_weighted_144,time_slice_contrast,mean_p_tail,,mid_2050s minus baseline_2020s,0.013038927816271167,0.005131264686946237,0.023025006253274485,0.013070395249136096,0.0045743811450409426,10000,city × scenario_raw,12
role_weighted_144,time_slice_contrast,mean_p_tail,,late_2080s minus baseline_2020s,0.03201008031004943,0.021679016806301677,0.04395215318810167,0.03197278606763303,0.005701847231698146,10000,city × scenario_raw,12
role_weighted_144,time_slice_level,high_tail_pct,baseline_2020s,,8.906383035334184,6.18523257902299,11.952118920285223,8.881511813537674,1.480782952524271,10000,city × scenario_raw,12
role_weighted_144,time_slice_level,high_tail_pct,near_2030s,,8.885263676032354,6.677538147882078,10.87682757290336,8.874344451761388,1.0671821917893798,10000,city × scenario_raw,12
role_weighted_144,time_slice_level,high_tail_pct,mid_2050s,,13.957734674329503,10.876964765591742,17.78388493108769,13.94717753897935,1.8108780550894874,10000,city × scenario_raw,12
role_weighted_144,time_slice_level,high_tail_pct,late_2080s,,20.839818805874838,16.531178493507873,25.372602869572155,20.80519797320668,2.2659457429052443,10000,city × scenario_raw,12
role_weighted_144,time_slice_contrast,high_tail_pct,,near_2030s minus baseline_2020s,-0.021119359301829732,-1.9967314881332483,1.704610838388671,-0.007167361776287305,0.9419779441777343,10000,city × scenario_raw,12
role_weighted_144,time_slice_contrast,high_tail_pct,,mid_2050s minus baseline_2020s,5.051351638995319,1.8148971304278427,9.03046342858663,5.0656657254416775,1.8186885588892447,10000,city × scenario_raw,12
role_weighted_144,time_slice_contrast,high_tail_pct,,late_2080s minus baseline_2020s,11.933435770540655,8.096493022296723,16.312493348233293,11.92368615966901,2.0960910866128764,10000,city × scenario_raw,12
role_weighted_144,time_slice_level,any_zone_high_tail_pct,baseline_2020s,,31.88740554491273,23.899194969934012,40.15605460435291,31.816600282034905,4.1869805441797,10000,city × scenario_raw,12
role_weighted_144,time_slice_level,any_zone_high_tail_pct,near_2030s,,31.922826202639424,25.038152039431672,38.749168529161345,31.869734827320137,3.5231668385617985,10000,city × scenario_raw,12
role_weighted_144,time_slice_level,any_zone_high_tail_pct,mid_2050s,,37.527604831843334,29.925662349670077,45.12494928027884,37.46743378166241,3.9072423338026008,10000,city × scenario_raw,12
role_weighted_144,time_slice_level,any_zone_high_tail_pct,late_2080s,,45.23484062366965,36.70277744518943,53.219288793103445,45.15425180928054,4.256345505234411,10000,city × scenario_raw,12
role_weighted_144,time_slice_contrast,any_zone_high_tail_pct,,near_2030s minus baseline_2020s,0.035420657726692895,-2.3113849976053653,2.1124805435823784,0.05313454528522743,1.133093223760415,10000,city × scenario_raw,12
role_weighted_144,time_slice_contrast,any_zone_high_tail_pct,,mid_2050s minus baseline_2020s,5.640199286930603,2.0308758381226073,10.031001390219249,5.650833499627503,2.0642562136100038,10000,city × scenario_raw,12
role_weighted_144,time_slice_contrast,any_zone_high_tail_pct,,late_2080s minus baseline_2020s,13.347435078756916,8.779808229565766,18.664973792039167,13.33765152724564,2.534826565402621,10000,city × scenario_raw,12
role_weighted_144,time_slice_level,hidden_any_zone_high_tail_pct,baseline_2020s,,22.981022509578544,17.336046422679864,28.724411484940397,22.935088468497234,2.9214355192623818,10000,city × scenario_raw,12
role_weighted_144,time_slice_level,hidden_any_zone_high_tail_pct,near_2030s,,23.037562526607065,17.97440400170285,28.328884964346525,22.995390375558745,2.65363305180929,10000,city × scenario_raw,12
role_weighted_144,time_slice_level,hidden_any_zone_high_tail_pct,mid_2050s,,23.569870157513837,18.458257669487015,28.73204854459344,23.520256242683057,2.6340957627453947,10000,city × scenario_raw,12
role_weighted_144,time_slice_level,hidden_any_zone_high_tail_pct,late_2080s,,24.39502181779481,18.963675533471694,29.84555013436568,24.34905383607386,2.776687962527576,10000,city × scenario_raw,12
role_weighted_144,time_slice_contrast,hidden_any_zone_high_tail_pct,,near_2030s minus baseline_2020s,0.05654001702852085,-1.0182940213920841,1.0473414551404778,0.060301907061512894,0.526245750978726,10000,city × scenario_raw,12
role_weighted_144,time_slice_contrast,hidden_any_zone_high_tail_pct,,mid_2050s minus baseline_2020s,0.5888476479352924,-0.7080805661983868,1.9378633527564852,0.5851677741858219,0.6705394467989769,10000,city × scenario_raw,12
role_weighted_144,time_slice_contrast,hidden_any_zone_high_tail_pct,,late_2080s minus baseline_2020s,1.4139993082162654,-0.29085681406982083,3.1744434134206054,1.4139653675766277,0.8851376754319281,10000,city × scenario_raw,12
role_weighted_144,scenario_raw_level,mean_p_tail,ssp245,,0.11100223689164178,0.10047957163767648,0.12086625050543301,0.11096868685862207,0.0055199525351057295,10000,city,6
role_weighted_144,scenario_raw_level,mean_p_tail,ssp585,,0.12015239706427966,0.10794000766472994,0.13072779729532666,0.12013147179188285,0.005918363650226134,10000,city,6
role_weighted_144,scenario_raw_contrast,mean_p_tail,,ssp585 minus ssp245,0.00915016017263788,0.006323064285873883,0.011832494456470222,0.009162784933260764,0.0013872279224712001,10000,city,6
role_weighted_144,scenario_raw_level,high_tail_pct,ssp245,,11.448688271604938,8.293422733077906,14.745969029374201,11.443876948967645,1.6740203158155254,10000,city,6
role_weighted_144,scenario_raw_level,high_tail_pct,ssp585,,14.845911824180503,10.785257689442316,18.442522083865473,14.845589055515646,1.9111924549891082,10000,city,6
role_weighted_144,scenario_raw_contrast,high_tail_pct,,ssp585 minus ssp245,3.3972235525755643,2.2810570987654337,4.371374787143466,3.4017121065479996,0.5394340802748551,10000,city,6
role_weighted_144,scenario_raw_level,any_zone_high_tail_pct,ssp245,,35.123656343124736,24.183745077692635,45.74270301191997,35.08805943020966,5.4824756754001935,10000,city,6
role_weighted_144,scenario_raw_level,any_zone_high_tail_pct,ssp585,,38.162682258407834,27.87227235991379,47.65467020540656,38.136066644050665,5.071538769022357,10000,city,6
role_weighted_144,scenario_raw_contrast,any_zone_high_tail_pct,,ssp585 minus ssp245,3.039025915283098,1.769785680076616,4.465829874414645,3.048007213840995,0.6977437306010312,10000,city,6
role_weighted_144,scenario_raw_level,hidden_any_zone_high_tail_pct,ssp245,,23.674968071519796,15.637721503831418,31.686771631545337,23.64418248124202,4.079877517342854,10000,city,6
role_weighted_144,scenario_raw_level,hidden_any_zone_high_tail_pct,ssp585,,23.316770434227333,16.638238678693057,30.187712856534695,23.29047758853502,3.4901972386614206,10000,city,6
role_weighted_144,scenario_raw_contrast,hidden_any_zone_high_tail_pct,,ssp585 minus ssp245,-0.3581976372924629,-1.5341468444018709,0.9070515378884636,-0.35370489270700334,0.631208731870555,10000,city,6
unique_source_year_119,time_slice_level,mean_p_tail,baseline_2020s,,0.102663552121399,0.09504387212956618,0.11097746684093356,0.10271281997985293,0.004123433013823733,10000,city × scenario_raw,12
unique_source_year_119,time_slice_level,mean_p_tail,near_2030s,,0.10228632310849052,0.0959036032060518,0.10946523161046641,0.10240512094242572,0.003479330969830657,10000,city × scenario_raw,12
unique_source_year_119,time_slice_level,mean_p_tail,mid_2050s,,0.11463531080420634,0.10691056990595436,0.12300462768109653,0.11469501152135912,0.004089646850529139,10000,city × scenario_raw,12
unique_source_year_119,time_slice_level,mean_p_tail,late_2080s,,0.1339518858862023,0.12227584737688668,0.14635495179073052,0.1339897983443213,0.006162272533673321,10000,city × scenario_raw,12
unique_source_year_119,time_slice_contrast,mean_p_tail,,near_2030s minus baseline_2020s,-0.00037722901290847266,-0.00412251253462414,0.0029509224063517946,-0.00030769903742722005,0.0018221732369195366,10000,city × scenario_raw,12
unique_source_year_119,time_slice_contrast,mean_p_tail,,mid_2050s minus baseline_2020s,0.011971758682807351,0.006134165265692001,0.018915963577112577,0.011982191541506182,0.0032490108062237576,10000,city × scenario_raw,12
unique_source_year_119,time_slice_contrast,mean_p_tail,,late_2080s minus baseline_2020s,0.031288333764803306,0.021608410625389374,0.04200823544746824,0.031276978364468355,0.005155111587462733,10000,city × scenario_raw,12
unique_source_year_119,time_slice_level,high_tail_pct,baseline_2020s,,8.37874884396882,6.074834988161002,10.954914562807879,8.383118115204162,1.262473445321398,10000,city × scenario_raw,12
unique_source_year_119,time_slice_level,high_tail_pct,near_2030s,,8.464072735137806,6.1853211673498425,10.673552482358868,8.471461085535562,1.1597445580071848,10000,city × scenario_raw,12
unique_source_year_119,time_slice_level,high_tail_pct,mid_2050s,,13.014248084291188,10.625194564176246,15.796086765644956,13.02060410198097,1.319444938059037,10000,city × scenario_raw,12
unique_source_year_119,time_slice_level,high_tail_pct,late_2080s,,20.142604703395428,16.37196541354509,23.923349025372108,20.13423903850752,1.941520429742132,10000,city × scenario_raw,12
unique_source_year_119,time_slice_contrast,high_tail_pct,,near_2030s minus baseline_2020s,0.08532389116898642,-1.4978771059599911,1.5711856747892525,0.08834297033139926,0.778244275422994,10000,city × scenario_raw,12
unique_source_year_119,time_slice_contrast,high_tail_pct,,mid_2050s minus baseline_2020s,4.635499240322368,2.335214342738942,7.279213085154689,4.637485986776807,1.2423372055006376,10000,city × scenario_raw,12
unique_source_year_119,time_slice_contrast,high_tail_pct,,late_2080s minus baseline_2020s,11.763855859426608,8.52829679832194,15.288307065735973,11.751120923303352,1.6876601564706903,10000,city × scenario_raw,12
unique_source_year_119,time_slice_level,any_zone_high_tail_pct,baseline_2020s,,31.350739859955077,24.235085266622338,38.53255849753695,31.340682498586034,3.6595778001094788,10000,city × scenario_raw,12
unique_source_year_119,time_slice_level,any_zone_high_tail_pct,near_2030s,,30.085897911259423,23.819552441168145,36.93714357616716,30.192505516253814,3.343913589665477,10000,city × scenario_raw,12
unique_source_year_119,time_slice_level,any_zone_high_tail_pct,mid_2050s,,36.3992656449553,29.775980989775018,43.12188783887163,36.40763544035728,3.409634204641444,10000,city × scenario_raw,12
unique_source_year_119,time_slice_level,any_zone_high_tail_pct,late_2080s,,44.15729455674462,36.800243993045015,51.427748031908514,44.18059144427008,3.7723759590399015,10000,city × scenario_raw,12
unique_source_year_119,time_slice_contrast,any_zone_high_tail_pct,,near_2030s minus baseline_2020s,-1.2648419486956541,-3.282549586685673,0.7149546407176929,-1.1481769823322234,1.0120697931397131,10000,city × scenario_raw,12
unique_source_year_119,time_slice_contrast,any_zone_high_tail_pct,,mid_2050s minus baseline_2020s,5.048525785000223,2.0084710249042037,8.102790771345274,5.066952941771255,1.5526009553730795,10000,city × scenario_raw,12
unique_source_year_119,time_slice_contrast,any_zone_high_tail_pct,,late_2080s minus baseline_2020s,12.80655469678954,8.558000395852103,17.524214657942622,12.839908945684039,2.2665260870993715,10000,city × scenario_raw,12
unique_source_year_119,time_slice_level,hidden_any_zone_high_tail_pct,baseline_2020s,,22.971991015986262,17.808819672505013,28.129418563955205,22.95756438338187,2.6394552652342695,10000,city × scenario_raw,12
unique_source_year_119,time_slice_level,hidden_any_zone_high_tail_pct,near_2030s,,21.621825176121618,17.311864463374768,26.75524147338533,21.721044430718244,2.415381091939912,10000,city × scenario_raw,12
unique_source_year_119,time_slice_level,hidden_any_zone_high_tail_pct,mid_2050s,,23.38501756066411,18.55406888569604,28.570194208822492,23.387031338376318,2.5351710391853644,10000,city × scenario_raw,12
unique_source_year_119,time_slice_level,hidden_any_zone_high_tail_pct,late_2080s,,24.014689853349186,19.282621926883785,28.974206776819923,24.046352405762562,2.484772095166786,10000,city × scenario_raw,12
unique_source_year_119,time_slice_contrast,hidden_any_zone_high_tail_pct,,near_2030s minus baseline_2020s,-1.3501658398646441,-2.380611492756228,-0.03295444098077477,-1.2365199526636264,0.6026003841515584,10000,city × scenario_raw,12
unique_source_year_119,time_slice_contrast,hidden_any_zone_high_tail_pct,,mid_2050s minus baseline_2020s,0.41302654467784805,-1.6053828959628451,2.5094226030465983,0.42946695499444365,1.0624616090541186,10000,city × scenario_raw,12
unique_source_year_119,time_slice_contrast,hidden_any_zone_high_tail_pct,,late_2080s minus baseline_2020s,1.0426988373629236,-1.132321951363508,3.3774895654189243,1.0887880223806863,1.1509209676940162,10000,city × scenario_raw,12
unique_source_year_119,scenario_raw_level,mean_p_tail,ssp245,,0.10942509666136005,0.09972356642864062,0.11844205455139785,0.10946791459148042,0.005165474907607091,10000,city,6
unique_source_year_119,scenario_raw_level,mean_p_tail,ssp585,,0.11718710597184259,0.10607467392380786,0.1287231167291275,0.11720828442108495,0.00566559078795225,10000,city,6
unique_source_year_119,scenario_raw_contrast,mean_p_tail,,ssp585 minus ssp245,0.007762009310482543,0.0030707876990574423,0.012009418637536726,0.007740369829604526,0.0023281765438961004,10000,city,6
unique_source_year_119,scenario_raw_level,high_tail_pct,ssp245,,11.058605772250488,7.852478245340607,14.35546875,11.047942366740317,1.6355919448457867,10000,city,6
unique_source_year_119,scenario_raw_level,high_tail_pct,ssp585,,13.885482725591226,10.233694705677467,16.509260635486854,13.873364330679458,1.6482344137119278,10000,city,6
unique_source_year_119,scenario_raw_contrast,high_tail_pct,,ssp585 minus ssp245,2.8268769533407383,1.1080442965651676,4.479763034466002,2.8254219639391436,0.8716351928241708,10000,city,6
unique_source_year_119,scenario_raw_level,any_zone_high_tail_pct,ssp245,,34.12837211858552,24.359652510090235,43.73157609098473,34.158743070243986,5.00059649344933,10000,city,6
unique_source_year_119,scenario_raw_level,any_zone_high_tail_pct,ssp585,,36.76798454221165,26.9963282247765,45.64911440478591,36.773632432074585,4.72496612353157,10000,city,6
unique_source_year_119,scenario_raw_contrast,any_zone_high_tail_pct,,ssp585 minus ssp245,2.639612423626133,0.2565649233046443,4.358146175404855,2.6148893618305964,1.0766944782884118,10000,city,6
unique_source_year_119,scenario_raw_level,hidden_any_zone_high_tail_pct,ssp245,,23.06976634633503,15.992377075351213,30.482735066892786,23.110800703503667,3.719818924371724,10000,city,6
unique_source_year_119,scenario_raw_level,hidden_any_zone_high_tail_pct,ssp585,,22.882501816620422,16.581695711284144,29.401747229064036,22.900268101395124,3.3298749900924247,10000,city,6
unique_source_year_119,scenario_raw_contrast,hidden_any_zone_high_tail_pct,,ssp585 minus ssp245,-0.18726452971460716,-1.5238472762094446,1.0556608822799873,-0.2105326021085456,0.662778151456624,10000,city,6
role_weighted_144,severity_level,mean_p_tail,typical,,0.10780627164640168,0.10279052381269627,0.11287858053506897,0.10782167947561624,0.002545527405699703,10000,city × scenario_raw × time_slice,48
role_weighted_144,severity_level,mean_p_tail,hot,,0.11934364569580773,0.11244632323417193,0.12683408526065462,0.11935921989341505,0.003679529723878352,10000,city × scenario_raw × time_slice,48
role_weighted_144,severity_level,mean_p_tail,heatwave_extreme,,0.11958203359167274,0.11275680100470432,0.1268994071556686,0.1195953157153696,0.0035949575462117696,10000,city × scenario_raw × time_slice,48
role_weighted_144,severity_contrast,mean_p_tail,,hot minus typical,0.011537374049406052,0.007870693887428112,0.015729445267183895,0.0115375404177988,0.002010788350035275,10000,city × scenario_raw × time_slice,48
role_weighted_144,severity_contrast,mean_p_tail,,heatwave_extreme minus typical,0.011775761945271065,0.008362800794401493,0.015798827592971527,0.011773636239753365,0.0019098243101181292,10000,city × scenario_raw × time_slice,48
role_weighted_144,severity_contrast,mean_p_tail,,heatwave_extreme minus hot,0.00023838789586501374,-0.001213229220416832,0.001585200409138558,0.0002360958219545675,0.0007150933640936463,10000,city × scenario_raw × time_slice,48
role_weighted_144,severity_level,high_tail_pct,typical,,10.207011294699873,8.54182568546456,11.958974397349936,10.209747340956259,0.8661485588300011,10000,city × scenario_raw × time_slice,48
role_weighted_144,severity_level,high_tail_pct,hot,,14.475449992017879,12.081471877993293,17.211580434825986,14.477464641702586,1.3165232898148527,10000,city × scenario_raw × time_slice,48
role_weighted_144,severity_level,high_tail_pct,heatwave_extreme,,14.759438856960408,12.329715811582057,17.45142755228288,14.760243280052679,1.3144411410236536,10000,city × scenario_raw × time_slice,48
role_weighted_144,severity_contrast,high_tail_pct,,hot minus typical,4.268438697318006,2.7579752604166647,5.964330524624844,4.267717300746328,0.8188560677361016,10000,city × scenario_raw × time_slice,48
role_weighted_144,severity_contrast,high_tail_pct,,heatwave_extreme minus typical,4.552427562260535,3.1582349287595726,6.174597027658035,4.550495939096422,0.7721917758316904,10000,city × scenario_raw × time_slice,48
role_weighted_144,severity_contrast,high_tail_pct,,heatwave_extreme minus hot,0.28398886494252906,-0.28773360173211787,0.871173571200508,0.28277863835009415,0.2924871904189248,10000,city × scenario_raw × time_slice,48
role_weighted_144,severity_level,any_zone_high_tail_pct,typical,,33.01217772190294,29.240385910560356,36.70086194424489,33.01907957425368,1.917030184982902,10000,city × scenario_raw × time_slice,48
role_weighted_144,severity_level,any_zone_high_tail_pct,hot,,38.74221743295019,34.28119449932152,43.27815069244892,38.74357186153017,2.2814101423353463,10000,city × scenario_raw × time_slice,48
role_weighted_144,severity_level,any_zone_high_tail_pct,heatwave_extreme,,38.175112747445716,33.67019750758302,42.781207594987244,38.180770386833494,2.315486233521139,10000,city × scenario_raw × time_slice,48
role_weighted_144,severity_contrast,any_zone_high_tail_pct,,hot minus typical,5.7300397110472545,4.174957470266598,7.399727734873863,5.724492287276494,0.823105385666823,10000,city × scenario_raw × time_slice,48
role_weighted_144,severity_contrast,any_zone_high_tail_pct,,heatwave_extreme minus typical,5.1629350255427795,3.6632630407886335,6.822501970585887,5.161690812579821,0.8118530835836935,10000,city × scenario_raw × time_slice,48
role_weighted_144,severity_contrast,any_zone_high_tail_pct,,heatwave_extreme minus hot,-0.567104685504475,-1.3474878771551608,0.12721503831418363,-0.562801474696673,0.3793780952401623,10000,city × scenario_raw × time_slice,48
role_weighted_144,severity_level,hidden_any_zone_high_tail_pct,typical,,22.805166427203066,20.180230658325353,25.487585932511173,22.809332233297415,1.3638078923351282,10000,city × scenario_raw × time_slice,48
role_weighted_144,severity_level,hidden_any_zone_high_tail_pct,hot,,24.266767440932313,21.6322188298212,26.99468814854726,24.26610721982759,1.3857940614208224,10000,city × scenario_raw × time_slice,48
role_weighted_144,severity_level,hidden_any_zone_high_tail_pct,heatwave_extreme,,23.415673890485312,20.670488730244255,26.29465622006705,23.42052710678081,1.4462776000769186,10000,city × scenario_raw × time_slice,48
role_weighted_144,severity_contrast,hidden_any_zone_high_tail_pct,,hot minus typical,1.461601013729247,0.28307216834290966,2.5834973409562614,1.4567749865301742,0.5892193265766656,10000,city × scenario_raw × time_slice,48
role_weighted_144,severity_contrast,hidden_any_zone_high_tail_pct,,heatwave_extreme minus typical,0.6105074632822465,-0.403231137252558,1.6132893568406856,0.6111948734833978,0.5161780676051534,10000,city × scenario_raw × time_slice,48
role_weighted_144,severity_contrast,hidden_any_zone_high_tail_pct,,heatwave_extreme minus hot,-0.8510935504470005,-1.5669899425287355,-0.18570589379788793,-0.8455801130467766,0.3521763615632721,10000,city × scenario_raw × time_slice,48
