weather_body_sha256,city,scenario,time_slice,weather_year,occupied_steps,occupied_hours_aggregated,mean_outdoor_temp_c_occ,p95_outdoor_temp_c_occ,mean_epw_outdoor_rh_pct_occ,mean_epw_ghi_w_m2_occ,mean_zone_operative_temp_c_occ,p95_zone_operative_temp_c_occ,mean_zone_rh_pct_occ,mean_zone_cooling_rate_w_occ,p95_zone_cooling_rate_w_occ,hvac_on_pct_occ,mean_p_tail_occ,p95_p_tail_occ,high_tail_pct_occ,mean_warm_tail_occ,mean_cold_tail_occ,annual_mean_temp_c,annual_max_temp_c,annual_cdh18_c_hour,annual_hours_temp_ge_35,annual_mean_rh_pct,annual_ghi_kwh_m2,role_multiplicity,role_labels,case_ids
030357a742e1aced7e6ebc9194ba884d9914eb7f405e13b19c92d6884b492d0c,Guangzhou,ssp585,mid_2050s,2050,16704.0,4437.0,24.702988206417626,33.37712499999999,69.2884832093757,265.93599278791976,25.58431410276793,28.14318107081585,50.30088394788509,92562.16985831308,130646.48430982215,98.47341954022988,0.10660544329910045,0.27871698442303255,12.649664750957854,0.07846269069973895,0.02814275259936148,24.02700114155251,36.02,62479.57,41.0,72.04463470319635,1648.008,1,typical,guangzhou_ssp585_mid_2050s_typical_2050
049155beb917b95aa396b2ee4456f2a57d735fc17e9a513b518541c264cd893d,Ahmedabad,ssp585,baseline_2020s,2025,16704.0,4437.0,29.001425706417628,37.73,52.91390579220194,319.73766058147396,25.93599438635592,28.46896459036664,49.64242048226878,107486.42711683406,145688.70540931835,98.19803639846744,0.12039433358276584,0.3146926233870906,13.613505747126437,0.09256818185031927,0.02782615173244657,27.76990068493151,46.6,87125.27,824.0,56.37625570776256,1985.359,1,typical,ahmedabad_ssp585_baseline_2020s_typical_2025
06c0abc22bb6005fad99ea9270dccc647783a63293e80291b72a45f61b90c0d0,Guangzhou,ssp585,late_2080s,2087,16704.0,4437.0,27.47675766283525,34.81,69.26256479603336,274.9407257155736,26.05519233729887,28.399899171923966,52.94268507192218,100671.58069138801,135036.50665293736,98.29382183908046,0.1288128774753207,0.30869859452359383,19.30675287356322,0.10311960560528505,0.025693271870035617,26.621422374429223,37.14,79110.01,240.0,72.02568493150685,1703.59,1,typical,guangzhou_ssp585_late_2080s_typical_2087
0878c640c77cf59b3c456c404a8bc3ccf079e3779cfa8fa778f64b3cd89657be,Ahmedabad,ssp245,late_2080s,2081,16704.0,4437.0,30.335862068965522,39.687124999999995,52.925625422582826,322.7949064683345,26.22474204686525,28.42299373444426,51.17661869034078,110137.56577894595,145759.03433034447,98.38362068965517,0.13932496368193262,0.3106306626896063,19.833572796934863,0.11326971271024087,0.026055250971691687,29.058849315068493,46.09,98098.08,1345.0,56.39075342465753,2000.318,2,heatwave_extreme;hot,ahmedabad_ssp245_late_2080s_heatwave_extreme_2081;ahmedabad_ssp245_late_2080s_hot_2081
0a324963ca2a7caf8b34ea2323e378a8a2290108d22fd622543db16021443f80,Houston,ssp585,near_2030s,2035,16704.0,4437.0,24.86418582375479,33.96,69.07392382240252,292.07933288257834,25.447267027239814,27.73784538888326,51.28502820147918,93459.37601235727,132684.86077506127,98.3536877394636,0.09553073701002295,0.23422139673338568,7.986111111111111,0.06619055073345594,0.029340186276566996,23.355051369863016,36.27,55712.73,73.0,74.04178082191781,1810.089,1,hot,houston_ssp585_near_2030s_hot_2035
0c6303cb9b5689ce14d007489cf8ca78aacfe83a544f1c739ad6f67fd392898a,Beijing,ssp585,baseline_2020s,2026,16704.0,4437.0,13.758911637931034,29.837124999999997,52.58620689655172,244.30155510480054,24.054554253079836,25.460173644184067,33.168907458802224,66996.87995557666,130717.66179752142,98.11422413793103,0.07987368727251053,0.11446024722574898,0.035919540229885055,0.05187420663799992,0.027999480634510597,12.622576484018264,34.63,22827.87,0.0,56.2384703196347,1516.361,1,typical,beijing_ssp585_baseline_2020s_typical_2026
0f15ec003a246377b68e47921189f1c434a56ad38aea5d8e03b63d02a2fe8b57,Kolkata,ssp245,mid_2050s,2053,16704.0,4437.0,28.120217013888887,36.199625,71.11967545638946,280.1701600180302,26.112975462003256,28.859803742852595,53.9269193058185,100566.93627232584,134448.8491346697,98.36566091954023,0.13048097303946443,0.32211475527767713,21.324233716475096,0.10486972843151715,0.025611244607947253,26.94689497716895,39.8,80269.1,568.0,75.45433789954338,1738.81,2,heatwave_extreme;hot,kolkata_ssp245_mid_2050s_heatwave_extreme_2053;kolkata_ssp245_mid_2050s_hot_2053
10457a9a5e69c3075f1dba04baaae27b062383372caa0c1a3354939269710b40,Kolkata,ssp585,near_2030s,2032,16704.0,4437.0,26.185394516283527,35.199625,71.08992562542258,249.93373901284653,25.491986586263206,27.708804286781234,52.10384448156118,94384.00443152078,129763.42542041134,98.29980842911877,0.09451059924884651,0.24602694873154762,8.231561302681992,0.06501447287556004,0.029496126373286462,25.03100068306011,38.35,65640.21,313.0,75.41188524590164,1555.754,1,heatwave_extreme,kolkata_ssp585_near_2030s_heatwave_extreme_2032
113577d302fec6f6951d856acd45f7067ee1e31cc331af79a078dead380c6177,Beijing,ssp245,baseline_2020s,2025,16704.0,4437.0,15.035986290708811,31.504624999999997,52.50146495379761,264.61099842235745,24.399783599349075,26.85965783589052,34.36421908310357,71935.14475397016,133427.6973573727,98.07231800766284,0.08926004144622884,0.15121606191620174,3.4243295019157087,0.06309961283064,0.02616042861558884,13.942010273972604,36.93,25156.749999999996,43.0,56.19029680365297,1642.315,2,heatwave_extreme;hot,beijing_ssp245_baseline_2020s_heatwave_extreme_2025;beijing_ssp245_baseline_2020s_hot_2025
124f09586e9eca3c62ab18f29ed8bccf25f10b671f907ac6a7a270309b271513,Guangzhou,ssp585,mid_2050s,2059,16704.0,4437.0,25.59644157088123,33.89212499999999,69.27180527383368,269.01059274284427,25.738139126935845,28.33521573364862,51.24938330768835,95431.60482763892,132631.48323676246,98.42552681992338,0.11299513542998287,0.2862527641692819,13.332136015325672,0.08518583116544284,0.02780930426454004,24.85802625570776,36.19,66711.24,73.0,72.03253424657534,1667.483,1,heatwave_extreme,guangzhou_ssp585_mid_2050s_heatwave_extreme_2059
13530d5d5cc6369d2e46fea1032f2ab49db75a91c475576f230ef97a52416228,Kolkata,ssp245,late_2080s,2087,16704.0,4437.0,28.957566451149425,36.52,71.10660356096461,276.4394861392833,26.236758698608757,28.910060776255435,54.38829293626128,102070.13685232354,136002.53464124654,98.33572796934867,0.13740039465630563,0.32754165096674115,22.790948275862068,0.11254287950615688,0.02485751515014876,27.78537671232877,39.71,86863.31,575.0,75.44372146118721,1713.831,1,hot,kolkata_ssp245_late_2080s_hot_2087
13f43bd06d772bf7f488e4bd9789c2132d877372bdabd76f003d63f64a5e2947,Ahmedabad,ssp585,late_2080s,2087,16704.0,4437.0,30.3967495809387,39.5425,52.93914807302231,313.0655848546315,26.117285651750628,28.570899160402515,50.85112551818185,109556.9438049627,147566.74439016596,98.3117816091954,0.1345013890952931,0.34723391175813345,17.953783524904214,0.10806588911067659,0.026435499984616497,29.166350456621004,44.66,98529.35,1438.0,56.406050228310505,1942.673,1,typical,ahmedabad_ssp585_late_2080s_typical_2087
174baa9b9617ee21aa825f459d2931e2079eb4f1a3cd407c3274dcf6560d1031,Guangzhou,ssp585,near_2030s,2033,16704.0,4437.0,24.767596982758622,33.00462499999999,69.28397565922921,255.86499887311246,25.50846639290474,27.900560818425248,50.568558304826134,91647.84154971443,130854.08266294963,98.37164750957854,0.10050605413868151,0.2543397757271303,9.66235632183908,0.07136352589972197,0.02914252823895953,23.934550228310503,35.43,60325.03,9.0,72.05513698630136,1589.095,2,heatwave_extreme;hot,guangzhou_ssp585_near_2030s_heatwave_extreme_2033;guangzhou_ssp585_near_2030s_hot_2033
19bc7379cfd8c4f9f740cb0ce983cc14ba802e88a77ce40527a6df05aaf4e6c9,Ahmedabad,ssp245,late_2080s,2086,16704.0,4437.0,29.273144456417626,40.05887499999999,52.92607617759747,315.1694838855082,25.941851894776224,28.280896785277193,50.12831307974932,107650.57940067384,147329.3915409017,98.30579501915709,0.12506565039014067,0.3264573244750498,14.373802681992338,0.09766344276202889,0.027402207628111793,28.022840182648405,48.7,88976.77,1177.0,56.3912100456621,1958.055,1,typical,ahmedabad_ssp245_late_2080s_typical_2086
1fbc80cc15fc47b906c5e8651c3035538a31d5ddc79e2f4047acca698afff72d,Kolkata,ssp585,baseline_2020s,2026,16704.0,4437.0,27.20027807710728,34.62637499999999,71.08519269776876,268.23709713770563,25.733315203961535,27.978611123618577,52.86678448267137,98849.3337307266,134136.3159174332,98.29382183908046,0.1042153042356479,0.26451482975545026,10.63817049808429,0.07642223091286371,0.027793073322784207,26.046144977168947,39.0,73213.84000000001,237.0,75.43127853881279,1664.789,1,hot,kolkata_ssp585_baseline_2020s_hot_2026
21ac3684c23ae0ee63decd2b2d4fd3ebc8f5c89190829808ee71fba3d70044a3,Kolkata,ssp585,near_2030s,2038,16704.0,4437.0,25.9805627394636,34.235,71.08879873788595,258.61460446247463,25.50054427653531,27.66569600965548,51.733007663902704,94990.44536027813,132975.5084268022,98.35967432950191,0.09464864892387982,0.24376879589632147,7.369492337164751,0.0649823360859344,0.029666312837945435,24.860190639269405,39.97,64616.64000000001,233.0,75.43230593607306,1604.213,1,typical,kolkata_ssp585_near_2030s_typical_2038
26e51acfc31cccfde342a9eb6133b0d7aaccbaf7f4ebaa6aefc5ac62635d0b13,Ahmedabad,ssp245,mid_2050s,2059,16704.0,4437.0,29.778776939655174,39.1675,52.94095109308091,323.3750281721884,26.162589879961242,28.881350492661966,50.30755279843371,108465.44867306433,145640.12715242096,98.44947318007662,0.13828391855545927,0.3374159156981234,20.061063218390803,0.11195969173521468,0.0263242268202446,28.452689497716896,48.49,93447.31,1235.0,56.40890410958904,2006.488,2,heatwave_extreme;hot,ahmedabad_ssp245_mid_2050s_heatwave_extreme_2059;ahmedabad_ssp245_mid_2050s_hot_2059
2709662e9ca2b56f853a9b97115aecb90e3d80fdacc794a457a982c2da901c7a,Guangzhou,ssp245,mid_2050s,2051,16704.0,4437.0,25.454140625,33.274249999999995,69.27766508902411,268.85463150777554,25.63171405299966,28.198649012184887,50.96077865664001,94810.59787990407,131996.21060569104,98.31776819923371,0.10481017535099804,0.27566558332027247,11.494252873563218,0.07657991548727913,0.028230259863718913,24.4811700913242,36.07,64638.689999999995,14.0,72.03778538812786,1665.392,1,hot,guangzhou_ssp245_mid_2050s_hot_2051
2cd8cce966d18e58284456e5b1bc10cde749752d9237a6878b8950d49a84fc9e,Ahmedabad,ssp585,near_2030s,2031,16704.0,4437.0,28.193491079980845,37.22924999999999,52.9235970250169,309.27473518142887,25.862031526528213,28.341652091692016,48.691021626655385,103656.34188995397,143438.23540089,98.40158045977012,0.12008618338080652,0.2973445540845084,14.092432950191572,0.09238626618849828,0.027699917192308226,26.91185502283105,44.89,81513.14000000001,849.0,56.387100456621006,1923.972,1,typical,ahmedabad_ssp585_near_2030s_typical_2031
2d09699a8def8dea46d49e77a64f1458cf59986016b22b15c1876380e3278fbe,Ahmedabad,ssp245,near_2030s,2032,16704.0,4437.0,28.713809865900384,38.086375,52.929456840207344,305.5767410412441,25.78133994963293,27.664173431769992,49.25376617158417,105604.8359703453,141942.98633875838,98.35967432950191,0.10859270785807787,0.23660562787515416,8.087883141762452,0.08067977608795654,0.02791293177012134,27.410842440801456,42.67,85469.79000000001,901.0,56.36327413479053,1901.148,1,typical,ahmedabad_ssp245_near_2030s_typical_2032
3292ef4b594a06edb5cab1e71a875a6f3ed3ee8cedc6f47ec3215783ebb2baab,Kolkata,ssp245,near_2030s,2036,16704.0,4437.0,26.758644636015323,34.232124999999996,71.09398242055443,266.78048230786567,25.648341486805307,27.822468629986215,52.510610427432866,97851.29966879397,132111.75826880347,98.4794061302682,0.09978413776041872,0.25033277348615224,8.90205938697318,0.07133572926413415,0.02844840849628459,25.598522313296904,39.58,69999.24,202.0,75.4143897996357,1661.186,1,typical,kolkata_ssp245_near_2030s_typical_2036
3550d9d7c1350e979982ca94fd0e78a84f381aa2921f39fba5a34e3bf5e99c4e,Kolkata,ssp585,baseline_2020s,2029,16704.0,4437.0,26.43338691331418,33.44924999999999,71.07843137254902,263.0863195853054,25.519670251263182,27.406222489959,51.992963674811456,97000.90336934602,132879.32327013882,98.31776819923371,0.09192278352390344,0.20838154544432952,5.753113026819923,0.06268707101623883,0.02923571250766462,25.246216894977167,38.36,67733.41,104.0,75.41461187214612,1631.999,1,typical,kolkata_ssp585_baseline_2020s_typical_2029
36d0c6d4fc871c986b20c8daaa64b77e2a3aadee383219cd016b3f7e042af356,Kolkata,ssp245,baseline_2020s,2028,16704.0,4437.0,27.894026879789273,35.38924999999999,71.10975884606717,272.3664638269101,25.90059256829753,28.16651788819282,53.52354648059259,100484.19900327404,134263.95047117394,98.30579501915709,0.11401887878565198,0.28615821606479586,13.344109195402298,0.08726647307912373,0.02675240570652824,26.73635245901639,40.97,78961.21999999999,365.0,75.42998633879782,1695.046,1,hot,kolkata_ssp245_baseline_2020s_hot_2028
3e673299901167bf897b0c78e87175e86456ee2be29781749415fb0dbd012fa3,Kolkata,ssp245,late_2080s,2086,16704.0,4437.0,28.763125598659006,37.064249999999994,71.09871534820824,279.66441289159343,26.3138338921868,29.206856453364484,54.55033193107542,101010.17569067098,134475.30463628762,98.52729885057471,0.14455053852787522,0.3380202320194803,26.011733716475092,0.11992242370270036,0.02462811482517486,27.606182648401827,41.59,85415.21,776.0,75.43162100456621,1734.245,1,heatwave_extreme,kolkata_ssp245_late_2080s_heatwave_extreme_2086
40a6d3a776ec0c4252ca89f52474798cc1e8cc94c3ecedc8913b93dd1d153007,Houston,ssp245,mid_2050s,2052,16704.0,4437.0,23.993444384578545,34.39,69.06806400721209,280.68018931710617,25.41476606219309,28.087844655408585,50.413911947933215,90068.66868909767,131331.2170566024,98.37763409961686,0.09844217067327833,0.2689188589124627,10.632183908045976,0.06887281410890679,0.029569356564371537,22.776839708561024,37.89,53420.759999999995,160.0,74.02755009107469,1743.191,1,typical,houston_ssp245_mid_2050s_typical_2052
42ac910f9f150e84c2c3db9b10f7e10d7258b391a97fd574d91836e2a52a24ac,Phoenix,ssp245,baseline_2020s,2025,16704.0,4437.0,25.706838182471266,40.5075,30.87762001352265,339.2693261212531,25.331203053118788,27.130450753592797,34.43262489365865,102567.72931707739,156624.53893836527,98.41954022988506,0.10907158981562103,0.20307376190321516,5.250239463601533,0.08171749469757007,0.027354095118050956,24.41192808219178,44.73,71605.74,1535.0,33.48972602739726,2106.722,1,heatwave_extreme,phoenix_ssp245_baseline_2020s_heatwave_extreme_2025
43dca971885bd46e069a030644a045ee97e32bfc627ca876e7224c5eb0733229,Houston,ssp245,late_2080s,2085,16704.0,4437.0,25.080391522988506,35.0,69.07009240477801,292.51002929907594,25.62712367993257,28.306050686494256,51.16952570373649,93466.1320392322,133727.48685037397,98.5213122605364,0.10915247819823148,0.2901703789372307,14.194204980842912,0.08081919264441519,0.02833328555381629,23.501143835616435,37.51,59495.45,279.0,74.03824200913242,1816.825,1,hot,houston_ssp245_late_2080s_hot_2085
456ac9090f099ca2729115b82f2d1299c41844e023397cc378f2f6098e18d343,Houston,ssp585,late_2080s,2086,16704.0,4437.0,25.118481501436783,36.295,69.06400721208023,291.74013973405454,25.93139493866907,29.06121387584706,51.12775028584681,91833.94974749074,130981.36570176703,98.41355363984674,0.136172876329635,0.33837237501439327,25.502873563218394,0.10956195525318846,0.026610921076446515,23.9068401826484,38.66,63687.7,725.0,74.03356164383561,1811.911,1,heatwave_extreme,houston_ssp585_late_2080s_heatwave_extreme_2086
46171916791f96e09183f3d15854469ce74bd699e55371bb3ff0c76d2780bceb,Phoenix,ssp245,mid_2050s,2051,16704.0,4437.0,27.23055166427203,42.297124999999994,31.013071895424837,335.30651340996167,25.593507892740142,28.14000619712057,36.27451309287771,105110.99559463869,153702.61189618314,98.35967432950191,0.12698375363096293,0.3245336057214685,12.709530651340998,0.10010151343092981,0.026882240200033113,25.94887785388128,48.4,79759.95,1948.0,33.60353881278539,2083.35,1,heatwave_extreme,phoenix_ssp245_mid_2050s_heatwave_extreme_2051
47b14444d835d321ebad5563a859b52684ba356fc3fd52f24efef21ec56e4329,Phoenix,ssp245,near_2030s,2034,16704.0,4437.0,26.34460668103448,40.69712499999999,31.076853729997747,350.32544512057694,25.46030527084113,27.3730907567269,35.2896878152231,106021.96710695836,155584.88109281985,98.35967432950191,0.11588312271220137,0.23827669716129693,7.405411877394635,0.08854658752745988,0.027336535184741512,25.014326484018262,44.11,73921.33,1618.0,33.64920091324201,2175.499,1,typical,phoenix_ssp245_near_2030s_typical_2034
4b566ec592c7386c10876a7b2728b3bdc93345ea60c9f344f4a3ba18521f4d86,Beijing,ssp245,near_2030s,2034,16704.0,4437.0,14.758402179118775,31.375,52.56704980842912,260.88235294117646,24.274024612098327,26.38101155602147,34.074445552400284,70787.83366067504,136920.81847688206,98.08429118773945,0.08485882582843243,0.12294692479694878,1.4487547892720307,0.05821033747480408,0.02664848835362835,13.676070776255708,35.47,25929.78,7.0,56.23710045662101,1617.191,1,hot,beijing_ssp245_near_2030s_hot_2034
4b72294fb85943c9cd9c02afa519f562da079804ca82daa29a7d9e5ccbdb3212,Houston,ssp585,late_2080s,2088,16704.0,4437.0,25.365141882183906,36.54,69.0727969348659,288.4852377732702,25.926933544936375,29.187788199696726,51.71584658874045,92158.70443319381,131668.41626338274,98.44947318007662,0.13288025063846273,0.3403551224425124,22.988505747126435,0.10601766166870978,0.026862588969752986,24.197217668488157,39.94,64961.2,711.0,74.03654371584699,1793.572,1,typical,houston_ssp585_late_2080s_typical_2088
4c2dfbe9d49d3b6585497b8167c564b917af5860e19d25bbd6eb2d5877fdf13c,Kolkata,ssp585,late_2080s,2088,16704.0,4437.0,29.763280352011492,36.974624999999996,71.10051836826685,280.2576064908722,26.4638601419597,29.318728688795854,55.061123781180996,103239.63218387046,134704.84521695285,98.28184865900383,0.14968954729291373,0.3421647461038081,27.011494252873565,0.12617697590589017,0.02351257138702354,28.570694444444445,42.95,93279.39,691.0,75.41746357012751,1743.575,1,typical,kolkata_ssp585_late_2080s_typical_2088
4fce79efd959a284c70cf2070a851ecd1bb5ca29a70a4caa8b80fa7cb9d6e81e,Ahmedabad,ssp585,baseline_2020s,2027,16704.0,4437.0,29.47323605124521,38.52,52.92404778003155,334.0385395537525,26.316407575239168,29.144807643008747,49.89531103623461,108114.4606937683,143162.83148130984,98.5213122605364,0.14665623094305785,0.3265229122162175,23.533285440613028,0.12137058287183812,0.025285648071219708,28.24798515981735,43.76,92411.03,1164.0,56.37614155251141,2073.705,2,heatwave_extreme;hot,ahmedabad_ssp585_baseline_2020s_heatwave_extreme_2027;ahmedabad_ssp585_baseline_2020s_hot_2027
522121311c489c4558e3a58902e0045ebbe0eacf6c951a009d62e7b7c2a70f67,Beijing,ssp245,late_2080s,2084,16704.0,4437.0,17.26282986111111,34.31924999999999,52.57696641875141,280.00495830516115,24.86622224129405,28.959672446348197,36.15620874337872,77403.52049326434,138421.42936083794,98.227969348659,0.10687537131658435,0.3229165782818257,9.949712643678161,0.08262064462109624,0.024254726695488112,16.17790869763206,39.98,35390.28,255.0,56.20184426229508,1741.226,2,heatwave_extreme;hot,beijing_ssp245_late_2080s_heatwave_extreme_2084;beijing_ssp245_late_2080s_hot_2084
548bbff76bee81d0bee5006966d28fa933c9724267046abcc829dd7da4df4b14,Beijing,ssp245,late_2080s,2083,16704.0,4437.0,16.264237009099613,33.553499999999985,52.533919314852376,270.7743971151679,24.685608832781945,28.532647406260665,35.33938565541824,73599.3884678883,136011.25231231225,98.24592911877394,0.1052440567456663,0.2997221286990679,10.578304597701148,0.0807443682149659,0.024499688530700406,14.95624315068493,38.46,32002.22,153.0,56.214497716894975,1680.219,1,typical,beijing_ssp245_late_2080s_typical_2083
54dcff04b8f8dcf0003c4f69941be2d5ae5b63318642e5659ae176538fc951a1,Ahmedabad,ssp585,late_2080s,2088,16704.0,4437.0,31.579145713601527,41.234624999999994,52.92201938246563,313.86116745548793,26.534734656443586,29.488939436852938,52.19447736324651,109742.38648179792,147458.2786229549,98.13218390804597,0.1661516104268839,0.3879963001158709,29.669540229885055,0.1413378858235452,0.024813724603338683,30.258701047358834,49.18,107893.97,1766.0,56.3549635701275,1952.58,2,heatwave_extreme;hot,ahmedabad_ssp585_late_2080s_heatwave_extreme_2088;ahmedabad_ssp585_late_2080s_hot_2088
558cf65dcbed838d757374ab58e8ce1b323bb8299a4682bcef7aaa201ce5bfbe,Phoenix,ssp585,late_2080s,2081,16704.0,4437.0,30.12157507183908,45.18849999999998,31.026594545864324,332.49267523101196,26.007771104448786,28.770420536638458,40.28701972733246,110327.61575704314,156354.6546057187,98.23395593869732,0.15601135577522762,0.40529563385837997,23.32375478927203,0.12944016017068888,0.026571195604538744,28.69482191780822,51.13,98389.0,2713.0,33.60331050228311,2062.47,1,typical,phoenix_ssp585_late_2080s_typical_2081
5632d50b13a25a2a639581e27edff67a5684a52ea36eb9f6a1d3b0612b28ae9f,Ahmedabad,ssp585,mid_2050s,2051,16704.0,4437.0,29.55008890086207,39.34,52.92247013748028,326.9691232814965,26.127382471141583,28.452764517309284,50.33717222446579,109246.26996849877,147340.58428521545,98.29980842911877,0.13377720338608567,0.31315463591987885,17.66044061302682,0.10748194690646114,0.026295256479624513,28.37353310502283,46.73,92684.61,1191.0,56.391780821917806,2028.153,1,heatwave_extreme,ahmedabad_ssp585_mid_2050s_heatwave_extreme_2051
57af24721a56f7b40801c76e1b5680bffdcc9d48cdee360aa6f38b9608f731ba,Guangzhou,ssp585,baseline_2020s,2026,16704.0,4437.0,23.858144157088123,32.47,69.28622943430246,256.04868154158214,25.387653789613132,27.820219115152607,50.06361348157576,89976.09400124381,131293.3047704031,98.20402298850574,0.09536413190085037,0.2469263723500383,7.92624521072797,0.06575853016461206,0.029605601736238316,23.21334474885845,35.8,54084.100000000006,18.0,72.0466894977169,1586.499,1,heatwave_extreme,guangzhou_ssp585_baseline_2020s_heatwave_extreme_2026
5a3b9c49e2be9cd99bb25335b8b91576c19cab3823bd589d20597830e99ff85b,Kolkata,ssp585,baseline_2020s,2027,16704.0,4437.0,26.609409422892718,34.86212499999999,71.09510930809105,264.1201262114041,25.617401881015464,27.925012049199648,52.25843334644863,97145.53725324511,133191.27624159053,98.3117816091954,0.09947958936145426,0.26130336877113824,8.776340996168583,0.07077773491193563,0.02870185444951865,25.481834474885847,39.65,68897.88,280.0,75.42385844748858,1639.925,1,heatwave_extreme,kolkata_ssp585_baseline_2020s_heatwave_extreme_2027
5b3ec10bd62d85baf976fafa1876e95917501b8ea6d3bc5d1dbc2770f1263686,Beijing,ssp245,near_2030s,2039,16704.0,4437.0,13.946694504310344,29.897499999999997,52.592742844264144,248.38336713995943,24.063621773965256,25.560184079577986,33.484664403920476,67983.28990492785,133598.72102218447,98.05435823754789,0.08073528980950327,0.11376826502072312,0.16762452107279693,0.05216707646157869,0.028568213347924584,12.716832191780822,36.56,23705.4,8.0,56.25673515981735,1542.518,1,heatwave_extreme,beijing_ssp245_near_2030s_heatwave_extreme_2039
5b7f2c881e01fe46cf784e7a843b60f5e7447539393e269719b792b9501ad621,Phoenix,ssp245,baseline_2020s,2026,16704.0,4437.0,25.88481381704981,39.81,31.03583502366464,353.40725715573586,25.373705535529428,26.990894615201945,34.89064232984622,105904.64889726894,157290.5693250435,98.28184865900383,0.10700736217750624,0.19042992186189311,4.54382183908046,0.07991899255183518,0.027088369625671058,24.539092465753427,44.23,71184.23999999999,1337.0,33.62910958904109,2190.613,1,typical,phoenix_ssp245_baseline_2020s_typical_2026
6093571170bd3ee0ac7e9197e87e133651def4e6a88f72c33eba3232ef2e8dc2,Houston,ssp585,late_2080s,2080,16704.0,4437.0,26.250572916666663,36.18212499999999,69.07527608744647,291.48659003831415,25.902815791816256,29.083779171809727,52.23474512965222,95549.31252386436,135646.1639087051,98.19803639846744,0.12709154831926767,0.33425784964735306,21.707375478927204,0.10009769583604146,0.026993852483226204,24.850593123861564,38.57,68048.92,656.0,74.0389344262295,1814.709,1,hot,houston_ssp585_late_2080s_hot_2080
60c5fcf96aa14dbee7405241f6d78accf10da2447c33410327e5849bdb5599c2,Houston,ssp245,mid_2050s,2058,16704.0,4437.0,23.060680076628355,34.804249999999996,69.06310570205093,284.4669821951769,25.33463180251673,28.245544806446993,49.11215323874103,87390.49563583246,129553.60153358772,98.24592911877394,0.10186397017924495,0.2884002093528395,12.434147509578544,0.0726516769127489,0.029212293266496037,21.64481506849315,36.67,49711.7,219.0,74.03127853881278,1765.205,1,heatwave_extreme,houston_ssp245_mid_2050s_heatwave_extreme_2058
63682e0e4c1898b94a8c2aed4ec9cbac31b9f4a49f7ebd6948189739cb2bb9fc,Guangzhou,ssp585,baseline_2020s,2025,16704.0,4437.0,23.76041576867816,32.372125,69.1983322064458,253.89407257155736,25.263006888535504,27.27841980604703,49.35283747029169,89998.68884616108,132703.6975355019,98.26388888888889,0.08904923397581876,0.19572227132817102,4.735392720306513,0.05878050546017241,0.030268728515646354,22.902364155251146,35.87,54708.34,7.0,71.98333333333333,1575.056,1,typical,guangzhou_ssp585_baseline_2020s_typical_2025
65b82990a42c0bfd5b51013ab413084e80eaea1816640737a1a0e73ead8ed033,Phoenix,ssp585,mid_2050s,2057,16704.0,4437.0,28.14763799090039,42.60924999999999,31.0245661482984,336.8553076402975,25.674448472418934,28.067977091915036,38.018307053051714,108265.06542936631,155710.30926326071,98.31776819923371,0.12985621300861197,0.32432068226936556,13.703304597701148,0.10125902353305402,0.028597189475557932,27.039867579908673,48.19,87913.37999999999,2146.0,33.603995433789954,2090.706,2,heatwave_extreme;hot,phoenix_ssp585_mid_2050s_heatwave_extreme_2057;phoenix_ssp585_mid_2050s_hot_2057
65ea2d0e189d3ab2c5bf91782007270e304ea07bbfb09c532c94c1fd40b209a9,Kolkata,ssp245,near_2030s,2039,16704.0,4437.0,27.200041307471263,35.70924999999999,71.08699571782736,272.0811359026369,25.87262479318398,28.470655388603355,52.97194300185009,98170.57103400887,133807.7520731094,98.24592911877394,0.11642092337414738,0.3076668440395345,16.09794061302682,0.08940421898113647,0.027016704393010908,25.99110388127854,39.63,73640.22,410.0,75.42397260273972,1687.134,1,heatwave_extreme,kolkata_ssp245_near_2030s_heatwave_extreme_2039
6675cd92c753b37065312e184e50afe930c9f5a83136bf912a6938942c4466e6,Guangzhou,ssp245,late_2080s,2083,16704.0,4437.0,26.125979406130266,33.842124999999996,69.25512733829164,286.01577642551274,25.89101161811716,28.464629432232467,51.76927301694686,98633.9593950361,132359.48585337074,98.4434865900383,0.11741099403686138,0.2929589449513393,15.529214559386972,0.09058722079028125,0.026823773246580127,25.286223744292236,36.75,68907.78,76.0,72.01837899543379,1776.785,1,hot,guangzhou_ssp245_late_2080s_hot_2083
682e11cf9df4cf073992dc57a1b21d72191ee1e5197222a97008512b8adf842c,Ahmedabad,ssp245,baseline_2020s,2029,16704.0,4437.0,29.68484823994253,38.53,52.90872210953347,321.9810682893847,26.138556297588426,28.270326706845278,50.30427861684494,108492.612751216,144693.6916676543,98.3896072796935,0.13355773499630974,0.2955097490021338,18.211206896551722,0.10769545652399298,0.025862278472316785,28.350182648401823,43.2,92623.94,1177.0,56.36050228310502,1996.929,2,heatwave_extreme;hot,ahmedabad_ssp245_baseline_2020s_heatwave_extreme_2029;ahmedabad_ssp245_baseline_2020s_hot_2029
69c4523a6b289c52fcb3863ec6e0df115fecad68709320256967febbe86d906e,Guangzhou,ssp245,baseline_2020s,2025,16704.0,4437.0,24.251222761015324,32.33462499999999,69.1983322064458,256.66013071895424,25.390417532196754,27.732069393257866,49.9208903874661,91687.11074994375,132745.15815774104,98.23395593869732,0.09302115733957723,0.23414104316616421,7.537116858237549,0.06326089047839167,0.02976026686118557,23.47425,34.83,55412.85,0.0,71.98333333333333,1590.983,1,typical,guangzhou_ssp245_baseline_2020s_typical_2025
6b61e1dc71fb3e88f344ccbcff1ad1f5a0ee142e85b3b0e5df4b4de10f02fd4e,Phoenix,ssp585,baseline_2020s,2029,16704.0,4437.0,26.29193905651341,41.02212499999999,30.99707009240478,345.3635339193149,25.47543430888535,27.612105082622016,35.14588308055151,105290.19370393276,156603.85145268816,98.26388888888889,0.11778133706927268,0.265256856305835,9.315134099616857,0.09114368617152012,0.026637650897752545,25.01650913242009,44.91,74420.48,1630.0,33.55582191780822,2144.489,1,typical,phoenix_ssp585_baseline_2020s_typical_2029
6c40f24ba73d9f21cd57b9f9d19d3fa6de786c5eedd96fafa8ed1aa70df83596,Houston,ssp585,mid_2050s,2055,16704.0,4437.0,23.602546396072793,34.39,69.05183682668469,292.96777101645256,25.49401018260846,28.273603263785585,49.819756765034924,90033.74461864078,132466.09188113452,98.3536877394636,0.10756645519123591,0.2819260400487109,13.397988505747128,0.07859255925489508,0.028973895936340838,22.476905251141556,36.31,53399.69999999999,109.0,74.02602739726028,1819.935,1,typical,houston_ssp585_mid_2050s_typical_2055
6d7ffb99a5c7c5a4b5c8508332a20cf4dcffd34d0520c709c9114fef8a44cb8b,Beijing,ssp245,mid_2050s,2050,16704.0,4437.0,17.06653436302682,33.1075,52.60018030200586,275.44985350462025,24.76754821908662,28.205365789752438,35.75624299931691,77032.22963536724,138432.29588662685,98.32974137931035,0.10050827056129143,0.28019635119785863,7.650862068965517,0.07556766997459304,0.02494060058669841,15.911307077625567,41.48,33146.18,161.0,56.25547945205479,1710.469,2,heatwave_extreme;hot,beijing_ssp245_mid_2050s_heatwave_extreme_2050;beijing_ssp245_mid_2050s_hot_2050
6dd79682cbe77c6d0ea2129fd82d15c7c9853a31f7c11e40c01a7cb7c10dd96a,Guangzhou,ssp245,near_2030s,2031,16704.0,4437.0,24.332979226532565,32.56712499999999,69.28870858688303,241.40320036060402,25.307439794710533,27.506607946260388,49.88555696603511,90298.87377717915,130797.8765114214,98.38362068965517,0.0886695091146223,0.21160350442398337,5.717193486590038,0.05813029399534923,0.030539215119273065,23.575994292237446,36.01,57394.67,6.0,72.05353881278539,1496.035,1,typical,guangzhou_ssp245_near_2030s_typical_2031
73cd61f2c3ce16cd2bdcc7ba1c2c8672ff3bb595e4ed7c4603d16cf7767ad8d1,Houston,ssp245,baseline_2020s,2026,16704.0,4437.0,23.465242157567047,33.797124999999994,69.08203741266621,293.60829389226956,25.33281719874056,27.755545900707688,49.68397895712235,89415.90630288805,133978.13904751706,98.22198275862068,0.09683913665997387,0.2340557199871788,8.321360153256704,0.06773680138470003,0.02910233527527383,22.0160901826484,36.08,52506.96,34.0,74.05022831050228,1820.064,2,heatwave_extreme;hot,houston_ssp245_baseline_2020s_heatwave_extreme_2026;houston_ssp245_baseline_2020s_hot_2026
757924282223c190026ed536d677b9ac479cbf48e3795636808742c93d7606f2,Guangzhou,ssp245,mid_2050s,2055,16704.0,4437.0,25.173534782088122,32.9775,69.30764029749831,279.68492224475995,25.645936072645128,28.208102028082454,50.8657318089317,96950.01636717154,134962.39661033943,98.25790229885058,0.1055975268332791,0.28488995625016583,11.655890804597702,0.07752346283485455,0.028074063998424572,24.49658561643836,35.61,61766.88,36.0,72.0560502283105,1741.379,1,heatwave_extreme,guangzhou_ssp245_mid_2050s_heatwave_extreme_2055
77f504c2516a5487bcae250047e3d87b4d6c31e11657f87a69487209752304b3,Phoenix,ssp585,late_2080s,2089,16704.0,4437.0,30.083986470306513,46.269625,31.007662835249043,331.10412440838405,26.176347626648315,29.59501558355712,39.820969391184825,107642.46633548872,155923.75691859316,98.29382183908046,0.18054486473844486,0.48563121786729124,29.44803639846743,0.15523627571686377,0.0253085890215811,28.691406392694063,49.82,100416.0,2950.0,33.58881278538813,2055.314,1,hot,phoenix_ssp585_late_2080s_hot_2089
7995a16e91791ea2e067d3110ed6d377fde394064a2fbdc398852daf36abe908,Phoenix,ssp245,late_2080s,2081,16704.0,4437.0,27.288862547892723,42.896374999999985,31.026594545864324,329.84223574487265,25.570272017241056,28.08345890232251,36.59154491002777,104709.49714364644,156335.90518753583,98.4315134099617,0.12785627835286803,0.33130346367058017,12.877155172413794,0.10064821217826785,0.027208066174600185,25.969208904109596,46.9,79219.67,1871.0,33.60331050228311,2047.87,1,typical,phoenix_ssp245_late_2080s_typical_2081
79dd9d04914e697174ed85a53c1097c16a6ac61c9408aa2c8085da25ec13d9ee,Kolkata,ssp245,baseline_2020s,2026,16704.0,4437.0,26.994405232279696,35.432125,71.08519269776876,271.78138381789495,25.769470354809226,28.15591771165159,52.88942630962365,98200.49195828724,134211.34269523164,98.12021072796935,0.10940388029793958,0.2879413533063295,12.368295019157088,0.0817315334180573,0.02767234687988228,25.72428767123288,39.71,71040.5,371.0,75.43127853881279,1685.674,1,typical,kolkata_ssp245_baseline_2020s_typical_2026
7b07031aef5e91cf018b8438fd01cb15c63af4d21c010251a3e6fed538b5d8c5,Guangzhou,ssp245,late_2080s,2088,16704.0,4437.0,25.658761973180074,34.357124999999996,69.2747351814289,284.6477349560514,25.956818914208018,28.8169883192316,51.15109088714318,96213.67446307445,131987.96345407423,98.22198275862068,0.12772733755393453,0.32324352517103155,20.510057471264368,0.10146227648094717,0.026265061072987393,24.890647768670313,36.49,68825.65999999999,139.0,72.03699908925319,1770.367,1,heatwave_extreme,guangzhou_ssp245_late_2080s_heatwave_extreme_2088
7c8a14e4da9aeaafd2361c3d94f2fc0c1cd4d019fc5f810652137d3cde4ed6d0,Beijing,ssp245,mid_2050s,2056,16704.0,4437.0,14.90422174329502,31.412124999999996,52.56366914581925,263.9064683344602,24.361317214271086,26.873636001926677,34.15304077537088,71529.30621500398,136013.04420079736,98.33572796934867,0.08886311784247751,0.15161013745702787,3.214798850574713,0.06302543476260448,0.025837683079873042,13.836416211293262,35.82,28629.77,16.0,56.20389344262295,1637.788,1,typical,beijing_ssp245_mid_2050s_typical_2056
7da15f6004f8d5c700e8ea93f237e77047575258410ff20add0c53318203d768,Phoenix,ssp245,mid_2050s,2058,16704.0,4437.0,27.465566032088123,42.567125,31.00292990759522,338.5659229208925,25.666359249116898,28.015576690677175,36.567907945751166,106226.90456663581,154896.75694681323,98.47341954022988,0.13281742464076374,0.317543797959418,15.164032567049809,0.10604679499985724,0.02677062964090652,26.19346232876713,45.42,79853.5,1923.0,33.576141552511416,2101.412,1,hot,phoenix_ssp245_mid_2050s_hot_2058
8263e4fdfe48d07d80b7df29cb3e9ee2ff96fa6d4d70db50d658690c05539c2f,Ahmedabad,ssp585,mid_2050s,2050,16704.0,4437.0,29.698935584291185,39.359624999999994,52.90646833446022,316.5539779130043,26.082450891974183,28.392466270534495,50.62687666748244,108467.34231679923,147254.19121091004,98.3536877394636,0.1322282812974944,0.32161916546834,17.175526819923373,0.10555762523192899,0.02667065606556544,28.461997716894977,45.62,92989.61,1183.0,56.38230593607306,1965.241,1,hot,ahmedabad_ssp585_mid_2050s_hot_2050
84c76e9a1df479ff453b0875cebfae0f606c4ea7f93fba4c8d8cc08ab61b78a6,Phoenix,ssp585,baseline_2020s,2025,16704.0,4437.0,26.904396851053644,41.545,30.87762001352265,332.92494929006085,25.486531810164188,27.65725345268301,35.99668638145673,104569.53099528102,156154.24784387628,98.51532567049809,0.1201132947339821,0.27437531418787914,10.147270114942529,0.09221417563464131,0.0278991190993408,25.64042123287671,48.57,78622.45999999999,1896.0,33.48972602739726,2066.167,2,heatwave_extreme;hot,phoenix_ssp585_baseline_2020s_heatwave_extreme_2025;phoenix_ssp585_baseline_2020s_hot_2025
8b61b87b981065a1c56e49218af783939b15bddd26a04fbd6d167adf1bbdad0f,Phoenix,ssp585,near_2030s,2033,16704.0,4437.0,27.398869133141762,41.995000000000005,31.045751633986928,345.2729321613703,25.620358234551006,27.92941859538064,36.55457870495417,107434.2023505463,155488.34820294825,98.34171455938697,0.12646107866475087,0.30566446400945985,11.452346743295019,0.09818506792743674,0.02827601073731413,26.034513698630136,46.65,80932.43000000001,1955.0,33.602511415525115,2143.932,2,heatwave_extreme;hot,phoenix_ssp585_near_2030s_heatwave_extreme_2033;phoenix_ssp585_near_2030s_hot_2033
8cd29f20d76b43dfb25d8ce3516a80f3f023c74ab35987ad5e827b7568e24184,Kolkata,ssp245,baseline_2020s,2027,16704.0,4437.0,27.3879525862069,35.89887499999999,71.09510930809105,272.4381338742393,25.954486970423133,28.697744580891477,53.08842275957297,98061.14353866807,133163.61608346144,98.40158045977012,0.12013051901582285,0.3078204001501823,14.76293103448276,0.09323693477888538,0.026893584236937457,26.241002283105026,43.69,76148.83,509.0,75.42385844748858,1691.348,1,heatwave_extreme,kolkata_ssp245_baseline_2020s_heatwave_extreme_2027
91f7803f2d9bb26214f4859058ca2469e6b3363a9ae1281183bcf5cf87e3aaac,Guangzhou,ssp245,baseline_2020s,2027,16704.0,4437.0,24.366853747605365,31.93,69.28329952670724,254.3786342123056,25.27111975741902,27.201787128855887,49.591628176676146,92929.69205995165,134509.15123484549,98.40158045977012,0.08398474766795416,0.18618821190049215,4.118773946360153,0.05396989569565136,0.030014851972302813,23.63078424657534,34.53,58340.56,0.0,72.05559360730594,1577.313,1,hot,guangzhou_ssp245_baseline_2020s_hot_2027
9205208984eadd7b50f0c2eae9d2b62365744f65672fe4b485e475bc19717ab7,Beijing,ssp585,mid_2050s,2053,16704.0,4437.0,16.14783165708812,32.232124999999996,52.54834347532116,257.8819021861618,24.43815735903254,26.637079531505854,35.041932754830185,73924.82399142881,135553.10093485317,98.18606321839081,0.08573079834332974,0.13086754808202325,1.7540708812260535,0.05968348108113673,0.026047317262192997,15.043634703196346,36.97,31059.42,43.0,56.221803652968035,1599.649,1,typical,beijing_ssp585_mid_2050s_typical_2053
927a98917a75a7725ae6a73f1df78533a59b565d9b3fa275c66df2ef87886d30,Houston,ssp245,late_2080s,2081,16704.0,4437.0,23.705591475095787,35.287124999999996,69.07009240477801,288.6693711967546,25.563779949570833,28.637741915357104,49.832142521951944,88475.56631052162,129606.32895821409,98.37763409961686,0.11491862455547734,0.3080029106078049,17.504789272030653,0.08680461424852348,0.02811401030695387,22.26552625570776,38.6,54808.62,364.0,74.03835616438356,1791.782,1,heatwave_extreme,houston_ssp245_late_2080s_heatwave_extreme_2081
92a7c51002b75939f8663277f90d95980bccc20f1c1354af68cd20471eead7c5,Phoenix,ssp585,late_2080s,2085,16704.0,4437.0,29.70527029454023,45.7,31.02749605589362,329.4491773720983,26.03510481838822,29.10800216771514,39.30751104738656,108031.19659487775,156059.10315544883,98.59913793103449,0.16620771585797742,0.43920441096570956,25.59865900383142,0.1388348647869615,0.02737285107101589,28.533441780821917,50.02,98583.01,2961.0,33.57979452054794,2047.289,1,heatwave_extreme,phoenix_ssp585_late_2080s_heatwave_extreme_2085
9417e611777848bac825c68e640578764e6ab223814d1b48a928ba3e7f8264db,Kolkata,ssp585,mid_2050s,2057,16704.0,4437.0,27.640587883141762,36.637125,71.09758846067163,269.3439260761776,25.8485329968252,28.49939416703704,53.127428599522325,99306.25447032713,133968.71306469658,98.227969348659,0.11406531232650836,0.3212083185844433,14.433668582375478,0.08674342582766638,0.02732188649884199,26.4593299086758,40.91,76080.08,473.0,75.43401826484018,1671.38,1,typical,kolkata_ssp585_mid_2050s_typical_2057
9519b95d5717f346c8a127d7730998eb1201329ac65c71fb2d7a7363f2e8f039,Beijing,ssp585,late_2080s,2084,16704.0,4437.0,17.89871018917625,34.656749999999995,52.57696641875141,259.3950867703403,24.86629664516041,28.730123770619755,37.01802830480787,76206.79934925454,134982.8370553136,98.10225095785441,0.10751945775547966,0.30723502562148497,10.201149425287356,0.08222110231695348,0.025298355438526172,16.689312386156647,42.71,37071.63,315.0,56.20184426229508,1612.753,1,typical,beijing_ssp585_late_2080s_typical_2084
9b9473aedcd53d90e23a09e41c26db1a9fb61369bff65402e514147a62f84163,Guangzhou,ssp585,mid_2050s,2057,16704.0,4437.0,26.02855783045977,33.46,69.27338291638495,265.789046653144,25.685467895630815,27.925345237225837,51.61768520721858,96795.82197561866,133795.83770174894,98.34171455938697,0.10572420752253876,0.25970036691908405,11.320641762452107,0.07795974346010687,0.02776446406243192,25.29734474885845,35.76,70027.76,17.0,72.03356164383561,1649.492,1,hot,guangzhou_ssp585_mid_2050s_hot_2057
9d07cd74691118d2f0b595ca9dc5f2d31962553b652ffa05874c5e2f7c8fff15,Beijing,ssp585,mid_2050s,2052,16704.0,4437.0,16.75114194204981,35.509249999999994,52.58981293666892,267.184584178499,24.684623838013312,28.351192298469485,35.838837634858706,75293.11587436876,135740.2889256704,98.28184865900383,0.10580684495451986,0.2974633644016769,9.321120689655173,0.0804911882660477,0.025315656688472164,15.566722449908925,44.69,38823.45,375.0,56.21254553734062,1660.16,2,heatwave_extreme;hot,beijing_ssp585_mid_2050s_heatwave_extreme_2052;beijing_ssp585_mid_2050s_hot_2052
9d5f088a21e1c0f58f8f139b811472332aae4f745ab044bc29a0968e0c1495d1,Guangzhou,ssp245,baseline_2020s,2028,16704.0,4437.0,23.84355334051724,32.089625,69.26098715348208,248.91751183231912,25.30235778157605,27.573987568233726,49.86837182451746,89864.16248422253,134705.85865751945,98.21599616858238,0.08962243254297726,0.2200409260392188,6.160201149425287,0.059171930564265486,0.030450501978711783,23.21977459016393,34.95,53290.259999999995,0.0,72.03085154826958,1549.661,1,heatwave_extreme,guangzhou_ssp245_baseline_2020s_heatwave_extreme_2028
a359fd079de8e50f2d08eb7b2ed5abede8acc6269a7d834f3f133a5d673c78b7,Houston,ssp585,mid_2050s,2058,16704.0,4437.0,24.32867965756705,34.73,69.06310570205093,298.81023213883253,25.569638228974053,28.375581678625647,50.34023063322175,92400.94949595095,133656.1012183653,98.29382183908046,0.10917387137063299,0.29114815649266035,14.403735632183908,0.08146566612593424,0.027708205244698723,22.997067351598172,37.37,58012.49,229.0,74.03127853881278,1855.031,1,hot,houston_ssp585_mid_2050s_hot_2058
a5f0200b5cb5eaf100921659b7130db899c76b2af3807acb615acf4152b4a430,Ahmedabad,ssp245,mid_2050s,2058,16704.0,4437.0,28.79005298132184,38.06062499999998,52.917511832319136,316.94004958305163,25.812217529761384,27.70756962390613,49.47031428738213,107692.50711937156,147190.21370558636,98.35967432950191,0.11176834629424698,0.24716243858759596,8.680555555555555,0.08361176742755735,0.028156578866689635,27.502721461187217,43.71,85434.54000000001,972.0,56.382990867579906,1965.949,1,typical,ahmedabad_ssp245_mid_2050s_typical_2058
a64f00878873a2df8adef4875a8c3fed08a17cc4ce6e4183c9e0c4cb49a4b88b,Ahmedabad,ssp585,mid_2050s,2055,16704.0,4437.0,29.03883770354406,38.81,52.888888888888886,300.90962361956275,25.72607908264267,27.51712187408719,49.478034843208064,106645.55243839479,145686.15013643418,98.22198275862068,0.10711155851478041,0.23632544358571353,7.5730363984674325,0.07836589482123384,0.028745663693546565,27.757093607305933,44.28,87385.0,967.0,56.364041095890414,1865.337,1,typical,ahmedabad_ssp585_mid_2050s_typical_2055
a7e1610838d4cf9a8729edfd297286f2af50e1c20d6d0e2f8f44dfaa6165e530,Kolkata,ssp245,late_2080s,2084,16704.0,4437.0,28.29485482519157,37.16712499999999,71.09556006310571,273.3500112688754,26.20255024398715,29.645148272287834,53.88419927108638,99071.45460739627,134635.28006115824,98.21599616858238,0.13654869691119045,0.34658237128440905,22.467672413793103,0.11099709788486253,0.02555159902632794,27.099805327868857,41.62,82082.0,732.0,75.41427595628416,1701.284,1,typical,kolkata_ssp245_late_2080s_typical_2084
aac02000b7d6a0c7b84819a18dc7baafaedb0ef27c084f506d09fe1e3798afba,Kolkata,ssp245,mid_2050s,2058,16704.0,4437.0,27.589852131226053,36.265,71.08226279017354,277.92675231011947,25.87909171388665,28.492368395746343,53.22621836522252,100388.15180794163,135364.41230776795,98.25790229885058,0.11477609037420325,0.3104077232000416,14.631226053639848,0.08774679804886949,0.02702929232533374,26.42298858447489,41.71,75435.12,431.0,75.42328767123287,1725.526,1,typical,kolkata_ssp245_mid_2050s_typical_2058
ac45890d2a099cdd99b2bbd07ab35b33f3afe9590bc046d9e0f4e53a94314838,Beijing,ssp245,near_2030s,2035,16704.0,4437.0,13.768419240900382,31.074249999999992,52.562542258282626,247.44016227180526,24.112290735487456,26.425884978606298,33.62947513285086,67133.47263877976,131371.4893432624,98.19803639846744,0.08605289579037241,0.12690634163639816,1.5804597701149428,0.057877013651678806,0.028175882138693598,12.562023972602738,34.86,24892.769999999997,0.0,56.239497716894974,1535.793,1,typical,beijing_ssp245_near_2030s_typical_2035
ad1393191f35ac909a51f23f8c3d58e668d30bbe1681f7fc0b41ed998f059ad4,Houston,ssp585,near_2030s,2037,16704.0,4437.0,24.5087649664751,34.45,69.0755014649538,293.5796709488393,25.501508201759666,27.988984246217946,50.833485117447545,93051.5601579483,134124.1983531823,98.4375,0.10109171424012127,0.2599378626684967,10.49449233716475,0.07195441722870989,0.02913729701141138,23.1332294520548,37.22,54920.61,159.0,74.04440639269406,1822.176,1,heatwave_extreme,houston_ssp585_near_2030s_heatwave_extreme_2037
b3364b0c0403bdd27f0dc6dd22e7ecd20d9bd4705963f025810db432ea565301,Beijing,ssp585,late_2080s,2089,16704.0,4437.0,18.908937679597702,35.65212499999999,52.5868830290737,267.1884155961235,24.99057703678103,28.766249005749646,38.01512791101246,79779.57835992651,137339.3910371193,98.21599616858238,0.1119130830244772,0.3214724813541396,12.092911877394636,0.08763014195447652,0.024282941070000685,17.771,41.5,44549.85,422.0,56.24748858447489,1660.156,2,heatwave_extreme;hot,beijing_ssp585_late_2080s_heatwave_extreme_2089;beijing_ssp585_late_2080s_hot_2089
b5744415947205fcb199be97aa24a2302d7c0d82d2c3e7222e88ce4c0407fbe9,Beijing,ssp585,near_2030s,2037,16704.0,4437.0,14.718059746168581,31.719624999999997,52.53459544737435,266.9037638043723,24.260779720166035,27.01307821966424,34.759506964467874,72141.02130647,136154.05017168162,98.13218390804597,0.09185020572810385,0.16033085331941643,3.484195402298851,0.06391636808951459,0.02793383763858925,13.57321803652968,35.41,29936.57,10.0,56.21929223744292,1656.446,1,hot,beijing_ssp585_near_2030s_hot_2037
b7e2469848177c26fcdbfe570f458e795ba758d5fbaffca9c5dfed3aec7df2ca,Ahmedabad,ssp245,near_2030s,2034,16704.0,4437.0,29.634074173850575,38.91,52.94343024566148,306.9477124183006,25.90208349552241,27.951395317742865,50.481317430796295,107586.2182319475,145714.43838488284,98.25191570881226,0.11775476411040282,0.2754605653540541,12.55986590038314,0.08994662336752607,0.027808140742876748,28.257058219178084,46.22,90990.99000000002,1111.0,56.40251141552511,1905.076,2,heatwave_extreme;hot,ahmedabad_ssp245_near_2030s_heatwave_extreme_2034;ahmedabad_ssp245_near_2030s_hot_2034
b95f5d8a97cb3d7dca82ed05f76ff8e41d6997ffd2ce9e65479a1fc9e3aaa9a1,Phoenix,ssp245,late_2080s,2086,16704.0,4437.0,28.341303879310345,42.6025,31.027270678386298,357.16610322289836,25.798361978875203,28.23808796188097,38.01859370152956,111165.32430591027,158397.14237261537,98.40158045977012,0.13792288179930307,0.34348964061820864,16.073994252873565,0.11011497995831858,0.0278079018409845,27.016212328767125,47.31,88651.57,2255.0,33.604109589041094,2218.056,2,heatwave_extreme;hot,phoenix_ssp245_late_2080s_heatwave_extreme_2086;phoenix_ssp245_late_2080s_hot_2086
b96e0c8b8acb89d21cf145789d229b57921e2d0b9a29e5fea6cc32678f6cc0ce,Phoenix,ssp585,mid_2050s,2050,16704.0,4437.0,26.83820462164751,42.422124999999994,30.99188640973631,330.07076853729995,25.56332115618714,28.325226506568253,35.5193722778646,102738.50706613644,152471.45069440888,98.4794061302682,0.13012046256724805,0.34862784968533866,14.337883141762454,0.10382267705651847,0.026297785510729577,25.58886529680365,46.5,76954.51,1890.0,33.586643835616435,2050.309,1,typical,phoenix_ssp585_mid_2050s_typical_2050
b9d381afdc984c653b12fe2fea4a1b8cfffd0515044bebb8f6bdf2ec56ebdfd6,Phoenix,ssp245,baseline_2020s,2028,16704.0,4437.0,26.575918043582377,40.1,31.089925625422584,338.05161144917736,25.412237573902395,27.31006876836807,35.80017975267175,105128.17286089987,155774.0631642219,98.32974137931035,0.11064517685847108,0.22832586419768627,6.836685823754789,0.08294000787445491,0.027705168984016176,25.18585496357013,45.27,74823.27000000002,1520.0,33.69467213114754,2102.805,1,hot,phoenix_ssp245_baseline_2020s_hot_2028
ba06bc939ec64c5432932450359cc848a4ff1e4e8f9315979df395ffaae6c287,Houston,ssp245,near_2030s,2033,16704.0,4437.0,22.859603388409965,34.16,69.07302231237323,284.89474870407935,25.298688565283623,27.994168481355903,49.2742053626428,86861.71802019101,130494.49964212049,98.4853927203065,0.09835535754420635,0.25500281691085536,9.770114942528735,0.06817882860135607,0.03017652894285028,21.46728424657534,36.21,48579.83,76.0,74.03778538812786,1766.14,1,typical,houston_ssp245_near_2030s_typical_2033
bbe77402449ca1ad211b9a4871f9eb6673bd74141992af627c86468284b1666c,Guangzhou,ssp585,late_2080s,2086,16704.0,4437.0,28.018019935344828,36.647124999999996,69.29096236195628,302.20306513409963,26.679070741365557,30.14768078527354,53.1534979197518,99385.4297725281,137779.58230628638,98.21599616858238,0.1743100004364675,0.3690107238851487,37.82926245210728,0.1517183873466261,0.022591613089841363,27.261615296803654,39.14,86503.79000000001,909.0,72.0513698630137,1874.719,2,heatwave_extreme;hot,guangzhou_ssp585_late_2080s_heatwave_extreme_2086;guangzhou_ssp585_late_2080s_hot_2086
bd726b1a25a86a295efefe0abdd3737d00821f926fa519dd614827b7afe53b78,Houston,ssp585,baseline_2020s,2025,16704.0,4437.0,22.741843271072792,34.24,68.9490646833446,288.780707685373,25.36446439464045,28.06837158048308,48.90554822991089,86742.24125514217,130401.3646241149,98.38362068965517,0.10115669216714011,0.26419607594454037,11.16499042145594,0.07229101701404979,0.02886567515309033,21.306101598173512,36.65,48976.67,97.0,73.93344748858448,1792.174,2,heatwave_extreme;typical,houston_ssp585_baseline_2020s_heatwave_extreme_2025;houston_ssp585_baseline_2020s_typical_2025
bf9759440ae424f2dc2fc422658cc7e0162e0f23e468d3faaba7f01d0cdbd9b0,Houston,ssp245,near_2030s,2039,16704.0,4437.0,23.227811602011492,34.24,69.06017579445572,292.3529411764706,25.3885703576949,28.099583098133195,49.50370128744353,88843.71706866223,131248.64049563202,98.34171455938697,0.10042725405525336,0.26412204784108295,10.698036398467432,0.07089773383377969,0.029529520221473676,21.794448630136987,36.99,49450.54,94.0,74.02876712328766,1816.708,1,heatwave_extreme,houston_ssp245_near_2030s_heatwave_extreme_2039
c1697c40ebe6add96a7be6a0fa4367d514da06894a527e18c07045ef32c13d13,Houston,ssp245,mid_2050s,2056,16704.0,4437.0,25.137313817049808,33.82,69.07662835249042,296.113815641199,25.484548668490156,27.486401165352483,51.605524942923175,95874.00561812654,134863.6269581417,98.20402298850574,0.09339067875228106,0.20886438878873978,5.8309386973180075,0.06405152646288509,0.029339152289395987,23.846024590163932,36.08,57130.10999999999,61.0,74.03802367941712,1840.066,1,hot,houston_ssp245_mid_2050s_hot_2056
c300d09204ecbaf191b6772309ac6fb939da35572eed2f7060c8876d5e1b4b0b,Houston,ssp245,late_2080s,2086,16704.0,4437.0,23.927198874521075,34.15,69.06400721208023,290.4185260311021,25.402692523156635,27.840895179779995,50.32766175340475,90817.97881049407,132442.6193323068,98.35967432950191,0.0966864581937858,0.24660345730371747,8.75838122605364,0.06734377929509576,0.029342678898690022,22.6453299086758,36.16,52968.35,105.0,74.03356164383561,1801.98,1,typical,houston_ssp245_late_2080s_typical_2086
c59e593170b885590963a450393a139e37ee43e6f4c93fc2d80ce81b9c7b56b4,Houston,ssp245,near_2030s,2038,16704.0,4437.0,25.1849533045977,34.18,69.06445796709488,302.2249267523101,25.59551276954273,27.940821700038835,51.6702737560395,96190.80633464284,133484.26327038457,98.30579501915709,0.10182266470129152,0.25113079347802925,9.500718390804598,0.07300787657488313,0.02881478812640841,23.716302511415527,36.12,56529.62999999999,76.0,74.03595890410959,1874.751,1,hot,houston_ssp245_near_2030s_hot_2038
c5e97e6e258a40a7187b103c653cfa17e1234e7e2c2a7b83dc51f6c16c63855d,Houston,ssp585,near_2030s,2038,16704.0,4437.0,22.57303011254789,33.97,69.06445796709488,285.32837502817216,25.228504128106614,27.801739202895977,48.483819325000134,86411.83244384648,133503.5496762361,98.46743295019157,0.09570331130594792,0.23634163861007737,8.704501915708812,0.06642754709425099,0.029275764211696944,21.39776484018265,36.46,50529.95999999999,63.0,74.03595890410959,1769.869,1,typical,houston_ssp585_near_2030s_typical_2038
c7eb6c73ac06467c37f16178af8ece5ea488092e59ce146fc785d8246f150c58,Guangzhou,ssp585,near_2030s,2039,16704.0,4437.0,24.31938397988506,32.51425,69.2920892494929,251.80392156862746,25.346416590538627,27.375657208179728,49.92389401093991,91412.46992467318,131185.58370351218,98.09626436781609,0.08905451874818252,0.20358618531376102,5.20234674329502,0.05910565422040617,0.02994886452777636,23.58611415525114,34.81,57982.42,0.0,72.05182648401826,1563.47,1,typical,guangzhou_ssp585_near_2030s_typical_2039
c872d0260a9bd4ca16a799445ce3fccd15ac9dc280d7eef3ba658f4b6338a5b8,Kolkata,ssp585,late_2080s,2080,16704.0,4437.0,31.033111530172416,38.431749999999994,71.10457516339869,285.22064457967093,26.98907550762609,30.14163620668917,56.29247592095287,103205.94706638633,135244.0227008771,98.59315134099617,0.18482983126814176,0.3683319860044867,40.64894636015325,0.1641869312544183,0.020642900013723427,29.845851548269582,42.84,104410.73,1109.0,75.42930327868852,1775.42,2,heatwave_extreme;hot,kolkata_ssp585_late_2080s_heatwave_extreme_2080;kolkata_ssp585_late_2080s_hot_2080
c87dac4945f87f74a748fe0edf61b966f519325ccb7a39f4d4886d952af9b744,Guangzhou,ssp245,near_2030s,2034,16704.0,4437.0,24.582320102969344,32.58,69.26617083615055,247.17940049583052,25.364179265766655,27.492866022415257,50.42064782349087,91499.67165441191,129605.84138895271,98.27586206896551,0.08943690703715776,0.20910681818301474,5.729166666666666,0.05910275421505419,0.030334152822103562,23.82314726027397,35.94,57155.91,19.0,72.03310502283105,1533.277,1,heatwave_extreme,guangzhou_ssp245_near_2030s_heatwave_extreme_2034
caa54723021bdca1a46f6a8e463c43283e6c12a1d4f3fa54b6e272b390e9bde1,Beijing,ssp585,near_2030s,2032,16704.0,4437.0,15.477539511494255,30.9125,52.5805724588686,263.66892044173994,24.405077250338607,26.603701375897398,34.58251650615436,72432.43080045363,137132.21218311667,98.32974137931035,0.08624923414429402,0.13358526966844986,1.9636015325670497,0.060211677358162824,0.02603755678613117,14.343623633879782,34.89,26596.07,0.0,56.20742258652095,1639.167,1,typical,beijing_ssp585_near_2030s_typical_2032
ce0bb182ac33fbcfe603bad9d9790f6f55884d4cfd97d5edcb2cd76c69bdf3e2,Houston,ssp585,mid_2050s,2059,16704.0,4437.0,24.158936182950196,34.94,69.07685372999775,283.9553752535497,25.512533785375343,28.434494909599113,50.48720252166649,89546.3174423786,131624.81328032142,98.38362068965517,0.10900705101938125,0.2959683319243291,14.475574712643677,0.08030460649352113,0.028702444525860116,22.709285388127853,37.35,55983.36,265.0,74.04486301369863,1762.719,1,heatwave_extreme,houston_ssp585_mid_2050s_heatwave_extreme_2059
d1af0d8c4fd91d0afa29a0e6e6d01cd2ca6c1b505e847c9e715f4bc78c4a127e,Phoenix,ssp245,near_2030s,2039,16704.0,4437.0,27.13926005747126,42.255,30.990759522199685,339.307414919991,25.581988722618004,27.819221643580352,36.18651229645842,106269.13332439077,156440.04500799114,98.49137931034483,0.126422102540669,0.29301783357125993,12.320402298850574,0.09860184367486002,0.027820258865808932,25.913566210045666,45.84,78472.91,1872.0,33.57511415525114,2106.122,2,heatwave_extreme;hot,phoenix_ssp245_near_2030s_heatwave_extreme_2039;phoenix_ssp245_near_2030s_hot_2039
d49e8ee21631095c419a90dd5eb4fd42d6052c2bce708c32b5137ffd775dff9f,Guangzhou,ssp245,near_2030s,2038,16704.0,4437.0,25.064994312739465,32.754999999999995,69.27901735406806,269.0216362407032,25.56623023275888,27.959136110070087,50.72716676466993,94969.55052540608,130389.06478316407,98.19204980842912,0.10047022446894095,0.2587861836639541,9.524664750957855,0.07203919937859642,0.02843102509034455,24.369139269406393,35.28,62930.05,8.0,72.04212328767123,1667.199,1,hot,guangzhou_ssp245_near_2030s_hot_2038
d4f07153612838a5cd607b7750e13b73cc42cfdf29668e0a6aa23e3c9e18f62b,Houston,ssp585,baseline_2020s,2026,16704.0,4437.0,22.818454262452107,33.835,69.08203741266621,294.5812485913906,25.298667144345416,27.806544332071894,48.67275936043956,88424.17534551154,133659.1205243559,98.32375478927203,0.09574573222246564,0.23650711301403735,8.183668582375478,0.06721432368223254,0.028531408540233127,21.498971461187217,37.11,51515.969999999994,51.0,74.05022831050228,1826.937,1,hot,houston_ssp585_baseline_2020s_hot_2026
d62975ab99f71c4d68d31826860f67aa16ffbdcd09d6c598ca6cf8699084666a,Guangzhou,ssp245,late_2080s,2084,16704.0,4437.0,25.433486290708814,33.36,69.27766508902411,256.9269776876268,25.580672696188,27.97515378552036,50.96879575629255,94300.5690840913,133355.2853118936,98.3117816091954,0.10128355181471957,0.2569765332108363,9.398946360153257,0.07259598019306349,0.028687571621656104,24.62897427140255,35.82,65314.380000000005,23.0,72.03950364298726,1599.699,1,typical,guangzhou_ssp245_late_2080s_typical_2084
d8d5af555ea767be8f72c08cb229d2cc0d0bf5d4341bf257c37a842a9f000ebe,Kolkata,ssp585,near_2030s,2030,16704.0,4437.0,26.926329322318008,34.75,71.09871534820824,265.727293216137,25.7185747882889,28.00249019090659,52.584103297329406,97658.80694882569,132170.63105562908,98.62308429118774,0.10544246249901498,0.26937724348545694,11.003352490421456,0.0776404600867121,0.02780200241230286,25.76586529680365,39.52,72092.87,265.0,75.4337899543379,1649.85,1,hot,kolkata_ssp585_near_2030s_hot_2030
d91bdc4d2d263ac6f9d436e85618550452705ac9c42f40fdba3deff4e3ab76e0,Phoenix,ssp585,near_2030s,2034,16704.0,4437.0,26.562105184386972,40.795,31.076853729997747,342.0660356096462,25.45346291056644,27.42337858632913,35.650507874635665,105362.4639302099,155998.58163978005,98.21599616858238,0.11582715417973437,0.2415714808111079,7.968151340996169,0.08796607534642199,0.027861078833312358,25.2081301369863,49.3,74176.05,1594.0,33.64920091324201,2121.79,1,typical,phoenix_ssp585_near_2030s_typical_2034
db4a33da8c78b1c9405f7680e4f5f24c7d523fb5b382d3fcbed250f3a3e4ef5e,Kolkata,ssp585,mid_2050s,2059,16704.0,4437.0,30.522600574712644,37.77924999999999,71.11268875366238,278.6069416272256,26.81871990592401,29.523954060447355,55.99756109689029,102568.07686811582,135135.57235881418,98.3896072796935,0.17897539900372333,0.3588044455593141,39.990421455938694,0.15738794221137256,0.021587456792350766,29.378026255707763,40.69,100314.69,961.0,75.44577625570776,1728.296,2,heatwave_extreme;hot,kolkata_ssp585_mid_2050s_heatwave_extreme_2059;kolkata_ssp585_mid_2050s_hot_2059
dd901e9649c2674cdced993e8f00ed69849eead51f08823f55f32ca2edf649af,Ahmedabad,ssp245,baseline_2020s,2025,16704.0,4437.0,29.246216175766282,37.955,52.91390579220194,318.46540455262567,25.854149864180457,27.740620283759878,49.955550928367266,108800.05374015686,146525.9140740954,98.23395593869732,0.11244168975303144,0.24541577176346133,9.746168582375478,0.08468992819013146,0.0277517615629,27.845284246575343,43.87,87476.30000000002,840.0,56.37625570776256,1977.121,1,typical,ahmedabad_ssp245_baseline_2020s_typical_2025
e1a396ce14cdae050d4a276f4bf5e20b254f65d8f116954665771888b46ff24b,Beijing,ssp245,baseline_2020s,2026,16704.0,4437.0,13.84555016762452,29.652124999999995,52.58620689655172,238.30155510480054,24.10993114602236,25.61561578198907,33.093365102028955,66393.26486148198,129816.540744654,98.11422413793103,0.0805422764132158,0.11462774195320283,0.4130747126436782,0.05300605929206722,0.02753621712114858,12.92660388127854,34.03,22252.75,0.0,56.2384703196347,1480.341,1,typical,beijing_ssp245_baseline_2020s_typical_2026
e47aa5c1305aefffea0d6dd517f7197da0bead4506fcbd6f0a2b8a4601c115dc,Phoenix,ssp245,mid_2050s,2054,16704.0,4437.0,26.709185225095787,41.774249999999995,30.991661032228983,341.6096461573135,25.51277094392937,27.670481582936727,35.59967145086094,105657.14675497665,155618.34898241906,98.31776819923371,0.12147799161378352,0.27776877768648167,10.195162835249043,0.09408606252291668,0.027391929090866827,25.475519406392692,49.1,76296.23999999999,1772.0,33.56860730593608,2121.124,1,typical,phoenix_ssp245_mid_2050s_typical_2054
ea6ebe492d13130fb6aec9ec2976fce52907ee108f04774ef852e328a84e5c61,Ahmedabad,ssp585,near_2030s,2037,16704.0,4437.0,29.282824173850575,38.9,52.95402298850575,310.1778228532792,25.921477008233754,28.03462667936489,50.002734086285216,107095.15710558448,144079.16183893514,98.40158045977012,0.11864070820842265,0.2737146774920013,11.488266283524904,0.09116926060910402,0.027471447599318626,27.96179337899543,46.88,89639.37999999999,1156.0,56.412100456621005,1923.366,2,heatwave_extreme;hot,ahmedabad_ssp585_near_2030s_heatwave_extreme_2037;ahmedabad_ssp585_near_2030s_hot_2037
f02b0a102d7199a5ee742ff1a3df437c05286005d29b1a16657869ca81e1a681,Houston,ssp245,baseline_2020s,2027,16704.0,4437.0,23.275954561781607,32.769999999999996,69.0764029749831,290.4074825332432,25.205774685484304,27.198771574144853,49.57675299912603,90237.93657531874,134303.07633358476,98.19803639846744,0.08432182478872714,0.18263152688508844,3.9870689655172415,0.053596465871792016,0.030725358916935123,21.97594292237443,35.74,47709.91,14.0,74.0412100456621,1802.215,1,typical,houston_ssp245_baseline_2020s_typical_2027
f048600e107d3173126e85da0a89ac55813c8bbf00ef033ada4eb40110b05b3b,Kolkata,ssp245,near_2030s,2031,16704.0,4437.0,28.07822826867816,34.667500000000004,71.0937570430471,272.6533693937345,26.07261778814363,28.689295257685284,53.83806277317306,99508.7292652451,134455.18622574178,98.22198275862068,0.12709239289229834,0.3054542258645718,20.288553639846743,0.10129503054840719,0.025797362343891114,26.868886986301373,37.71,80007.81,192.0,75.42648401826484,1691.882,1,hot,kolkata_ssp245_near_2030s_hot_2031
f652225dc0a394e8113ba06e69842636bf6438810f12cda7f9aa8c36d936c36c,Guangzhou,ssp585,baseline_2020s,2028,16704.0,4437.0,24.114099916187744,32.494625,69.26098715348208,257.7076853729998,25.392552881742958,27.67466551680143,49.822502010326865,91537.8129778653,131186.64963382253,98.46743295019157,0.09287880798952967,0.23221435615792843,7.291666666666667,0.06320248053763088,0.029676327451898785,23.386930783242256,34.76,57045.38,0.0,72.03085154826958,1603.0,1,hot,guangzhou_ssp585_baseline_2020s_hot_2028
fbe06d88b8e88faccbe0576f38acde9f6af8aca575622af34d25e7af977f3e3d,Beijing,ssp585,near_2030s,2030,16704.0,4437.0,13.915742935823754,32.0,52.56952896100969,268.9691232814965,24.211843894760005,26.936039441522524,33.629543832038095,69873.68618937365,137546.34621065887,98.12021072796935,0.09249432222150364,0.15886155795305967,3.484195402298851,0.06535368740574532,0.027140634815758315,12.897333333333332,37.24,28829.94,59.0,56.23835616438356,1670.123,1,heatwave_extreme,beijing_ssp585_near_2030s_heatwave_extreme_2030
fc7ee2a2821718a92ee217eed43b6d3ebe4a4ab13c0e2c099efaa707d7537cdd,Beijing,ssp585,baseline_2020s,2029,16704.0,4437.0,14.044298670977012,31.26,52.606490872210955,257.9943655623169,24.235012863779126,26.703857944300466,33.40959091183553,69095.45301186702,133381.35272665,98.06633141762453,0.08874339955773265,0.1399808037925201,2.8436302681992336,0.06180053135246858,0.026942868205264075,13.001245433789954,35.83,25597.460000000003,14.0,56.2791095890411,1601.965,2,heatwave_extreme;hot,beijing_ssp585_baseline_2020s_heatwave_extreme_2029;beijing_ssp585_baseline_2020s_hot_2029
fda339e2f6101bbec6afa10b5c292dbedd3e9fee50bdd8f300c19ec2b4dcbc84,Guangzhou,ssp245,mid_2050s,2054,16704.0,4437.0,24.95733896072797,33.122125,69.29366689204417,269.6418751408609,25.55425029384345,27.882161515469164,50.414381798292965,94432.37118223579,134748.73504605767,98.49137931034483,0.10025067440764107,0.25036738413541254,9.219348659003831,0.07221092892520631,0.028039745482434774,24.05900913242009,36.02,62981.83,18.0,72.05810502283104,1669.705,1,typical,guangzhou_ssp245_mid_2050s_typical_2054
